distrito_id,circu_norm,seccion_id,seccion_nombre,circuito_id,electores
1,1,1,Comuna 01,00001,10297
1,10,1,Comuna 01,00010,11050
1,100,9,Comuna 09,00100,13959
1,101,9,Comuna 09,00101,17110
1,102,10,Comuna 10,00102,13189
1,103,10,Comuna 10,00103,12562
1,104,10,Comuna 10,00104,12287
1,105,10,Comuna 10,00105,18578
1,106,10,Comuna 10,00106,11367
1,107,10,Comuna 10,00107,19102
1,108,10,Comuna 10,00108,11702
1,109,10,Comuna 10,00109,18761
1,11,1,Comuna 01,00011,11936
1,110,10,Comuna 10,00110,9783
1,111,10,Comuna 10,00111,11443
1,112,10,Comuna 10,00112,8293
1,113,11,Comuna 11,00113,12636
1,114,11,Comuna 11,00114,16921
1,115,11,Comuna 11,00115,12050
1,116,11,Comuna 11,00116,17215
1,117,11,Comuna 11,00117,18168
1,118,11,Comuna 11,00118,14366
1,119,11,Comuna 11,00119,17824
1,12,1,Comuna 01,00012,10569
1,120,11,Comuna 11,00120,18940
1,121,11,Comuna 11,00121,15257
1,122,11,Comuna 11,00122,13545
1,123,11,Comuna 11,00123,14334
1,124,12,Comuna 12,00124,16304
1,125,12,Comuna 12,00125,21641
1,126,12,Comuna 12,00126,17761
1,127,12,Comuna 12,00127,24410
1,128,12,Comuna 12,00128,20079
1,129,12,Comuna 12,00129,26226
1,13,1,Comuna 01,00013,11874
1,130,12,Comuna 12,00130,17921
1,131,12,Comuna 12,00131,5700
1,132,12,Comuna 12,00132,20398
1,133,12,Comuna 12,00133,20379
1,134,13,Comuna 13,00134,8742
1,135,13,Comuna 13,00135,12172
1,136,13,Comuna 13,00136,14432
1,137,13,Comuna 13,00137,13896
1,138,13,Comuna 13,00138,28555
1,139,13,Comuna 13,00139,18158
1,14,1,Comuna 01,00014,5070
1,140,13,Comuna 13,00140,8641
1,141,13,Comuna 13,00141,14730
1,142,13,Comuna 13,00142,24869
1,143,13,Comuna 13,00143,17639
1,144,13,Comuna 13,00144,8027
1,145,13,Comuna 13,00145,15138
1,146,13,Comuna 13,00146,11297
1,147,13,Comuna 13,00147,20253
1,148,14,Comuna 14,00148,22403
1,149,14,Comuna 14,00149,25722
1,15,1,Comuna 01,00015,8126
1,150,14,Comuna 14,00150,13014
1,151,14,Comuna 14,00151,26478
1,152,14,Comuna 14,00152,19988
1,153,14,Comuna 14,00153,23095
1,154,14,Comuna 14,00154,26347
1,155,14,Comuna 14,00155,24178
1,156,14,Comuna 14,00156,9693
1,157,14,Comuna 14,00157,16094
1,158,15,Comuna 15,00158,19591
1,159,15,Comuna 15,00159,12080
1,16,1,Comuna 01,00016,8174
1,160,15,Comuna 15,00160,22795
1,161,15,Comuna 15,00161,19725
1,162,15,Comuna 15,00162,16378
1,163,15,Comuna 15,00163,12342
1,164,15,Comuna 15,00164,11881
1,165,15,Comuna 15,00165,19739
1,166,15,Comuna 15,00166,16234
1,167,15,Comuna 15,00167,12810
1,17,1,Comuna 01,00017,11630
1,18,1,Comuna 01,00018,7232
1,19,1,Comuna 01,00019,11335
1,2,1,Comuna 01,00002,9434
1,20,2,Comuna 02,00020,11413
1,21,2,Comuna 02,00021,9670
1,22,2,Comuna 02,00022,15407
1,23,2,Comuna 02,00023,19332
1,24,2,Comuna 02,00024,12504
1,25,2,Comuna 02,00025,12409
1,26,2,Comuna 02,00026,16190
1,27,2,Comuna 02,00027,12132
1,28,2,Comuna 02,00028,17193
1,29,2,Comuna 02,00029,11529
1,3,1,Comuna 01,00003,3025
1,30,3,Comuna 03,00030,11126
1,31,3,Comuna 03,00031,12372
1,32,3,Comuna 03,00032,10701
1,33,3,Comuna 03,00033,9379
1,34,3,Comuna 03,00034,13687
1,35,3,Comuna 03,00035,12120
1,36,3,Comuna 03,00036,8126
1,37,3,Comuna 03,00037,10497
1,38,3,Comuna 03,00038,12163
1,39,3,Comuna 03,00039,12581
1,4,1,Comuna 01,00004,2470
1,40,3,Comuna 03,00040,9317
1,41,3,Comuna 03,00041,17692
1,42,3,Comuna 03,00042,15305
1,43,4,Comuna 04,00043,11928
1,44,4,Comuna 04,00044,9002
1,45,4,Comuna 04,00045,7054
1,46,4,Comuna 04,00046,6309
1,47,4,Comuna 04,00047,18679
1,48,4,Comuna 04,00048,14035
1,49,4,Comuna 04,00049,11910
1,5,1,Comuna 01,00005,11609
1,50,4,Comuna 04,00050,13708
1,51,4,Comuna 04,00051,9841
1,52,4,Comuna 04,00052,11943
1,53,4,Comuna 04,00053,14046
1,54,4,Comuna 04,00054,14926
1,55,4,Comuna 04,00055,9696
1,56,4,Comuna 04,00056,8964
1,57,4,Comuna 04,00057,18535
1,58,5,Comuna 05,00058,14000
1,59,5,Comuna 05,00059,12657
1,6,1,Comuna 01,00006,15145
1,60,5,Comuna 05,00060,15505
1,61,5,Comuna 05,00061,14703
1,62,5,Comuna 05,00062,10034
1,63,5,Comuna 05,00063,19323
1,64,5,Comuna 05,00064,21052
1,65,5,Comuna 05,00065,13368
1,66,5,Comuna 05,00066,12948
1,67,5,Comuna 05,00067,19824
1,68,6,Comuna 06,00068,19508
1,69,6,Comuna 06,00069,28471
1,7,1,Comuna 01,00007,7748
1,70,6,Comuna 06,00070,25755
1,71,6,Comuna 06,00071,30643
1,72,6,Comuna 06,00072,13312
1,73,6,Comuna 06,00073,17514
1,74,6,Comuna 06,00074,23973
1,75,7,Comuna 07,00075,10265
1,76,7,Comuna 07,00076,16301
1,77,7,Comuna 07,00077,13221
1,78,7,Comuna 07,00078,10738
1,79,7,Comuna 07,00079,13388
1,8,1,Comuna 01,00008,8332
1,80,7,Comuna 07,00080,13224
1,81,7,Comuna 07,00081,12476
1,82,7,Comuna 07,00082,14454
1,83,7,Comuna 07,00083,20289
1,84,7,Comuna 07,00084,10963
1,85,7,Comuna 07,00085,7707
1,86,7,Comuna 07,00086,31141
1,87,8,Comuna 08,00087,33671
1,88,8,Comuna 08,00088,16012
1,89,8,Comuna 08,00089,48685
1,9,1,Comuna 01,00009,11146
1,90,8,Comuna 08,00090,48326
1,91,9,Comuna 09,00091,10292
1,92,9,Comuna 09,00092,13450
1,93,9,Comuna 09,00093,8264
1,94,9,Comuna 09,00094,10757
1,95,9,Comuna 09,00095,17335
1,96,9,Comuna 09,00096,11856
1,97,9,Comuna 09,00097,11708
1,98,9,Comuna 09,00098,21602
1,99,9,Comuna 09,00099,10991
10,1,1,Dr. Manuel Belgrano,00001,7876
10,100A,12,Cochinoca,0100A,595
10,100B,12,Cochinoca,0100B,25
10,101,12,Cochinoca,00101,165
10,102A,12,Cochinoca,0102A,208
10,102B,12,Cochinoca,0102B,107
10,103,12,Cochinoca,00103,74
10,104,12,Cochinoca,00104,201
10,105,12,Cochinoca,00105,268
10,106A,12,Cochinoca,0106A,415
10,106B,12,Cochinoca,0106B,446
10,107,12,Cochinoca,00107,412
10,108,13,Rinconada,00108,736
10,109,13,Rinconada,00109,332
10,109A,13,Rinconada,0109A,106
10,10A,1,Dr. Manuel Belgrano,0010A,48192
10,10B,1,Dr. Manuel Belgrano,0010B,65295
10,11,1,Dr. Manuel Belgrano,00011,3906
10,110,13,Rinconada,00110,239
10,111A,13,Rinconada,0111A,168
10,111B,13,Rinconada,0111B,70
10,112A,14,Santa Catalina,0112A,604
10,112B,14,Santa Catalina,0112B,92
10,113,14,Santa Catalina,00113,48
10,114,14,Santa Catalina,00114,363
10,114A,14,Santa Catalina,0114A,251
10,115A,14,Santa Catalina,0115A,187
10,115B,14,Santa Catalina,0115B,122
10,116A,14,Santa Catalina,0116A,144
10,116B,14,Santa Catalina,0116B,339
10,116C,14,Santa Catalina,0116C,316
10,117,14,Santa Catalina,00117,89
10,118,15,Yavi,00118,15029
10,119,15,Yavi,00119,892
10,12,1,Dr. Manuel Belgrano,00012,813
10,120,15,Yavi,00120,881
10,121,15,Yavi,00121,86
10,122,15,Yavi,00122,426
10,123,15,Yavi,00123,527
10,124,15,Yavi,00124,383
10,125A,16,Susques,0125A,313
10,125B,16,Susques,0125B,251
10,125C,16,Susques,0125C,113
10,126A,16,Susques,0126A,471
10,126B,16,Susques,0126B,1388
10,126C,16,Susques,0126C,206
10,127A,16,Susques,0127A,296
10,127B,16,Susques,0127B,441
10,13,1,Dr. Manuel Belgrano,00013,215
10,14,1,Dr. Manuel Belgrano,00014,19784
10,15,1,Dr. Manuel Belgrano,00015,53
10,16,1,Dr. Manuel Belgrano,00016,324
10,17,1,Dr. Manuel Belgrano,00017,89
10,18,1,Dr. Manuel Belgrano,00018,7974
10,19,1,Dr. Manuel Belgrano,00019,3068
10,2,1,Dr. Manuel Belgrano,00002,1966
10,20,1,Dr. Manuel Belgrano,00020,112
10,21,1,Dr. Manuel Belgrano,00021,3397
10,22,2,Palpalá,00022,47848
10,23,2,Palpalá,00023,298
10,24,2,Palpalá,00024,435
10,25A,3,San Antonio,0025A,2746
10,25B,3,San Antonio,0025B,2752
10,26,3,San Antonio,00026,92
10,27,3,San Antonio,00027,447
10,28,4,El Carmen,00028,15022
10,29,4,El Carmen,00029,170
10,3,1,Dr. Manuel Belgrano,00003,2370
10,30,4,El Carmen,00030,695
10,31,4,El Carmen,00031,41255
10,32,4,El Carmen,00032,17275
10,33A,4,El Carmen,0033A,2633
10,33B,4,El Carmen,0033B,490
10,34,4,El Carmen,00034,3603
10,35,4,El Carmen,00035,3093
10,36,5,San Pedro,00036,51160
10,37,5,San Pedro,00037,3692
10,38,5,San Pedro,00038,1191
10,39,5,San Pedro,00039,1108
10,4,1,Dr. Manuel Belgrano,00004,6161
10,40,5,San Pedro,00040,1694
10,41,5,San Pedro,00041,310
10,42A,5,San Pedro,0042A,521
10,42B,5,San Pedro,0042B,211
10,43,5,San Pedro,00043,948
10,45,5,San Pedro,00045,3884
10,46,5,San Pedro,00046,1026
10,48,6,Santa Bárbara,00048,4796
10,49,6,Santa Bárbara,00049,677
10,5,1,Dr. Manuel Belgrano,00005,5791
10,50,6,Santa Bárbara,00050,2305
10,51A,6,Santa Bárbara,0051A,919
10,51B,6,Santa Bárbara,0051B,2482
10,52,6,Santa Bárbara,00052,4284
10,53,7,Ledesma,00053,36792
10,54,7,Ledesma,00054,864
10,57,7,Ledesma,00057,95
10,6,1,Dr. Manuel Belgrano,00006,6211
10,60,7,Ledesma,00060,24
10,61,7,Ledesma,00061,53
10,64,7,Ledesma,00064,7248
10,66,7,Ledesma,00066,12088
10,67,7,Ledesma,00067,1029
10,69,7,Ledesma,00069,6728
10,7,1,Dr. Manuel Belgrano,00007,22751
10,70,7,Ledesma,00070,4345
10,71A,8,Valle Grande,0071A,368
10,71B,8,Valle Grande,0071B,674
10,72,8,Valle Grande,00072,54
10,73A,8,Valle Grande,0073A,709
10,73B,8,Valle Grande,0073B,21
10,74A,8,Valle Grande,0074A,439
10,74B,8,Valle Grande,0074B,241
10,75,8,Valle Grande,00075,400
10,76,9,Tumbaya,00076,947
10,77,9,Tumbaya,00077,143
10,78,9,Tumbaya,00078,1772
10,79,9,Tumbaya,00079,1598
10,8,1,Dr. Manuel Belgrano,00008,22795
10,80,9,Tumbaya,00080,32
10,81,9,Tumbaya,00081,221
10,82,9,Tumbaya,00082,415
10,83,10,Tilcara,00083,5807
10,84A,10,Tilcara,0084A,57
10,84B,10,Tilcara,0084B,68
10,85,10,Tilcara,00085,35
10,85B,10,Tilcara,0085B,42
10,86,10,Tilcara,00086,235
10,87,10,Tilcara,00087,3890
10,88A,10,Tilcara,0088A,1506
10,88B,10,Tilcara,0088B,289
10,89,10,Tilcara,00089,37
10,9,1,Dr. Manuel Belgrano,00009,647
10,90A,11,Humahuaca,0090A,10400
10,90B,11,Humahuaca,0090B,138
10,90C,11,Humahuaca,0090C,27
10,91,11,Humahuaca,00091,160
10,92A,11,Humahuaca,0092A,734
10,92B,11,Humahuaca,0092B,42
10,92C,11,Humahuaca,0092C,52
10,93,11,Humahuaca,00093,93
10,94,11,Humahuaca,00094,539
10,95,11,Humahuaca,00095,382
10,96A,11,Humahuaca,0096A,153
10,96B,11,Humahuaca,0096B,97
10,97,11,Humahuaca,00097,1216
10,98,11,Humahuaca,00098,695
10,99A,12,Cochinoca,0099A,8245
10,99B,12,Cochinoca,0099B,34
11,1,1,Atreucó,00001,1582
11,10,2,Capital,00010,50132
11,11,3,Caleu Caleu,00011,2237
11,13,4,Catriló,00013,4244
11,14,4,Catriló,00014,79
11,15,4,Catriló,00015,1704
11,16,4,Catriló,00016,1030
11,17,5,Chalileo,00017,36
11,18,5,Chalileo,00018,2695
11,19,6,Chapaleufú,00019,1653
11,19A,6,Chapaleufú,0019A,178
11,2,1,Atreucó,00002,4989
11,20,6,Chapaleufú,00020,335
11,21,6,Chapaleufú,00021,655
11,22,6,Chapaleufú,00022,7614
11,23,6,Chapaleufú,00023,644
11,24,7,Chical Có,00024,568
11,25,7,Chical Có,00025,906
11,26,8,Conhelo,00026,553
11,27,8,Conhelo,00027,8861
11,28,8,Conhelo,00028,361
11,29,8,Conhelo,00029,561
11,3,1,Atreucó,00003,2352
11,30,8,Conhelo,00030,239
11,31,8,Conhelo,00031,2575
11,32,9,Curacó,00032,351
11,33,9,Curacó,00033,540
11,34,10,Guatraché,00034,1909
11,35,10,Guatraché,00035,1137
11,36,10,Guatraché,00036,4675
11,37,10,Guatraché,00037,60
11,38,10,Guatraché,00038,527
11,39,11,Hucal,00039,1692
11,39A,11,Hucal,0039A,406
11,4,1,Atreucó,00004,743
11,40,11,Hucal,00040,2586
11,42,11,Hucal,00042,2543
11,43,12,Loventué,00043,380
11,45,12,Loventué,00045,152
11,46,12,Loventué,00046,656
11,47,12,Loventué,00047,1305
11,48,12,Loventué,00048,5678
11,49,13,Lihuel Calel,00049,272
11,5,1,Atreucó,00005,481
11,53,14,Limay Mahuida,00053,227
11,54,14,Limay Mahuida,00054,158
11,55,15,Maracó,00055,337
11,56,15,Maracó,00056,644
11,57,15,Maracó,00057,23486
11,58,15,Maracó,00058,29556
11,59,15,Maracó,00059,621
11,6,2,Capital,00006,1923
11,60,15,Maracó,00060,66
11,61,16,Puelén,00061,8431
11,62,16,Puelén,00062,649
11,63,17,Quemú Quemú,00063,2715
11,64,17,Quemú Quemú,00064,696
11,65,17,Quemú Quemú,00065,3594
11,66,17,Quemú Quemú,00066,158
11,67,17,Quemú Quemú,00067,46
11,68,17,Quemú Quemú,00068,590
11,69,18,Rancul,00069,2133
11,70,18,Rancul,00070,6
11,71,18,Rancul,00071,1294
11,72,18,Rancul,00072,2137
11,73,18,Rancul,00073,255
11,74,18,Rancul,00074,438
11,75,18,Rancul,00075,3462
11,76,19,Realicó,00076,301
11,77,19,Realicó,00077,1378
11,78,19,Realicó,00078,335
11,79,19,Realicó,00079,1262
11,80,19,Realicó,00080,219
11,81,19,Realicó,00081,4385
11,82,19,Realicó,00082,7361
11,83,20,Toay,00083,5
11,84,20,Toay,00084,8
11,85,20,Toay,00085,4
11,86,20,Toay,00086,14906
11,87,21,Trenel,00087,1067
11,88,21,Trenel,00088,601
11,89,21,Trenel,00089,3389
11,9,2,Capital,00009,44030
11,90,22,Utracán,00090,821
11,91,22,Utracán,00091,332
11,92,22,Utracán,00092,274
11,93,22,Utracán,00093,12226
11,94,22,Utracán,00094,506
11,95,22,Utracán,00095,124
12,10,4,Arauco,00010,1294
12,11,4,Arauco,00011,288
12,12,4,Arauco,00012,1273
12,13,5,San Blas de los Sauces,00013,655
12,14,5,San Blas de los Sauces,00014,567
12,15,5,San Blas de los Sauces,00015,1176
12,16,5,San Blas de los Sauces,00016,890
12,17,5,San Blas de los Sauces,00017,255
12,18A,6,Chilecito,0018A,26510
12,18B,6,Chilecito,0018B,133
12,19,6,Chilecito,00019,777
12,1A,1,Capital,0001A,2503
12,1B,1,Capital,0001B,2475
12,1C,1,Capital,0001C,4759
12,1D,1,Capital,0001D,4635
12,1E,1,Capital,0001E,1794
12,1F,1,Capital,0001F,1123
12,1G,1,Capital,0001G,1740
12,1H,1,Capital,0001H,15235
12,1I,1,Capital,0001I,17623
12,1J,1,Capital,0001J,1553
12,1K,1,Capital,0001K,3369
12,1L,1,Capital,0001L,14223
12,1M,1,Capital,0001M,11438
12,1N,1,Capital,0001N,14655
12,1O,1,Capital,0001O,2253
12,1P,1,Capital,0001P,30453
12,1Q,1,Capital,0001Q,150
12,1R,1,Capital,0001R,51
12,1S,1,Capital,0001S,122
12,1T,1,Capital,0001T,190
12,1U,1,Capital,0001U,137
12,1V,1,Capital,0001V,387
12,1W,1,Capital,0001W,137
12,1X,1,Capital,0001X,50
12,20,6,Chilecito,00020,1447
12,21,6,Chilecito,00021,1595
12,22A,6,Chilecito,0022A,2191
12,22B,6,Chilecito,0022B,307
12,23A,6,Chilecito,0023A,1592
12,23B,6,Chilecito,0023B,185
12,23C,6,Chilecito,0023C,199
12,24,6,Chilecito,00024,2896
12,25,6,Chilecito,00025,6135
12,26,7,Famatina,00026,2746
12,27,7,Famatina,00027,268
12,28A,7,Famatina,0028A,860
12,28B,7,Famatina,0028B,314
12,28C,7,Famatina,0028C,100
12,28D,7,Famatina,0028D,252
12,29A,7,Famatina,0029A,811
12,29B,7,Famatina,0029B,100
12,2A,1,Capital,0002A,9718
12,2B,1,Capital,0002B,4495
12,2C,1,Capital,0002C,9977
12,2D,1,Capital,0002D,8666
12,3,2,Sanagasta,00003,3097
12,30A,8,Coronel Felipe Varela,0030A,4276
12,30B,8,Coronel Felipe Varela,0030B,359
12,30C,8,Coronel Felipe Varela,0030C,417
12,31A,8,Coronel Felipe Varela,0031A,812
12,31B,8,Coronel Felipe Varela,0031B,272
12,31C,8,Coronel Felipe Varela,0031C,104
12,31D,8,Coronel Felipe Varela,0031D,54
12,31E,8,Coronel Felipe Varela,0031E,10
12,32,8,Coronel Felipe Varela,00032,2421
12,32A,8,Coronel Felipe Varela,0032A,324
12,32B,8,Coronel Felipe Varela,0032B,11
12,33,9,General Lamadrid,00033,1782
12,34A,10,Vinchina,0034A,2162
12,34B,10,Vinchina,0034B,33
12,35A,10,Vinchina,0035A,230
12,35B,10,Vinchina,0035B,26
12,36,11,Independencia,00036,2247
12,37A,11,Independencia,0037A,181
12,37B,11,Independencia,0037B,84
12,38A,12,Chamical,0038A,12444
12,38B,12,Chamical,0038B,23
12,39,12,Chamical,00039,187
12,4,3,Castro Barros,00004,1042
12,40A,12,Chamical,0040A,20
12,40B,12,Chamical,0040B,32
12,41A,13,Ángel Vicente Peñaloza,0041A,1475
12,41B,13,Ángel Vicente Peñaloza,0041B,481
12,41C,13,Ángel Vicente Peñaloza,0041C,135
12,41D,13,Ángel Vicente Peñaloza,0041D,109
12,41E,13,Ángel Vicente Peñaloza,0041E,147
12,41F,13,Ángel Vicente Peñaloza,0041F,95
12,41G,13,Ángel Vicente Peñaloza,0041G,75
12,41H,13,Ángel Vicente Peñaloza,0041H,154
12,42,14,General Belgrano,00042,5302
12,43,14,General Belgrano,00043,199
12,44,14,General Belgrano,00044,250
12,45A,14,General Belgrano,0045A,846
12,45B,14,General Belgrano,0045B,67
12,46,14,General Belgrano,00046,79
12,47A,15,General Juan Facundo Quiroga,0047A,1397
12,47B,15,General Juan Facundo Quiroga,0047B,71
12,48A,15,General Juan Facundo Quiroga,0048A,248
12,48B,15,General Juan Facundo Quiroga,0048B,399
12,49A,15,General Juan Facundo Quiroga,0049A,129
12,49B,15,General Juan Facundo Quiroga,0049B,15
12,49C,15,General Juan Facundo Quiroga,0049C,49
12,49D,15,General Juan Facundo Quiroga,0049D,1013
12,50,15,General Juan Facundo Quiroga,00050,170
12,51A,16,General Ortiz de Ocampo,0051A,2154
12,51B,16,General Ortiz de Ocampo,0051B,219
12,52A,16,General Ortiz de Ocampo,0052A,3632
12,52B,16,General Ortiz de Ocampo,0052B,11
12,53,16,General Ortiz de Ocampo,00053,250
12,54A,16,General Ortiz de Ocampo,0054A,316
12,54B,16,General Ortiz de Ocampo,0054B,154
12,55A,17,Rosario Vera Peñaloza,0055A,11593
12,55B,17,Rosario Vera Peñaloza,0055B,98
12,55C,17,Rosario Vera Peñaloza,0055C,184
12,55D,17,Rosario Vera Peñaloza,0055D,38
12,55E,17,Rosario Vera Peñaloza,0055E,83
12,56A,17,Rosario Vera Peñaloza,0056A,135
12,56B,17,Rosario Vera Peñaloza,0056B,253
12,56C,17,Rosario Vera Peñaloza,0056C,152
12,57A,17,Rosario Vera Peñaloza,0057A,597
12,57B,17,Rosario Vera Peñaloza,0057B,129
12,58A,17,Rosario Vera Peñaloza,0058A,145
12,58B,17,Rosario Vera Peñaloza,0058B,87
12,59,17,Rosario Vera Peñaloza,00059,270
12,5A,3,Castro Barros,0005A,1865
12,5B,3,Castro Barros,0005B,373
12,60,18,General San Martín,00060,3166
12,61A,18,General San Martín,0061A,61
12,61B,18,General San Martín,0061B,157
12,61C,18,General San Martín,0061C,162
12,61D,18,General San Martín,0061D,116
12,62A,18,General San Martín,0062A,165
12,62B,18,General San Martín,0062B,52
12,62C,18,General San Martín,0062C,85
12,62D,18,General San Martín,0062D,49
12,62E,18,General San Martín,0062E,197
12,6A,3,Castro Barros,0006A,457
12,6B,3,Castro Barros,0006B,191
12,7,3,Castro Barros,00007,238
12,8A,3,Castro Barros,0008A,466
12,8B,3,Castro Barros,0008B,179
12,8C,3,Castro Barros,0008C,342
12,9A,4,Arauco,0009A,9897
12,9B,4,Arauco,0009B,409
13,1,1,Capital,00001,4057
13,10,1,Capital,00010,1524
13,100,14,Santa Rosa,00100,3240
13,100A,14,Santa Rosa,0100A,70
13,100B,14,Santa Rosa,0100B,600
13,100C,14,Santa Rosa,0100C,2341
13,101,14,Santa Rosa,00101,5119
13,101A,14,Santa Rosa,0101A,11
13,102,14,Santa Rosa,00102,3453
13,103,15,La Paz,00103,7570
13,104,15,La Paz,00104,1179
13,105,15,La Paz,00105,163
13,106,15,La Paz,00106,558
13,107,16,San Rafael,00107,17481
13,107A,16,San Rafael,0107A,14561
13,107B,16,San Rafael,0107B,23882
13,107C,16,San Rafael,0107C,34402
13,108,16,San Rafael,00108,8935
13,109,16,San Rafael,00109,2845
13,11,1,Capital,00011,865
13,110,16,San Rafael,00110,10985
13,111,16,San Rafael,00111,6298
13,112,16,San Rafael,00112,8723
13,113,16,San Rafael,00113,3220
13,114,16,San Rafael,00114,1425
13,115,16,San Rafael,00115,2923
13,116,16,San Rafael,00116,1735
13,117,16,San Rafael,00117,3871
13,117A,16,San Rafael,0117A,982
13,118,16,San Rafael,00118,1394
13,119,16,San Rafael,00119,443
13,12,1,Capital,00012,1329
13,120,16,San Rafael,00120,4000
13,121,16,San Rafael,00121,4398
13,122,16,San Rafael,00122,921
13,123,16,San Rafael,00123,42
13,124,16,San Rafael,00124,323
13,125,17,Malargüe,00125,23387
13,126,17,Malargüe,00126,567
13,127,17,Malargüe,00127,181
13,127A,17,Malargüe,0127A,900
13,128,17,Malargüe,00128,258
13,129,17,Malargüe,00129,38
13,13,1,Capital,00013,1671
13,130,18,General Alvear,00130,25378
13,131,18,General Alvear,00131,6910
13,132,18,General Alvear,00132,3485
13,133,18,General Alvear,00133,1282
13,134,18,General Alvear,00134,1430
13,134A,18,General Alvear,0134A,16
13,135,18,General Alvear,00135,28
13,136,18,General Alvear,00136,27
13,14,1,Capital,00014,5413
13,15,1,Capital,00015,1733
13,16,1,Capital,00016,1358
13,17,1,Capital,00017,5564
13,18,1,Capital,00018,5873
13,18A,1,Capital,0018A,8937
13,18B,1,Capital,0018B,5345
13,19,1,Capital,00019,8152
13,2,1,Capital,00002,2022
13,20,1,Capital,00020,6628
13,21,1,Capital,00021,2056
13,22,1,Capital,00022,2633
13,22A,1,Capital,0022A,9920
13,23,1,Capital,00023,2015
13,24,1,Capital,00024,4934
13,25,2,Godoy Cruz,00025,12196
13,25A,2,Godoy Cruz,0025A,8390
13,25B,2,Godoy Cruz,0025B,3865
13,26,2,Godoy Cruz,00026,17075
13,26A,2,Godoy Cruz,0026A,31122
13,27,2,Godoy Cruz,00027,40356
13,27A,2,Godoy Cruz,0027A,7063
13,27B,2,Godoy Cruz,0027B,30231
13,28,2,Godoy Cruz,00028,9485
13,29,3,Guaymallén,00029,17224
13,29A,3,Guaymallén,0029A,24576
13,3,1,Capital,00003,1541
13,30,3,Guaymallén,00030,22452
13,30A,3,Guaymallén,0030A,15294
13,30B,3,Guaymallén,0030B,13200
13,30C,3,Guaymallén,0030C,22189
13,30D,3,Guaymallén,0030D,18352
13,30E,3,Guaymallén,0030E,22706
13,31,3,Guaymallén,00031,17702
13,31A,3,Guaymallén,0031A,5905
13,31B,3,Guaymallén,0031B,5741
13,32,3,Guaymallén,00032,29748
13,32A,3,Guaymallén,0032A,2326
13,33,3,Guaymallén,00033,19186
13,34,4,Las Heras,00034,27220
13,34A,4,Las Heras,0034A,2838
13,34B,4,Las Heras,0034B,8664
13,34C,4,Las Heras,0034C,8033
13,34D,4,Las Heras,0034D,14236
13,34E,4,Las Heras,0034E,3715
13,35,4,Las Heras,00035,16779
13,36,4,Las Heras,00036,21750
13,37,4,Las Heras,00037,23036
13,37A,4,Las Heras,0037A,19748
13,38,4,Las Heras,00038,12858
13,39,4,Las Heras,00039,4378
13,4,1,Capital,00004,2377
13,40,4,Las Heras,00040,5134
13,40A,4,Las Heras,0040A,36
13,40B,4,Las Heras,0040B,91
13,40C,4,Las Heras,0040C,114
13,41,5,Lavalle,00041,16901
13,42,5,Lavalle,00042,6916
13,43,5,Lavalle,00043,7945
13,43A,5,Lavalle,0043A,2500
13,44,5,Lavalle,00044,539
13,45,5,Lavalle,00045,781
13,46,5,Lavalle,00046,714
13,47,6,Maipú,00047,19037
13,47A,6,Maipú,0047A,19827
13,48,6,Maipú,00048,42060
13,49,6,Maipú,00049,4054
13,49A,6,Maipú,0049A,4112
13,49B,6,Maipú,0049B,2836
13,5,1,Capital,00005,3084
13,50,6,Maipú,00050,5652
13,51,6,Maipú,00051,16557
13,52,6,Maipú,00052,968
13,53,6,Maipú,00053,17378
13,54,6,Maipú,00054,13022
13,54A,6,Maipú,0054A,6341
13,55,6,Maipú,00055,318
13,56,6,Maipú,00056,1690
13,57,7,Luján de Cuyo,00057,18503
13,58,7,Luján de Cuyo,00058,13001
13,59,7,Luján de Cuyo,00059,21667
13,6,1,Capital,00006,4417
13,60,7,Luján de Cuyo,00060,15912
13,60A,7,Luján de Cuyo,0060A,3257
13,61,7,Luján de Cuyo,00061,11787
13,62,7,Luján de Cuyo,00062,291
13,62A,7,Luján de Cuyo,0062A,1372
13,63,7,Luján de Cuyo,00063,15820
13,64,7,Luján de Cuyo,00064,4890
13,65,7,Luján de Cuyo,00065,8822
13,65A,7,Luján de Cuyo,0065A,607
13,66,8,Tupungato,00066,15980
13,66A,8,Tupungato,0066A,4842
13,66B,8,Tupungato,0066B,3320
13,67,8,Tupungato,00067,1008
13,67A,8,Tupungato,0067A,2684
13,68,8,Tupungato,00068,113
13,68A,8,Tupungato,0068A,11
13,69,9,San Martín,00069,47846
13,7,1,Capital,00007,2801
13,70,9,San Martín,00070,22366
13,71,9,San Martín,00071,5011
13,72,9,San Martín,00072,3891
13,73,9,San Martín,00073,5489
13,74,9,San Martín,00074,1964
13,75,9,San Martín,00075,3338
13,76,9,San Martín,00076,4062
13,76A,9,San Martín,0076A,1972
13,76B,9,San Martín,0076B,1489
13,77,10,Junín,00077,11846
13,78,10,Junín,00078,3147
13,79,10,Junín,00079,1743
13,8,1,Capital,00008,2139
13,80,10,Junín,00080,5598
13,81,10,Junín,00081,9294
13,82,10,Junín,00082,3381
13,83,10,Junín,00083,2407
13,84,11,Rivadavia,00084,27646
13,85,11,Rivadavia,00085,2550
13,86,11,Rivadavia,00086,1621
13,86A,11,Rivadavia,0086A,1637
13,87,11,Rivadavia,00087,2270
13,88,11,Rivadavia,00088,1670
13,89,11,Rivadavia,00089,4826
13,9,1,Capital,00009,2047
13,90,11,Rivadavia,00090,3943
13,91,12,Tunuyán,00091,29917
13,92,12,Tunuyán,00092,3929
13,93,12,Tunuyán,00093,6230
13,93A,12,Tunuyán,0093A,154
13,94,12,Tunuyán,00094,1558
13,94A,12,Tunuyán,0094A,320
13,95,12,Tunuyán,00095,946
13,96,12,Tunuyán,00096,483
13,97,13,San Carlos,00097,7207
13,97A,13,San Carlos,0097A,368
13,98,13,San Carlos,00098,1807
13,98A,13,San Carlos,0098A,2452
13,99,13,San Carlos,00099,11092
13,99A,13,San Carlos,0099A,5954
14,1,1,Capital,00001,13352
14,10,2,Apóstoles,00010,23713
14,10A,2,Apóstoles,0010A,1965
14,11,2,Apóstoles,00011,6251
14,12,2,Apóstoles,00012,3706
14,12A,2,Apóstoles,0012A,197
14,13,2,Apóstoles,00013,1368
14,14,3,Candelaria,00014,5717
14,15,3,Candelaria,00015,14906
14,16,3,Candelaria,00016,953
14,17,3,Candelaria,00017,2121
14,18,3,Candelaria,00018,2454
14,19,3,Candelaria,00019,1896
14,2,1,Capital,00002,17390
14,20,3,Candelaria,00020,1323
14,21,4,Leandro N. Alem,00021,24857
14,22,4,Leandro N. Alem,00022,2203
14,23,4,Leandro N. Alem,00023,4978
14,24,4,Leandro N. Alem,00024,1884
14,25,4,Leandro N. Alem,00025,3140
14,26,4,Leandro N. Alem,00026,2032
14,27,4,Leandro N. Alem,00027,1108
14,28,4,Leandro N. Alem,00028,1422
14,29,5,Concepción,00029,6543
14,3,1,Capital,00003,17650
14,30,5,Concepción,00030,192
14,31,5,Concepción,00031,1337
14,32,6,San Javier,00032,11553
14,33,6,San Javier,00033,3233
14,34,6,San Javier,00034,1940
14,35,6,San Javier,00035,1634
14,35A,6,San Javier,0035A,293
14,36,7,San Ignacio,00036,10314
14,37,7,San Ignacio,00037,3037
14,38,7,San Ignacio,00038,5332
14,39,7,San Ignacio,00039,5763
14,3A,1,Capital,0003A,20036
14,4,1,Capital,00004,66110
14,40,7,San Ignacio,00040,2265
14,41,7,San Ignacio,00041,1447
14,42,7,San Ignacio,00042,1112
14,43,7,San Ignacio,00043,20560
14,44,8,Oberá,00044,51585
14,45,8,Oberá,00045,1301
14,46,8,Oberá,00046,3101
14,47,8,Oberá,00047,9713
14,48,8,Oberá,00048,8077
14,49,8,Oberá,00049,4895
14,4A,1,Capital,0004A,35675
14,4B,1,Capital,0004B,4482
14,5,1,Capital,00005,17683
14,50,8,Oberá,00050,5808
14,51,8,Oberá,00051,7019
14,52,8,Oberá,00052,1882
14,53,9,Libertador General San Martín,00053,18032
14,54,9,Libertador General San Martín,00054,2829
14,55,9,Libertador General San Martín,00055,5846
14,56,9,Libertador General San Martín,00056,3193
14,57,9,Libertador General San Martín,00057,7235
14,58,9,Libertador General San Martín,00058,4139
14,59,10,Cainguás,00059,11332
14,59A,13,Guaraní,0059A,36855
14,59B,10,Cainguás,0059B,2248
14,6,1,Capital,00006,10276
14,60,10,Cainguás,00060,11690
14,61,10,Cainguás,00061,13536
14,61A,10,Cainguás,0061A,5802
14,61B,10,Cainguás,0061B,2473
14,62,11,25 de Mayo,00062,9179
14,63,11,25 de Mayo,00063,9629
14,64,11,25 de Mayo,00064,4554
14,64A,11,25 de Mayo,0064A,1887
14,64B,11,25 de Mayo,0064B,998
14,65,12,Montecarlo,00065,19969
14,66,12,Montecarlo,00066,1970
14,66A,12,Montecarlo,0066A,737
14,67,12,Montecarlo,00067,7441
14,68,13,Guaraní,00068,10214
14,68B,13,Guaraní,0068B,4265
14,68C,13,Guaraní,0068C,1969
14,68D,13,Guaraní,0068D,4667
14,68E,13,Guaraní,0068E,3076
14,69,14,Eldorado,00069,25836
14,7,1,Capital,00007,29065
14,70,14,Eldorado,00070,26363
14,71,14,Eldorado,00071,5354
14,72,14,Eldorado,00072,2497
14,73,14,Eldorado,00073,3791
14,74,14,Eldorado,00074,5699
14,75,15,San Pedro,00075,16331
14,75A,15,San Pedro,0075A,2456
14,76,15,San Pedro,00076,1145
14,76A,15,San Pedro,0076A,4083
14,77,16,Iguazú,00077,14384
14,78,16,Iguazú,00078,12968
14,79,16,Iguazú,00079,6299
14,7A,1,Capital,0007A,5868
14,8,1,Capital,00008,13146
14,80,16,Iguazú,00080,17947
14,80A,16,Iguazú,0080A,26013
14,81,17,General Manuel Belgrano,00081,15305
14,82,17,General Manuel Belgrano,00082,8691
14,82A,17,General Manuel Belgrano,0082A,13651
14,8A,1,Capital,0008A,2363
14,8B,1,Capital,0008B,14474
14,8C,1,Capital,0008C,27934
14,9,1,Capital,00009,992
15,1,1,Confluencia,00001,11830
15,100,1,Confluencia,00100,8027
15,1000,10,Aluminé,01000,4936
15,1010,10,Aluminé,01010,132
15,1020,10,Aluminé,01020,137
15,103,1,Confluencia,00103,13600
15,1030,10,Aluminé,01030,782
15,1040,10,Aluminé,01040,47
15,105,1,Confluencia,00105,184
15,1050,10,Aluminé,01050,118
15,1060,10,Aluminé,01060,1638
15,1070,10,Aluminé,01070,426
15,108,1,Confluencia,00108,8650
15,1080,10,Aluminé,01080,286
15,1090,10,Aluminé,01090,64
15,11,1,Confluencia,00011,13766
15,110,1,Confluencia,00110,4139
15,1100,11,Catán Lil,01100,900
15,1120,11,Catán Lil,01120,135
15,1130,11,Catán Lil,01130,71
15,1140,11,Catán Lil,01140,38
15,115,1,Confluencia,00115,11565
15,1150,11,Catán Lil,01150,148
15,1160,11,Catán Lil,01160,64
15,1170,11,Catán Lil,01170,94
15,1180,11,Catán Lil,01180,160
15,120,1,Confluencia,00120,49
15,1200,12,Picún Leufú,01200,3562
15,1210,12,Picún Leufú,01210,430
15,1220,12,Picún Leufú,01220,366
15,130,1,Confluencia,00130,238
15,1300,13,Collón Curá,01300,3257
15,1320,13,Collón Curá,01320,438
15,1330,13,Collón Curá,01330,29
15,1340,13,Collón Curá,01340,76
15,1350,13,Collón Curá,01350,192
15,1360,13,Collón Curá,01360,40
15,140,1,Confluencia,00140,1813
15,1400,14,Huiliches,01400,13909
15,1410,14,Huiliches,01410,146
15,1420,14,Huiliches,01420,198
15,1430,14,Huiliches,01430,458
15,1440,14,Huiliches,01440,266
15,1450,14,Huiliches,01450,428
15,15,1,Confluencia,00015,762
15,150,1,Confluencia,00150,9187
15,1500,15,Lácar,01500,14122
15,1505,15,Lácar,01505,17452
15,1510,15,Lácar,01510,539
15,1520,15,Lácar,01520,244
15,1530,15,Lácar,01530,25
15,1540,15,Lácar,01540,223
15,155,1,Confluencia,00155,300
15,1550,15,Lácar,01550,237
15,1560,15,Lácar,01560,61
15,1570,15,Lácar,01570,335
15,1580,15,Lácar,01580,78
15,16,1,Confluencia,00016,3636
15,160,1,Confluencia,00160,9965
15,1600,16,Los Lagos,01600,12624
15,1610,16,Los Lagos,01610,92
15,1620,16,Los Lagos,01620,722
15,163,1,Confluencia,00163,15309
15,1640,16,Los Lagos,01640,76
15,1650,16,Los Lagos,01650,96
15,166,1,Confluencia,00166,12017
15,169,1,Confluencia,00169,1671
15,170,1,Confluencia,00170,145
15,18,1,Confluencia,00018,10478
15,180,1,Confluencia,00180,7572
15,183,1,Confluencia,00183,11664
15,185,1,Confluencia,00185,886
15,187,1,Confluencia,00187,14758
15,190,1,Confluencia,00190,4250
15,200,2,Zapala,00200,2633
15,205,2,Zapala,00205,11753
15,21,1,Confluencia,00021,14253
15,210,2,Zapala,00210,15901
15,215,2,Zapala,00215,66
15,220,2,Zapala,00220,2506
15,230,2,Zapala,00230,475
15,240,2,Zapala,00240,284
15,25,1,Confluencia,00025,8178
15,250,2,Zapala,00250,353
15,260,2,Zapala,00260,229
15,270,2,Zapala,00270,315
15,28,1,Confluencia,00028,7194
15,290,2,Zapala,00290,138
15,30,1,Confluencia,00030,6381
15,300,3,Añelo,00300,8486
15,310,3,Añelo,00310,6844
15,32,1,Confluencia,00032,4329
15,320,3,Añelo,00320,99
15,330,3,Añelo,00330,201
15,34,1,Confluencia,00034,19759
15,340,3,Añelo,00340,179
15,40,1,Confluencia,00040,7276
15,400,4,Pehuenches,00400,18677
15,410,4,Pehuenches,00410,116
15,42,1,Confluencia,00042,11935
15,420,4,Pehuenches,00420,69
15,430,4,Pehuenches,00430,80
15,440,4,Pehuenches,00440,2638
15,450,4,Pehuenches,00450,1149
15,46,1,Confluencia,00046,13938
15,50,1,Confluencia,00050,14314
15,500,5,Chos Malal,00500,11887
15,510,5,Chos Malal,00510,217
15,520,5,Chos Malal,00520,221
15,530,5,Chos Malal,00530,349
15,54,1,Confluencia,00054,4043
15,540,5,Chos Malal,00540,965
15,550,5,Chos Malal,00550,102
15,560,5,Chos Malal,00560,40
15,57,1,Confluencia,00057,1721
15,570,5,Chos Malal,00570,53
15,580,5,Chos Malal,00580,142
15,60,1,Confluencia,00060,9876
15,600,6,Minas,00600,2560
15,620,6,Minas,00620,369
15,63,1,Confluencia,00063,12524
15,630,6,Minas,00630,633
15,640,6,Minas,00640,411
15,65,1,Confluencia,00065,9477
15,650,6,Minas,00650,876
15,660,6,Minas,00660,62
15,670,6,Minas,00670,1386
15,680,6,Minas,00680,543
15,69,1,Confluencia,00069,16119
15,690,6,Minas,00690,590
15,700,7,Ñorquín,00700,1399
15,720,7,Ñorquín,00720,995
15,74,1,Confluencia,00074,5584
15,740,7,Ñorquín,00740,1052
15,750,7,Ñorquín,00750,788
15,760,7,Ñorquín,00760,147
15,770,7,Ñorquín,00770,52
15,780,7,Ñorquín,00780,50
15,785,7,Ñorquín,00785,62
15,79,1,Confluencia,00079,4340
15,790,7,Ñorquín,00790,342
15,8,1,Confluencia,00008,7126
15,800,8,Loncopué,00800,4769
15,810,8,Loncopué,00810,54
15,820,8,Loncopué,00820,60
15,830,8,Loncopué,00830,418
15,840,8,Loncopué,00840,382
15,850,8,Loncopué,00850,72
15,860,8,Loncopué,00860,172
15,89,1,Confluencia,00089,6583
15,900,9,Picunches,00900,5052
15,910,9,Picunches,00910,39
15,920,9,Picunches,00920,994
15,930,9,Picunches,00930,122
15,940,9,Picunches,00940,62
15,950,9,Picunches,00950,89
16,101,1,Adolfo Alsina,00101,3946
16,102,1,Adolfo Alsina,00102,3600
16,103,1,Adolfo Alsina,00103,2163
16,104,1,Adolfo Alsina,00104,4016
16,105,1,Adolfo Alsina,00105,3309
16,106,1,Adolfo Alsina,00106,1928
16,107,1,Adolfo Alsina,00107,3336
16,108,1,Adolfo Alsina,00108,2300
16,109,1,Adolfo Alsina,00109,2446
16,11,3,San Antonio,00011,7076
16,110,1,Adolfo Alsina,00110,2286
16,111,1,Adolfo Alsina,00111,2889
16,112,1,Adolfo Alsina,00112,3120
16,113,1,Adolfo Alsina,00113,2256
16,114,1,Adolfo Alsina,00114,4443
16,115,1,Adolfo Alsina,00115,2207
16,116,1,Adolfo Alsina,00116,1918
16,117,1,Adolfo Alsina,00117,2275
16,118,1,Adolfo Alsina,00118,1489
16,119,1,Adolfo Alsina,00119,2391
16,12,4,Valcheta,00012,3578
16,120,1,Adolfo Alsina,00120,1469
16,121,1,Adolfo Alsina,00121,525
16,122,1,Adolfo Alsina,00122,899
16,12B,4,Valcheta,0012B,89
16,13,4,Valcheta,00013,60
16,15,4,Valcheta,00015,105
16,16,4,Valcheta,00016,120
16,17,4,Valcheta,00017,88
16,18,4,Valcheta,00018,91
16,19,5,9 de Julio,00019,1600
16,2,1,Adolfo Alsina,00002,2113
16,20,5,9 de Julio,00020,926
16,20A,5,9 de Julio,0020A,136
16,21,5,9 de Julio,00021,218
16,22,5,9 de Julio,00022,176
16,22A,5,9 de Julio,0022A,160
16,23,6,25 de Mayo,00023,3233
16,24,6,25 de Mayo,00024,2398
16,24A,6,25 de Mayo,0024A,155
16,24B,6,25 de Mayo,0024B,151
16,25,6,25 de Mayo,00025,336
16,27,6,25 de Mayo,00027,43
16,28,6,25 de Mayo,00028,6218
16,29,6,25 de Mayo,00029,157
16,3,1,Adolfo Alsina,00003,19
16,30,6,25 de Mayo,00030,190
16,31,7,Ñorquinco,00031,659
16,31B,7,Ñorquinco,0031B,42
16,32,7,Ñorquinco,00032,49
16,33,7,Ñorquinco,00033,65
16,34,7,Ñorquinco,00034,374
16,35,7,Ñorquinco,00035,240
16,36,8,Pilcaniyeu,00036,1011
16,36B,8,Pilcaniyeu,0036B,5196
16,36C,8,Pilcaniyeu,0036C,227
16,37,8,Pilcaniyeu,00037,1754
16,38A,8,Pilcaniyeu,0038A,124
16,4,1,Adolfo Alsina,00004,880
16,40A,8,Pilcaniyeu,0040A,314
16,4101,9,Bariloche,04101,299
16,4102,9,Bariloche,04102,3597
16,4103,9,Bariloche,04103,7502
16,4104,9,Bariloche,04104,6913
16,4105,9,Bariloche,04105,3204
16,4106,9,Bariloche,04106,4146
16,4107,9,Bariloche,04107,2366
16,4108,9,Bariloche,04108,3217
16,4109,9,Bariloche,04109,7015
16,4110,9,Bariloche,04110,5046
16,4111,9,Bariloche,04111,1368
16,4112,9,Bariloche,04112,2128
16,4113,9,Bariloche,04113,2150
16,4114,9,Bariloche,04114,4610
16,4115,9,Bariloche,04115,2483
16,4116,9,Bariloche,04116,1977
16,4117,9,Bariloche,04117,1387
16,4118,9,Bariloche,04118,6625
16,4119,9,Bariloche,04119,3043
16,4120,9,Bariloche,04120,3294
16,4121,9,Bariloche,04121,1474
16,4122,9,Bariloche,04122,1106
16,4123,9,Bariloche,04123,3130
16,4124,9,Bariloche,04124,2535
16,4125,9,Bariloche,04125,1876
16,4126,9,Bariloche,04126,2358
16,4127,9,Bariloche,04127,4859
16,4128,9,Bariloche,04128,2097
16,4129,9,Bariloche,04129,8102
16,4130,9,Bariloche,04130,6613
16,4131,9,Bariloche,04131,222
16,42,9,Bariloche,00042,666
16,43,9,Bariloche,00043,20274
16,43A,9,Bariloche,0043A,1826
16,44,10,Pichi Mahuida,00044,13054
16,47,11,Avellaneda,00047,10701
16,48,11,Avellaneda,00048,6647
16,49,11,Avellaneda,00049,7143
16,50,11,Avellaneda,00050,1006
16,52,11,Avellaneda,00052,1046
16,53,11,Avellaneda,00053,1471
16,54,11,Avellaneda,00054,3823
16,55,11,Avellaneda,00055,90
16,57,12,General Roca,00057,4177
16,58,12,General Roca,00058,28392
16,59,12,General Roca,00059,3921
16,60,12,General Roca,00060,6398
16,61,12,General Roca,00061,2598
16,62,12,General Roca,00062,6292
16,6301,12,General Roca,06301,1373
16,6302,12,General Roca,06302,1960
16,6303,12,General Roca,06303,3793
16,6304,12,General Roca,06304,1957
16,6305,12,General Roca,06305,8067
16,6306,12,General Roca,06306,9014
16,6307,12,General Roca,06307,9524
16,6308,12,General Roca,06308,7517
16,6309,12,General Roca,06309,4036
16,6310,12,General Roca,06310,6154
16,6311,12,General Roca,06311,12589
16,6312,12,General Roca,06312,10416
16,6313,12,General Roca,06313,4867
16,6314,12,General Roca,06314,2927
16,6315,12,General Roca,06315,885
16,64,12,General Roca,00064,23137
16,6501,12,General Roca,06501,3372
16,6502,12,General Roca,06502,3869
16,6503,12,General Roca,06503,4063
16,6504,12,General Roca,06504,3749
16,6505,12,General Roca,06505,2691
16,6506,12,General Roca,06506,3393
16,6507,12,General Roca,06507,3036
16,6508,12,General Roca,06508,3688
16,6509,12,General Roca,06509,4678
16,6510,12,General Roca,06510,3920
16,6511,12,General Roca,06511,3934
16,6512,12,General Roca,06512,3543
16,6513,12,General Roca,06513,4763
16,6514,12,General Roca,06514,4495
16,6515,12,General Roca,06515,1475
16,6516,12,General Roca,06516,1985
16,6517,12,General Roca,06517,3774
16,6518,12,General Roca,06518,2597
16,6519,12,General Roca,06519,2128
16,6520,12,General Roca,06520,415
16,6521,12,General Roca,06521,1315
16,6522,12,General Roca,06522,1086
16,6523,12,General Roca,06523,1342
16,6524,12,General Roca,06524,1244
16,66,12,General Roca,00066,21684
16,67,12,General Roca,00067,1828
16,68,12,General Roca,00068,4808
16,68B,12,General Roca,0068B,1842
16,69,12,General Roca,00069,18455
16,69A,12,General Roca,0069A,234
16,7,2,Conesa,00007,5802
16,70,12,General Roca,00070,14224
16,71,13,El Cuy,00071,517
16,71A,13,El Cuy,0071A,646
16,72,13,El Cuy,00072,263
16,73,13,El Cuy,00073,212
16,74,13,El Cuy,00074,498
16,75,13,El Cuy,00075,199
16,76,13,El Cuy,00076,1124
16,8,2,Conesa,00008,67
16,9,3,San Antonio,00009,16505
16,9A,3,San Antonio,0009A,6068
16,9B,3,San Antonio,0009B,372
17,100A,23,Los Andes,0100A,5430
17,101A,23,Los Andes,0101A,232
17,102A,23,Los Andes,0102A,285
17,103A,23,Los Andes,0103A,681
17,10A,3,General Güemes,0010A,5679
17,11A,3,General Güemes,0011A,6132
17,11B,3,General Güemes,0011B,819
17,11C,3,General Güemes,0011C,528
17,12A,3,General Güemes,0012A,7092
17,12B,3,General Güemes,0012B,6889
17,12C,3,General Güemes,0012C,5333
17,12D,3,General Güemes,0012D,4491
17,12E,3,General Güemes,0012E,5068
17,14A,3,General Güemes,0014A,155
17,15A,4,Metán,0015A,6050
17,15B,4,Metán,0015B,6129
17,15C,4,Metán,0015C,5714
17,15D,4,Metán,0015D,7920
17,15E,4,Metán,0015E,669
17,15G,4,Metán,0015G,130
17,16A,4,Metán,0016A,1629
17,16B,4,Metán,0016B,547
17,17A,4,Metán,0017A,5764
17,17B,4,Metán,0017B,625
17,18A,4,Metán,0018A,344
17,18B,4,Metán,0018B,790
17,18C,4,Metán,0018C,85
17,1A,1,Capital,0001A,5014
17,1B,1,Capital,0001B,1818
17,1C,1,Capital,0001C,3660
17,1D,1,Capital,0001D,3648
17,1E,1,Capital,0001E,3827
17,1F,1,Capital,0001F,9104
17,1G,1,Capital,0001G,7642
17,20A,5,Anta,0020A,95
17,21A,5,Anta,0021A,9478
17,21B,5,Anta,0021B,619
17,22A,5,Anta,0022A,7386
17,22B,5,Anta,0022B,81
17,22C,5,Anta,0022C,927
17,22D,5,Anta,0022D,1132
17,22E,5,Anta,0022E,2085
17,22F,5,Anta,0022F,132
17,23A,5,Anta,0023A,208
17,24A,5,Anta,0024A,16351
17,24B,5,Anta,0024B,197
17,24C,5,Anta,0024C,394
17,24D,5,Anta,0024D,229
17,24E,5,Anta,0024E,935
17,24F,5,Anta,0024F,278
17,25A,5,Anta,0025A,8011
17,25B,5,Anta,0025B,132
17,25C,5,Anta,0025C,1169
17,25D,5,Anta,0025D,2088
17,25E,5,Anta,0025E,430
17,25F,5,Anta,0025F,189
17,26A,6,Rivadavia,0026A,392
17,26B,6,Rivadavia,0026B,3505
17,26C,6,Rivadavia,0026C,165
17,27A,6,Rivadavia,0027A,3126
17,27B,6,Rivadavia,0027B,189
17,27C,6,Rivadavia,0027C,644
17,27D,6,Rivadavia,0027D,190
17,28A,6,Rivadavia,0028A,257
17,28B,6,Rivadavia,0028B,5408
17,28C,6,Rivadavia,0028C,273
17,28D,6,Rivadavia,0028D,109
17,28E,6,Rivadavia,0028E,1732
17,28F,6,Rivadavia,0028F,801
17,28G,6,Rivadavia,0028G,171
17,28H,6,Rivadavia,0028H,107
17,29A,6,Rivadavia,0029A,2197
17,29B,6,Rivadavia,0029B,147
17,29C,6,Rivadavia,0029C,5323
17,29D,6,Rivadavia,0029D,290
17,29E,6,Rivadavia,0029E,208
17,29F,6,Rivadavia,0029F,1474
17,29G,6,Rivadavia,0029G,1439
17,29H,6,Rivadavia,0029H,430
17,29I,6,Rivadavia,0029I,1365
17,2A,1,Capital,0002A,6982
17,2B,1,Capital,0002B,4184
17,2C,1,Capital,0002C,3807
17,2D,1,Capital,0002D,9524
17,2E,1,Capital,0002E,1773
17,2F,1,Capital,0002F,5842
17,2G,1,Capital,0002G,9507
17,2H,1,Capital,0002H,2137
17,2I,1,Capital,0002I,8745
17,2J,1,Capital,0002J,9031
17,2K,1,Capital,0002K,5607
17,2L,1,Capital,0002L,4994
17,2M,1,Capital,0002M,8462
17,2N,1,Capital,0002N,6781
17,2O,1,Capital,0002O,10440
17,2P,1,Capital,0002P,6376
17,2Q,1,Capital,0002Q,12747
17,30A,7,Orán,0030A,984
17,30B,7,Orán,0030B,5491
17,31A,7,Orán,0031A,38494
17,31B,7,Orán,0031B,27936
17,31C,7,Orán,0031C,693
17,31D,7,Orán,0031D,122
17,32A,7,Orán,0032A,631
17,32B,7,Orán,0032B,9729
17,33A,7,Orán,0033A,253
17,33B,7,Orán,0033B,292
17,33C,7,Orán,0033C,225
17,34A,7,Orán,0034A,14471
17,34B,7,Orán,0034B,93
17,35A,7,Orán,0035A,2802
17,36A,7,Orán,0036A,313
17,36B,7,Orán,0036B,20238
17,37A,7,Orán,0037A,121
17,38A,7,Orán,0038A,156
17,38B,7,Orán,0038B,125
17,39A,7,Orán,0039A,110
17,3A,1,Capital,0003A,18133
17,3B,1,Capital,0003B,22634
17,3C,1,Capital,0003C,10727
17,3D,1,Capital,0003D,6947
17,3E,1,Capital,0003E,4993
17,3F,1,Capital,0003F,5673
17,3G,1,Capital,0003G,10046
17,3H,1,Capital,0003H,6737
17,3I,1,Capital,0003I,17549
17,3J,1,Capital,0003J,3649
17,3K,1,Capital,0003K,7768
17,3L,1,Capital,0003L,7984
17,40A,8,General José de San Martín,0040A,18285
17,40B,8,General José de San Martín,0040B,2200
17,40C,8,General José de San Martín,0040C,289
17,41A,8,General José de San Martín,0041A,1878
17,41B,8,General José de San Martín,0041B,2003
17,41C,8,General José de San Martín,0041C,1019
17,41D,8,General José de San Martín,0041D,228
17,41E,8,General José de San Martín,0041E,541
17,42A,8,General José de San Martín,0042A,1264
17,42B,8,General José de San Martín,0042B,2051
17,42C,8,General José de San Martín,0042C,13271
17,43A,8,General José de San Martín,0043A,35708
17,43B,8,General José de San Martín,0043B,3974
17,43C,8,General José de San Martín,0043C,8421
17,43D,8,General José de San Martín,0043D,369
17,43E,8,General José de San Martín,0043E,8666
17,43F,8,General José de San Martín,0043F,1446
17,43G,8,General José de San Martín,0043G,3355
17,44A,8,General José de San Martín,0044A,8909
17,44B,8,General José de San Martín,0044B,823
17,44C,8,General José de San Martín,0044C,1003
17,44D,8,General José de San Martín,0044D,577
17,44E,8,General José de San Martín,0044E,1039
17,44F,8,General José de San Martín,0044F,421
17,44G,8,General José de San Martín,0044G,569
17,45A,8,General José de San Martín,0045A,22164
17,46A,9,Iruya,0046A,1484
17,46B,9,Iruya,0046B,192
17,46C,9,Iruya,0046C,42
17,46D,9,Iruya,0046D,344
17,46E,9,Iruya,0046E,26
17,46F,9,Iruya,0046F,400
17,46H,9,Iruya,0046H,75
17,46I,9,Iruya,0046I,62
17,46J,9,Iruya,0046J,76
17,46K,9,Iruya,0046K,51
17,47A,9,Iruya,0047A,128
17,47B,9,Iruya,0047B,84
17,47C,9,Iruya,0047C,28
17,48A,9,Iruya,0048A,45
17,48B,9,Iruya,0048B,140
17,48C,9,Iruya,0048C,1559
17,48D,9,Iruya,0048D,255
17,49A,10,Santa Victoria,0049A,1732
17,49B,10,Santa Victoria,0049B,60
17,49C,10,Santa Victoria,0049C,69
17,49D,10,Santa Victoria,0049D,130
17,49E,10,Santa Victoria,0049E,177
17,49F,10,Santa Victoria,0049F,111
17,49G,10,Santa Victoria,0049G,338
17,49H,10,Santa Victoria,0049H,144
17,49I,10,Santa Victoria,0049I,115
17,49J,10,Santa Victoria,0049J,432
17,49K,10,Santa Victoria,0049K,167
17,4A,1,Capital,0004A,12082
17,4B,1,Capital,0004B,2493
17,4C,1,Capital,0004C,2921
17,4D,1,Capital,0004D,8789
17,50A,10,Santa Victoria,0050A,2005
17,50B,10,Santa Victoria,0050B,302
17,50C,10,Santa Victoria,0050C,83
17,51A,10,Santa Victoria,0051A,1677
17,51B,10,Santa Victoria,0051B,34
17,51C,10,Santa Victoria,0051C,406
17,51D,10,Santa Victoria,0051D,133
17,51E,10,Santa Victoria,0051E,24
17,51F,10,Santa Victoria,0051F,92
17,52A,11,Cerrillos,0052A,7948
17,52B,11,Cerrillos,0052B,4970
17,52C,11,Cerrillos,0052C,860
17,52D,11,Cerrillos,0052D,596
17,53A,11,Cerrillos,0053A,6413
17,53B,11,Cerrillos,0053B,4037
17,53C,11,Cerrillos,0053C,5196
17,53D,11,Cerrillos,0053D,1271
17,54A,11,Cerrillos,0054A,9176
17,54B,11,Cerrillos,0054B,190
17,55A,11,Cerrillos,0055A,1417
17,55B,11,Cerrillos,0055B,388
17,55C,11,Cerrillos,0055C,144
17,56A,12,Chicoana,0056A,5744
17,56B,12,Chicoana,0056B,372
17,56C,12,Chicoana,0056C,121
17,56D,12,Chicoana,0056D,238
17,56E,12,Chicoana,0056E,169
17,56F,12,Chicoana,0056F,728
17,56G,12,Chicoana,0056G,945
17,57A,12,Chicoana,0057A,345
17,57B,12,Chicoana,0057B,156
17,58A,12,Chicoana,0058A,10675
17,59A,13,La Viña,0059A,2568
17,5A,1,Capital,0005A,9487
17,5B,1,Capital,0005B,6049
17,5C,1,Capital,0005C,9494
17,5D,1,Capital,0005D,12637
17,5E,1,Capital,0005E,23539
17,5F,1,Capital,0005F,12729
17,5G,1,Capital,0005G,11262
17,5H,1,Capital,0005H,4211
17,5I,1,Capital,0005I,14457
17,5J,1,Capital,0005J,1324
17,5K,1,Capital,0005K,3195
17,5L,1,Capital,0005L,9872
17,5M,1,Capital,0005M,4997
17,5N,1,Capital,0005N,14530
17,5O,1,Capital,0005O,3593
17,60A,13,La Viña,0060A,435
17,61A,13,La Viña,0061A,5127
17,63A,14,Guachipas,0063A,2788
17,64A,14,Guachipas,0064A,22
17,64B,14,Guachipas,0064B,70
17,65A,14,Guachipas,0065A,83
17,65B,14,Guachipas,0065B,123
17,66A,14,Guachipas,0066A,135
17,66B,14,Guachipas,0066B,130
17,67A,15,Rosario de la Frontera,0067A,14139
17,67B,15,Rosario de la Frontera,0067B,8613
17,67C,15,Rosario de la Frontera,0067C,100
17,67D,15,Rosario de la Frontera,0067D,303
17,67E,15,Rosario de la Frontera,0067E,127
17,67G,15,Rosario de la Frontera,0067G,64
17,67H,15,Rosario de la Frontera,0067H,140
17,68A,15,Rosario de la Frontera,0068A,43
17,68B,15,Rosario de la Frontera,0068B,103
17,69A,15,Rosario de la Frontera,0069A,91
17,6A,1,Capital,0006A,8809
17,70A,15,Rosario de la Frontera,0070A,80
17,70B,15,Rosario de la Frontera,0070B,143
17,71A,15,Rosario de la Frontera,0071A,706
17,71B,15,Rosario de la Frontera,0071B,101
17,72A,15,Rosario de la Frontera,0072A,928
17,72B,15,Rosario de la Frontera,0072B,70
17,72C,15,Rosario de la Frontera,0072C,534
17,72D,15,Rosario de la Frontera,0072D,265
17,73A,16,La Candelaria,0073A,959
17,73B,16,La Candelaria,0073B,369
17,74A,16,La Candelaria,0074A,2679
17,75A,16,La Candelaria,0075A,1510
17,75B,16,La Candelaria,0075B,238
17,76A,17,Cafayate,0076A,100
17,77A,17,Cafayate,0077A,8464
17,77B,17,Cafayate,0077B,826
17,77C,17,Cafayate,0077C,87
17,77D,17,Cafayate,0077D,130
17,77E,17,Cafayate,0077E,156
17,77F,17,Cafayate,0077F,4373
17,78A,17,Cafayate,0078A,323
17,79A,18,San Carlos,0079A,2503
17,79B,18,San Carlos,0079B,1672
17,79C,18,San Carlos,0079C,340
17,7A,1,Capital,0007A,152
17,80A,18,San Carlos,0080A,132
17,81A,18,San Carlos,0081A,245
17,82A,18,San Carlos,0082A,1003
17,82B,18,San Carlos,0082B,94
17,83A,18,San Carlos,0083A,178
17,83B,18,San Carlos,0083B,327
17,83C,18,San Carlos,0083C,98
17,84A,19,Molinos,0084A,1454
17,85A,19,Molinos,0085A,1214
17,85B,19,Molinos,0085B,114
17,86A,19,Molinos,0086A,883
17,87A,19,Molinos,0087A,659
17,88A,19,Molinos,0088A,234
17,88B,19,Molinos,0088B,94
17,88C,19,Molinos,0088C,398
17,89A,20,Cachi,0089A,408
17,89B,20,Cachi,0089B,4348
17,89C,20,Cachi,0089C,679
17,89D,20,Cachi,0089D,124
17,89E,20,Cachi,0089E,135
17,8A,2,La Caldera,0008A,4768
17,8B,2,La Caldera,0008B,174
17,8C,2,La Caldera,0008C,103
17,90A,20,Cachi,0090A,1356
17,90B,20,Cachi,0090B,393
17,90C,20,Cachi,0090C,118
17,91A,21,Rosario de Lerma,0091A,19946
17,91B,21,Rosario de Lerma,0091B,425
17,91C,21,Rosario de Lerma,0091C,166
17,91D,21,Rosario de Lerma,0091D,549
17,92A,21,Rosario de Lerma,0092A,121
17,93A,21,Rosario de Lerma,0093A,10958
17,93B,21,Rosario de Lerma,0093B,135
17,94A,21,Rosario de Lerma,0094A,188
17,95A,21,Rosario de Lerma,0095A,5620
17,96B,21,Rosario de Lerma,0096B,118
17,97A,21,Rosario de Lerma,0097A,220
17,97B,21,Rosario de Lerma,0097B,158
17,97C,21,Rosario de Lerma,0097C,225
17,97D,21,Rosario de Lerma,0097D,79
17,98A,21,Rosario de Lerma,0098A,83
17,99A,22,La Poma,0099A,965
17,99B,22,La Poma,0099B,215
17,99C,22,La Poma,0099C,315
17,9A,2,La Caldera,0009A,10596
17,9B,2,La Caldera,0009B,332
18,1,1,Capital,00001,4501
18,10,1,Capital,00010,2359
18,100,14,25 de Mayo,00100,780
18,101,15,Caucete,00101,4802
18,102,15,Caucete,00102,6038
18,103,15,Caucete,00103,7219
18,104,15,Caucete,00104,5441
18,105,15,Caucete,00105,696
18,106,15,Caucete,00106,1553
18,107,15,Caucete,00107,989
18,108,15,Caucete,00108,1711
18,109,15,Caucete,00109,786
18,11,1,Capital,00011,2722
18,110,15,Caucete,00110,1302
18,110A,15,Caucete,0110A,323
18,111,15,Caucete,00111,662
18,112,15,Caucete,00112,296
18,113,16,Valle Fértil,00113,4944
18,113A,16,Valle Fértil,0113A,188
18,114,16,Valle Fértil,00114,341
18,114A,16,Valle Fértil,0114A,154
18,115,16,Valle Fértil,00115,883
18,116,16,Valle Fértil,00116,140
18,117,16,Valle Fértil,00117,221
18,118,17,Jáchal,00118,10627
18,119,17,Jáchal,00119,461
18,12,1,Capital,00012,4230
18,120,17,Jáchal,00120,390
18,121,17,Jáchal,00121,927
18,122,17,Jáchal,00122,250
18,123,17,Jáchal,00123,822
18,124,17,Jáchal,00124,1074
18,125,17,Jáchal,00125,978
18,126,17,Jáchal,00126,487
18,127,17,Jáchal,00127,230
18,129,17,Jáchal,00129,1552
18,13,1,Capital,00013,2031
18,130,17,Jáchal,00130,841
18,131,17,Jáchal,00131,528
18,132,17,Jáchal,00132,842
18,134,18,Iglesia,00134,1519
18,135,18,Iglesia,00135,1217
18,136,18,Iglesia,00136,3774
18,137,18,Iglesia,00137,978
18,138,18,Iglesia,00138,519
18,139,19,Calingasta,00139,2747
18,14,1,Capital,00014,5047
18,140,19,Calingasta,00140,293
18,141,19,Calingasta,00141,1234
18,142,19,Calingasta,00142,4368
18,15,1,Capital,00015,2462
18,16,1,Capital,00016,1977
18,17,1,Capital,00017,3560
18,18,1,Capital,00018,728
18,19,1,Capital,00019,2909
18,2,1,Capital,00002,2225
18,20,1,Capital,00020,2164
18,21,1,Capital,00021,2055
18,22,1,Capital,00022,4427
18,23,1,Capital,00023,1528
18,24,1,Capital,00024,4518
18,25,1,Capital,00025,3216
18,26,1,Capital,00026,3524
18,27,1,Capital,00027,2759
18,28,1,Capital,00028,842
18,29,1,Capital,00029,1747
18,3,1,Capital,00003,2275
18,30,1,Capital,00030,3010
18,31,1,Capital,00031,5434
18,32,2,Santa Lucía,00032,10422
18,33,2,Santa Lucía,00033,14034
18,34,2,Santa Lucía,00034,12077
18,35,2,Santa Lucía,00035,1579
18,36,2,Santa Lucía,00036,3440
18,37,2,Santa Lucía,00037,2150
18,38,2,Santa Lucía,00038,1263
18,39,3,Chimbas,00039,24074
18,4,1,Capital,00004,1850
18,40,3,Chimbas,00040,15190
18,41,3,Chimbas,00041,13259
18,42,3,Chimbas,00042,11666
18,43,3,Chimbas,00043,7164
18,44,3,Chimbas,00044,2079
18,45,4,Rivadavia,00045,11635
18,46,4,Rivadavia,00046,6310
18,47,4,Rivadavia,00047,6512
18,48,4,Rivadavia,00048,18661
18,49,4,Rivadavia,00049,12869
18,5,1,Capital,00005,2814
18,50,4,Rivadavia,00050,2731
18,51,4,Rivadavia,00051,4592
18,52,4,Rivadavia,00052,11746
18,53,5,Zonda,00053,4797
18,54,6,Rawson,00054,26552
18,55,6,Rawson,00055,15146
18,56,6,Rawson,00056,33031
18,57,6,Rawson,00057,8293
18,58,6,Rawson,00058,12947
18,59,6,Rawson,00059,754
18,6,1,Capital,00006,4033
18,60,6,Rawson,00060,3461
18,61,6,Rawson,00061,172
18,62,7,9 de Julio,00062,5343
18,63,7,9 de Julio,00063,4125
18,64,8,San Martín,00064,3977
18,65,8,San Martín,00065,3331
18,66,8,San Martín,00066,3151
18,67,9,Angaco,00067,3976
18,68,9,Angaco,00068,453
18,69,9,Angaco,00069,289
18,7,1,Capital,00007,4498
18,70,9,Angaco,00070,221
18,71,9,Angaco,00071,1923
18,72,9,Angaco,00072,275
18,73,9,Angaco,00073,1199
18,74,10,Albardón,00074,5653
18,75,10,Albardón,00075,2143
18,76,10,Albardón,00076,1027
18,77,10,Albardón,00077,1635
18,78,10,Albardón,00078,5319
18,79,10,Albardón,00079,5605
18,8,1,Capital,00008,3606
18,80,10,Albardón,00080,1109
18,81,11,Ullum,00081,4779
18,83,12,Pocito,00083,21421
18,84,12,Pocito,00084,14388
18,85,12,Pocito,00085,1667
18,86,12,Pocito,00086,7833
18,87,12,Pocito,00087,711
18,88,12,Pocito,00088,3520
18,89,13,Sarmiento,00089,8221
18,9,1,Capital,00009,4722
18,90,13,Sarmiento,00090,2071
18,90A,13,Sarmiento,0090A,594
18,91,13,Sarmiento,00091,1763
18,92,13,Sarmiento,00092,1572
18,93,13,Sarmiento,00093,3898
18,93A,13,Sarmiento,0093A,385
18,94,13,Sarmiento,00094,285
18,94A,13,Sarmiento,0094A,281
18,95,13,Sarmiento,00095,144
18,96,13,Sarmiento,00096,481
18,97,14,25 de Mayo,00097,5990
18,98,14,25 de Mayo,00098,7358
18,99,14,25 de Mayo,00099,791
19,10,1,Juan Martín de Pueyrredón,00010,1060
19,100,8,Belgrano,00100,1325
19,1001A,1,Juan Martín de Pueyrredón,1001A,9095
19,1001B,1,Juan Martín de Pueyrredón,1001B,3587
19,1001C,1,Juan Martín de Pueyrredón,1001C,2412
19,1002,1,Juan Martín de Pueyrredón,01002,7677
19,1003,1,Juan Martín de Pueyrredón,01003,6657
19,1004,1,Juan Martín de Pueyrredón,01004,11191
19,1005,1,Juan Martín de Pueyrredón,01005,5173
19,1006,1,Juan Martín de Pueyrredón,01006,4889
19,1007,1,Juan Martín de Pueyrredón,01007,7917
19,1008A,1,Juan Martín de Pueyrredón,1008A,2636
19,1008B,1,Juan Martín de Pueyrredón,1008B,3750
19,1008C,1,Juan Martín de Pueyrredón,1008C,5793
19,1008D,1,Juan Martín de Pueyrredón,1008D,3993
19,1008E,1,Juan Martín de Pueyrredón,1008E,4693
19,1009,1,Juan Martín de Pueyrredón,01009,4241
19,101,9,Gobernador Dupuy,00101,3326
19,1010,1,Juan Martín de Pueyrredón,01010,3274
19,1011,1,Juan Martín de Pueyrredón,01011,3178
19,1012,1,Juan Martín de Pueyrredón,01012,3327
19,1013,1,Juan Martín de Pueyrredón,01013,4609
19,1014,1,Juan Martín de Pueyrredón,01014,3073
19,1015A,1,Juan Martín de Pueyrredón,1015A,919
19,1015B,1,Juan Martín de Pueyrredón,1015B,1027
19,1016,1,Juan Martín de Pueyrredón,01016,2543
19,1017,1,Juan Martín de Pueyrredón,01017,5467
19,1018,1,Juan Martín de Pueyrredón,01018,5749
19,1019,1,Juan Martín de Pueyrredón,01019,3578
19,102,9,Gobernador Dupuy,00102,421
19,1020,1,Juan Martín de Pueyrredón,01020,9932
19,1021A,1,Juan Martín de Pueyrredón,1021A,2853
19,1021B,1,Juan Martín de Pueyrredón,1021B,2017
19,1021C,1,Juan Martín de Pueyrredón,1021C,5862
19,1022A,1,Juan Martín de Pueyrredón,1022A,2373
19,1022B,1,Juan Martín de Pueyrredón,1022B,2436
19,1022C,1,Juan Martín de Pueyrredón,1022C,3208
19,1022D,1,Juan Martín de Pueyrredón,1022D,2975
19,1022E,1,Juan Martín de Pueyrredón,1022E,3143
19,1022F,1,Juan Martín de Pueyrredón,1022F,2362
19,103,9,Gobernador Dupuy,00103,30
19,104,9,Gobernador Dupuy,00104,616
19,105,9,Gobernador Dupuy,00105,902
19,106,9,Gobernador Dupuy,00106,261
19,107,9,Gobernador Dupuy,00107,1395
19,108,9,Gobernador Dupuy,00108,2534
19,109,9,Gobernador Dupuy,00109,49
19,11,1,Juan Martín de Pueyrredón,00011,40
19,110,9,Gobernador Dupuy,00110,654
19,111,9,Gobernador Dupuy,00111,739
19,112,9,Gobernador Dupuy,00112,12
19,113,9,Gobernador Dupuy,00113,307
19,114,9,Gobernador Dupuy,00114,32
19,12,1,Juan Martín de Pueyrredón,00012,515
19,13,1,Juan Martín de Pueyrredón,00013,176
19,14,1,Juan Martín de Pueyrredón,00014,58
19,15,1,Juan Martín de Pueyrredón,00015,513
19,16,2,Coronel Pringles,00016,426
19,17,2,Coronel Pringles,00017,1226
19,1801,2,Coronel Pringles,01801,1435
19,1802,2,Coronel Pringles,01802,1355
19,1803,2,Coronel Pringles,01803,1830
19,1804,2,Coronel Pringles,01804,2220
19,19,2,Coronel Pringles,00019,47
19,2,1,Juan Martín de Pueyrredón,00002,14823
19,20,2,Coronel Pringles,00020,34
19,21,2,Coronel Pringles,00021,611
19,22,2,Coronel Pringles,00022,36
19,22A,2,Coronel Pringles,0022A,33
19,23,2,Coronel Pringles,00023,104
19,24,2,Coronel Pringles,00024,2245
19,25,2,Coronel Pringles,00025,575
19,26,2,Coronel Pringles,00026,254
19,26A,2,Coronel Pringles,0026A,490
19,27,2,Coronel Pringles,00027,114
19,28,2,Coronel Pringles,00028,34
19,3,1,Juan Martín de Pueyrredón,00003,15237
19,3001A,3,General Pedernera,3001A,3215
19,3001B,3,General Pedernera,3001B,11817
19,3002,3,General Pedernera,03002,4803
19,3003,3,General Pedernera,03003,7023
19,3004,3,General Pedernera,03004,5095
19,3005,3,General Pedernera,03005,1087
19,3006,3,General Pedernera,03006,4367
19,3007,3,General Pedernera,03007,5835
19,3008,3,General Pedernera,03008,1818
19,3009,3,General Pedernera,03009,5457
19,3010,3,General Pedernera,03010,4011
19,3011,3,General Pedernera,03011,3748
19,3012,3,General Pedernera,03012,2546
19,3013,3,General Pedernera,03013,2440
19,3014,3,General Pedernera,03014,3586
19,3015,3,General Pedernera,03015,4765
19,3016,3,General Pedernera,03016,4697
19,3017,3,General Pedernera,03017,5406
19,3018,3,General Pedernera,03018,6400
19,3019,3,General Pedernera,03019,4435
19,3020,3,General Pedernera,03020,3683
19,3021,3,General Pedernera,03021,8105
19,31,3,General Pedernera,00031,38
19,32,3,General Pedernera,00032,143
19,33,3,General Pedernera,00033,12
19,3401,3,General Pedernera,03401,1959
19,3402,3,General Pedernera,03402,1737
19,3403,3,General Pedernera,03403,804
19,3404,3,General Pedernera,03404,1159
19,3405,3,General Pedernera,03405,2042
19,3406,3,General Pedernera,03406,1134
19,3407,3,General Pedernera,03407,943
19,35,3,General Pedernera,00035,12
19,36,3,General Pedernera,00036,268
19,37,3,General Pedernera,00037,62
19,38,3,General Pedernera,00038,392
19,39,3,General Pedernera,00039,500
19,4,1,Juan Martín de Pueyrredón,00004,2978
19,40,3,General Pedernera,00040,472
19,41,3,General Pedernera,00041,330
19,42,4,Chacabuco,00042,5655
19,43,4,Chacabuco,00043,691
19,44,4,Chacabuco,00044,294
19,45,4,Chacabuco,00045,5171
19,46,4,Chacabuco,00046,1661
19,47,4,Chacabuco,00047,652
19,48,4,Chacabuco,00048,938
19,49,4,Chacabuco,00049,3602
19,4A,1,Juan Martín de Pueyrredón,0004A,2932
19,50,4,Chacabuco,00050,10
19,51,4,Chacabuco,00051,2251
19,52,5,Libertador General San Martín,00052,984
19,53,5,Libertador General San Martín,00053,579
19,54,5,Libertador General San Martín,00054,14
19,55,5,Libertador General San Martín,00055,648
19,56,5,Libertador General San Martín,00056,340
19,57,5,Libertador General San Martín,00057,274
19,58,5,Libertador General San Martín,00058,708
19,59,5,Libertador General San Martín,00059,40
19,5A,1,Juan Martín de Pueyrredón,0005A,232
19,5B,1,Juan Martín de Pueyrredón,0005B,23
19,6,1,Juan Martín de Pueyrredón,00006,596
19,60,5,Libertador General San Martín,00060,517
19,61,5,Libertador General San Martín,00061,327
19,62,5,Libertador General San Martín,00062,10
19,63,6,Junín,00063,6286
19,64,6,Junín,00064,102
19,65,6,Junín,00065,30
19,66,6,Junín,00066,1015
19,67,6,Junín,00067,45
19,68,6,Junín,00068,336
19,69,6,Junín,00069,46
19,7,1,Juan Martín de Pueyrredón,00007,88
19,7001,6,Junín,07001,5031
19,7002,6,Junín,07002,3082
19,7003,6,Junín,07003,2423
19,7004,6,Junín,07004,1002
19,7005,6,Junín,07005,3303
19,7006,6,Junín,07006,2937
19,7007,6,Junín,07007,2120
19,7008,6,Junín,07008,915
19,72,6,Junín,00072,3380
19,73,6,Junín,00073,1574
19,74,6,Junín,00074,53
19,75,7,Ayacucho,00075,4889
19,76,7,Ayacucho,00076,108
19,77,7,Ayacucho,00077,5
19,78,7,Ayacucho,00078,9
19,79,7,Ayacucho,00079,23
19,80,7,Ayacucho,00080,623
19,81,7,Ayacucho,00081,2290
19,82,7,Ayacucho,00082,7676
19,83,7,Ayacucho,00083,3006
19,83A,7,Ayacucho,0083A,10
19,84,7,Ayacucho,00084,145
19,85,7,Ayacucho,00085,48
19,86,7,Ayacucho,00086,107
19,87,7,Ayacucho,00087,45
19,88,8,Belgrano,00088,416
19,89,8,Belgrano,00089,34
19,8A,1,Juan Martín de Pueyrredón,0008A,380
19,8B,1,Juan Martín de Pueyrredón,0008B,52
19,90,8,Belgrano,00090,84
19,91,8,Belgrano,00091,55
19,92,8,Belgrano,00092,1165
19,93A,8,Belgrano,0093A,351
19,93B,8,Belgrano,0093B,45
19,94,8,Belgrano,00094,35
19,95,8,Belgrano,00095,13
19,96,8,Belgrano,00096,150
19,97,8,Belgrano,00097,55
19,98,8,Belgrano,00098,904
19,99,8,Belgrano,00099,103
19,9A,1,Juan Martín de Pueyrredón,0009A,218
19,9B,1,Juan Martín de Pueyrredón,0009B,49
2,1,1,Adolfo Alsina,00001,9616
2,10,2,Alberti,00010,7891
2,100,8,Balcarce,00100,280
2,1000,122,Vicente López,01000,43122
2,1000A,122,Vicente López,1000A,7499
2,1001,122,Vicente López,01001,29548
2,1001A,122,Vicente López,1001A,10185
2,1007,124,Villarino,01007,6189
2,1008,124,Villarino,01008,2041
2,1009,124,Villarino,01009,230
2,101,8,Balcarce,00101,490
2,1010,124,Villarino,01010,4945
2,1011,124,Villarino,01011,8267
2,1011A,124,Villarino,1011A,3367
2,1013,125,Zárate,01013,18308
2,1014,125,Zárate,01014,28556
2,1015,125,Zárate,01015,7002
2,1016,125,Zárate,01016,4795
2,1017,125,Zárate,01017,22321
2,1018,125,Zárate,01018,9281
2,1019,125,Zárate,01019,447
2,102,8,Balcarce,00102,118
2,1020,125,Zárate,01020,54
2,1021,125,Zárate,01021,10613
2,103,8,Balcarce,00103,128
2,103A,8,Balcarce,0103A,296
2,104,8,Balcarce,00104,262
2,105,9,Baradero,00105,22927
2,106,9,Baradero,00106,497
2,107,9,Baradero,00107,5540
2,11,2,Alberti,00011,547
2,110,9,Baradero,00110,474
2,111,9,Baradero,00111,244
2,113,9,Baradero,00113,1342
2,117,10,Arrecifes,00117,24589
2,117A,10,Arrecifes,0117A,71
2,117B,10,Arrecifes,0117B,103
2,118,10,Arrecifes,00118,664
2,12,2,Alberti,00012,254
2,120,10,Arrecifes,00120,465
2,121,18,Capitán Sarmiento,00121,13267
2,122,18,Capitán Sarmiento,00122,295
2,125,13,Bolívar,00125,26878
2,125A,13,Bolívar,0125A,37
2,126,13,Bolívar,00126,40
2,127,13,Bolívar,00127,230
2,128,13,Bolívar,00128,53
2,129,13,Bolívar,00129,52
2,13,2,Alberti,00013,195
2,131,13,Bolívar,00131,40
2,131A,13,Bolívar,0131A,54
2,132,13,Bolívar,00132,2530
2,133,13,Bolívar,00133,1374
2,136,14,Bragado,00136,32278
2,137,14,Bragado,00137,1056
2,138,14,Bragado,00138,123
2,139,14,Bragado,00139,18
2,14,2,Alberti,00014,639
2,140,14,Bragado,00140,608
2,141,14,Bragado,00141,220
2,142,14,Bragado,00142,72
2,143,14,Bragado,00143,2214
2,144,14,Bragado,00144,399
2,145,14,Bragado,00145,362
2,148,15,Brandsen,00148,21782
2,149,15,Brandsen,00149,289
2,15,2,Alberti,00015,122
2,150,15,Brandsen,00150,2328
2,151,15,Brandsen,00151,1176
2,152,15,Brandsen,00152,323
2,153,15,Brandsen,00153,305
2,153A,15,Brandsen,0153A,256
2,155,16,Campana,00155,20272
2,155A,16,Campana,0155A,17439
2,156,16,Campana,00156,17527
2,156A,16,Campana,0156A,19191
2,156B,16,Campana,0156B,12272
2,157,17,Cañuelas,00157,32558
2,158,17,Cañuelas,00158,3900
2,158A,17,Cañuelas,0158A,7929
2,158B,17,Cañuelas,0158B,5162
2,159,17,Cañuelas,00159,1389
2,160,17,Cañuelas,00160,168
2,162,17,Cañuelas,00162,197
2,164,19,Carlos Casares,00164,17877
2,164A,19,Carlos Casares,0164A,35
2,165,19,Carlos Casares,00165,591
2,165A,19,Carlos Casares,0165A,90
2,165B,19,Carlos Casares,0165B,474
2,166,19,Carlos Casares,00166,186
2,166A,19,Carlos Casares,0166A,136
2,167,19,Carlos Casares,00167,506
2,167A,19,Carlos Casares,0167A,247
2,169,20,Carlos Tejedor,00169,5442
2,17,3,Almirante Brown,00017,22929
2,170,20,Carlos Tejedor,00170,512
2,171,20,Carlos Tejedor,00171,427
2,172,20,Carlos Tejedor,00172,638
2,173,20,Carlos Tejedor,00173,3170
2,175,21,Carmen de Areco,00175,13076
2,176,21,Carmen de Areco,00176,549
2,177,21,Carmen de Areco,00177,190
2,179,32,Daireaux,00179,12436
2,18,3,Almirante Brown,00018,30908
2,180,32,Daireaux,00180,594
2,181,32,Daireaux,00181,152
2,182,32,Daireaux,00182,67
2,183,32,Daireaux,00183,2004
2,185,23,Castelli,00185,7780
2,187,23,Castelli,00187,154
2,189,29,Chacabuco,00189,39212
2,18A,3,Almirante Brown,0018A,56874
2,19,3,Almirante Brown,00019,95299
2,190,29,Chacabuco,00190,1238
2,191,29,Chacabuco,00191,73
2,193,29,Chacabuco,00193,135
2,195,29,Chacabuco,00195,92
2,196A,29,Chacabuco,0196A,67
2,197,29,Chacabuco,00197,1825
2,198,29,Chacabuco,00198,579
2,20,3,Almirante Brown,00020,33484
2,201,30,Chascomús,00201,31737
2,202,30,Chascomús,00202,1073
2,203,30,Chascomús,00203,1817
2,204,30,Chascomús,00204,101
2,205,30,Chascomús,00205,143
2,207L,135,Lezama,0207L,4965
2,209,30,Chascomús,00209,448
2,20A,3,Almirante Brown,0020A,33470
2,21,3,Almirante Brown,00021,59342
2,211,31,Chivilcoy,00211,56633
2,212,31,Chivilcoy,00212,141
2,215,31,Chivilcoy,00215,124
2,216,31,Chivilcoy,00216,117
2,218,31,Chivilcoy,00218,404
2,219,31,Chivilcoy,00219,75
2,21A,3,Almirante Brown,0021A,16060
2,22,3,Almirante Brown,00022,37608
2,220,31,Chivilcoy,00220,156
2,221,31,Chivilcoy,00221,166
2,222,31,Chivilcoy,00222,2341
2,224,31,Chivilcoy,00224,255
2,226,31,Chivilcoy,00226,44
2,22A,3,Almirante Brown,0022A,53104
2,22B,3,Almirante Brown,0022B,16524
2,23,4,Avellaneda,00023,14182
2,230,24,Colón,00230,21627
2,230A,24,Colón,0230A,82
2,231,24,Colón,00231,243
2,231A,24,Colón,0231A,258
2,232,25,Coronel Dorrego,00232,10781
2,233,25,Coronel Dorrego,00233,61
2,234,25,Coronel Dorrego,00234,145
2,235,25,Coronel Dorrego,00235,27
2,236,25,Coronel Dorrego,00236,136
2,236A,25,Coronel Dorrego,0236A,27
2,237,25,Coronel Dorrego,00237,890
2,237A,25,Coronel Dorrego,0237A,67
2,238,25,Coronel Dorrego,00238,1787
2,239,120,Monte Hermoso,00239,9312
2,24,4,Avellaneda,00024,10927
2,240,26,Coronel Pringles,00240,19556
2,243,26,Coronel Pringles,00243,941
2,246,26,Coronel Pringles,00246,73
2,248,27,Coronel de Marina L. Rosales,00248,16219
2,248A,27,Coronel de Marina L. Rosales,0248A,547
2,248B,27,Coronel de Marina L. Rosales,0248B,125
2,248C,27,Coronel de Marina L. Rosales,0248C,12997
2,248D,27,Coronel de Marina L. Rosales,0248D,5682
2,248E,27,Coronel de Marina L. Rosales,0248E,10338
2,248F,27,Coronel de Marina L. Rosales,0248F,1160
2,249,27,Coronel de Marina L. Rosales,00249,262
2,249A,27,Coronel de Marina L. Rosales,0249A,1639
2,249B,27,Coronel de Marina L. Rosales,0249B,280
2,25,4,Avellaneda,00025,11584
2,252,28,Coronel Suárez,00252,23290
2,253,28,Coronel Suárez,00253,1687
2,254,28,Coronel Suárez,00254,4785
2,255,28,Coronel Suárez,00255,44
2,255A,28,Coronel Suárez,0255A,48
2,256A,28,Coronel Suárez,0256A,232
2,258,28,Coronel Suárez,00258,216
2,258A,28,Coronel Suárez,0258A,2285
2,258B,28,Coronel Suárez,0258B,2330
2,258C,28,Coronel Suárez,0258C,157
2,259,62,Lanús,00259,9127
2,26,4,Avellaneda,00026,6625
2,260,62,Lanús,00260,33762
2,261,62,Lanús,00261,34034
2,262,62,Lanús,00262,59709
2,263,62,Lanús,00263,20757
2,264,62,Lanús,00264,7446
2,265,62,Lanús,00265,25273
2,27,4,Avellaneda,00027,21826
2,271,62,Lanús,00271,12371
2,272,62,Lanús,00272,16665
2,273,62,Lanús,00273,56716
2,274,62,Lanús,00274,44012
2,275,62,Lanús,00275,27044
2,276,62,Lanús,00276,30097
2,282,33,Dolores,00282,25339
2,285,33,Dolores,00285,171
2,286,36,Esteban Echeverría,00286,4912
2,286A,36,Esteban Echeverría,0286A,31533
2,287,36,Esteban Echeverría,00287,24693
2,287A,36,Esteban Echeverría,0287A,19145
2,287B,36,Esteban Echeverría,0287B,6662
2,287C,36,Esteban Echeverría,0287C,17974
2,287D,36,Esteban Echeverría,0287D,24316
2,288,36,Esteban Echeverría,00288,26526
2,288A,36,Esteban Echeverría,0288A,17410
2,288B,36,Esteban Echeverría,0288B,30517
2,289,132,Ezeiza,00289,50101
2,290,132,Ezeiza,00290,32380
2,290A,132,Ezeiza,0290A,35399
2,290B,132,Ezeiza,0290B,25016
2,291,36,Esteban Echeverría,00291,15358
2,291A,36,Esteban Echeverría,0291A,20605
2,292,37,Exaltación de la Cruz,00292,10392
2,293,37,Exaltación de la Cruz,00293,11727
2,294,37,Exaltación de la Cruz,00294,3592
2,295,37,Exaltación de la Cruz,00295,5850
2,297,37,Exaltación de la Cruz,00297,549
2,298,37,Exaltación de la Cruz,00298,318
2,3,1,Adolfo Alsina,00003,3124
2,30,4,Avellaneda,00030,6171
2,302,38,Florencio Varela,00302,110688
2,302A,38,Florencio Varela,0302A,45125
2,302B,38,Florencio Varela,0302B,25329
2,302C,38,Florencio Varela,0302C,33891
2,302D,38,Florencio Varela,0302D,18958
2,302E,38,Florencio Varela,0302E,50366
2,302F,38,Florencio Varela,0302F,6237
2,303,38,Florencio Varela,00303,4816
2,303A,38,Florencio Varela,0303A,9892
2,303B,38,Florencio Varela,0303B,30389
2,304,128,Presidente Perón,00304,19943
2,304A,128,Presidente Perón,0304A,30168
2,304B,128,Presidente Perón,0304B,16577
2,304C,128,Presidente Perón,0304C,4254
2,305,39,General Alvarado,00305,29905
2,306,39,General Alvarado,00306,6438
2,307,39,General Alvarado,00307,1475
2,308,39,General Alvarado,00308,755
2,309,39,General Alvarado,00309,71
2,31,4,Avellaneda,00031,1340
2,310,40,General Alvear,00310,8802
2,311,40,General Alvear,00311,80
2,312,40,General Alvear,00312,103
2,314,41,General Arenales,00314,5322
2,315,41,General Arenales,00315,166
2,316,41,General Arenales,00316,4476
2,316A,41,General Arenales,0316A,323
2,317,41,General Arenales,00317,2148
2,318,41,General Arenales,00318,2882
2,32,4,Avellaneda,00032,4197
2,320,42,General Belgrano,00320,16357
2,322,42,General Belgrano,00322,118
2,324,42,General Belgrano,00324,294
2,326,43,General Guido,00326,1832
2,327,43,General Guido,00327,1068
2,33,4,Avellaneda,00033,11950
2,330,44,General La Madrid,00330,8591
2,332,44,General La Madrid,00332,266
2,334,44,General La Madrid,00334,607
2,335,44,General La Madrid,00335,313
2,336,44,General La Madrid,00336,58
2,337,119,La Costa,00337,13253
2,337A,119,La Costa,0337A,6185
2,337B,119,La Costa,0337B,16601
2,337C,119,La Costa,0337C,10985
2,337D,119,La Costa,0337D,12085
2,337E,119,La Costa,0337E,20345
2,338,46,General Lavalle,00338,3008
2,338A,46,General Lavalle,0338A,1601
2,338B,46,General Lavalle,0338B,545
2,339,90,Pinamar,00339,13268
2,339A,90,Pinamar,0339A,11711
2,339B,90,Pinamar,0339B,4571
2,339C,90,Pinamar,0339C,713
2,34,4,Avellaneda,00034,21187
2,340,47,General Juan Madariaga,00340,19216
2,341,47,General Juan Madariaga,00341,35
2,342,47,General Juan Madariaga,00342,65
2,343,47,General Juan Madariaga,00343,103
2,344,123,Villa Gesell,00344,32669
2,345,48,General Paz,00345,9506
2,348,48,General Paz,00348,868
2,349,48,General Paz,00349,59
2,350,48,General Paz,00350,42
2,351,48,General Paz,00351,1075
2,352,48,General Paz,00352,126
2,354,49,General Pinto,00354,7000
2,357,49,General Pinto,00357,1385
2,358,49,General Pinto,00358,65
2,359,49,General Pinto,00359,1088
2,360,49,General Pinto,00360,702
2,361,127,Florentino Ameghino,00361,7335
2,361A,127,Florentino Ameghino,0361A,151
2,362,127,Florentino Ameghino,00362,664
2,364,50,General Pueyrredón,00364,7359
2,364A,50,General Pueyrredón,0364A,22773
2,364B,50,General Pueyrredón,0364B,15790
2,364C,50,General Pueyrredón,0364C,16902
2,364D,50,General Pueyrredón,0364D,39663
2,364E,50,General Pueyrredón,0364E,29137
2,365,50,General Pueyrredón,00365,22481
2,365A,50,General Pueyrredón,0365A,20775
2,365B,50,General Pueyrredón,0365B,9427
2,365C,50,General Pueyrredón,0365C,21831
2,365D,50,General Pueyrredón,0365D,17251
2,365E,50,General Pueyrredón,0365E,16661
2,365F,50,General Pueyrredón,0365F,16663
2,366,50,General Pueyrredón,00366,84246
2,366A,50,General Pueyrredón,0366A,56533
2,367,50,General Pueyrredón,00367,70240
2,368,50,General Pueyrredón,00368,10648
2,368A,50,General Pueyrredón,0368A,2560
2,368B,50,General Pueyrredón,0368B,6343
2,368C,50,General Pueyrredón,0368C,73
2,369,50,General Pueyrredón,00369,8051
2,37,4,Avellaneda,00037,21344
2,370,50,General Pueyrredón,00370,21407
2,370A,50,General Pueyrredón,0370A,7223
2,370B,50,General Pueyrredón,0370B,1128
2,370C,50,General Pueyrredón,0370C,1367
2,370D,50,General Pueyrredón,0370D,1575
2,370E,50,General Pueyrredón,0370E,6815
2,370F,50,General Pueyrredón,0370F,21675
2,370G,50,General Pueyrredón,0370G,12692
2,374,51,General Rodríguez,00374,92628
2,376,52,General San Martín,00376,28005
2,377,52,General San Martín,00377,35933
2,377A,52,General San Martín,0377A,56608
2,378,52,General San Martín,00378,29480
2,379,52,General San Martín,00379,24231
2,38,4,Avellaneda,00038,37446
2,380,52,General San Martín,00380,18257
2,381,52,General San Martín,00381,48325
2,382,52,General San Martín,00382,8134
2,383,52,General San Martín,00383,6903
2,384,52,General San Martín,00384,18199
2,388,52,General San Martín,00388,77764
2,389,118,Tres de Febrero,00389,12854
2,39,4,Avellaneda,00039,54485
2,390,118,Tres de Febrero,00390,17761
2,391,118,Tres de Febrero,00391,78760
2,392,118,Tres de Febrero,00392,10902
2,393,118,Tres de Febrero,00393,51072
2,394,118,Tres de Febrero,00394,54867
2,394A,118,Tres de Febrero,0394A,13692
2,395,118,Tres de Febrero,00395,44508
2,397,53,San Miguel,00397,53910
2,397A,53,San Miguel,0397A,23982
2,397B,53,San Miguel,0397B,38123
2,397C,53,San Miguel,0397C,34449
2,398,129,José C. Paz,00398,79975
2,398A,129,José C. Paz,0398A,85397
2,398B,129,José C. Paz,0398B,64654
2,399,130,Malvinas Argentinas,00399,73820
2,399A,130,Malvinas Argentinas,0399A,38148
2,399B,130,Malvinas Argentinas,0399B,31583
2,399C,130,Malvinas Argentinas,0399C,1868
2,399D,130,Malvinas Argentinas,0399D,31688
2,399E,130,Malvinas Argentinas,0399E,21581
2,399F,130,Malvinas Argentinas,0399F,58656
2,399G,130,Malvinas Argentinas,0399G,22270
2,40,4,Avellaneda,00040,70924
2,400,53,San Miguel,00400,26832
2,401,53,San Miguel,00401,919
2,401A,53,San Miguel,0401A,35031
2,402,53,San Miguel,00402,30205
2,404,54,General Viamonte,00404,13357
2,405,54,General Viamonte,00405,186
2,406,54,General Viamonte,00406,235
2,407,54,General Viamonte,00407,90
2,408,54,General Viamonte,00408,1688
2,409,54,General Viamonte,00409,331
2,411,55,General Villegas,00411,17708
2,412,55,General Villegas,00412,66
2,413,55,General Villegas,00413,1058
2,414,55,General Villegas,00414,221
2,415,55,General Villegas,00415,1828
2,416,55,General Villegas,00416,2063
2,417,55,General Villegas,00417,282
2,418,55,General Villegas,00418,1131
2,419,55,General Villegas,00419,400
2,420,55,General Villegas,00420,622
2,421,55,General Villegas,00421,204
2,424,56,Adolfo Gonzales Chaves,00424,8900
2,427,56,Adolfo Gonzales Chaves,00427,1729
2,428,56,Adolfo Gonzales Chaves,00428,232
2,430,57,Guaminí,00430,2929
2,431,57,Guaminí,00431,4455
2,432,57,Guaminí,00432,1683
2,433,57,Guaminí,00433,153
2,434,57,Guaminí,00434,879
2,436,59,Benito Juárez,00436,14597
2,437,59,Benito Juárez,00437,123
2,439,59,Benito Juárez,00439,2850
2,440,59,Benito Juárez,00440,203
2,441,59,Benito Juárez,00441,170
2,444,60,Junín,00444,70137
2,445,60,Junín,00445,4404
2,446,60,Junín,00446,2879
2,447,60,Junín,00447,1751
2,448,60,Junín,00448,137
2,449,60,Junín,00449,51
2,450,60,Junín,00450,874
2,451,60,Junín,00451,994
2,452,60,Junín,00452,420
2,453,60,Junín,00453,35
2,454,60,Junín,00454,107
2,456,60,Junín,00456,277
2,46,5,Ayacucho,00046,18033
2,460,63,La Plata,00460,1858
2,461,63,La Plata,00461,1488
2,462,63,La Plata,00462,1658
2,463,63,La Plata,00463,999
2,464,63,La Plata,00464,2286
2,465,63,La Plata,00465,1956
2,466,63,La Plata,00466,2111
2,467,63,La Plata,00467,1897
2,468,63,La Plata,00468,1863
2,469,63,La Plata,00469,2085
2,471,63,La Plata,00471,1769
2,472,63,La Plata,00472,1279
2,473,63,La Plata,00473,4075
2,474,63,La Plata,00474,4830
2,475,63,La Plata,00475,15831
2,476,63,La Plata,00476,2861
2,477,63,La Plata,00477,6826
2,480,63,La Plata,00480,2652
2,481,63,La Plata,00481,3110
2,482,63,La Plata,00482,2771
2,483,63,La Plata,00483,2701
2,484,63,La Plata,00484,2697
2,485,63,La Plata,00485,2277
2,486,63,La Plata,00486,2773
2,487,63,La Plata,00487,2288
2,488,63,La Plata,00488,3203
2,490,34,Ensenada,00490,12727
2,491,34,Ensenada,00491,32977
2,491A,34,Ensenada,0491A,12260
2,492,34,Ensenada,00492,193
2,493,63,La Plata,00493,109
2,495,63,La Plata,00495,25297
2,496,63,La Plata,00496,29388
2,496A,63,La Plata,0496A,13336
2,496B,63,La Plata,0496B,12961
2,496C,63,La Plata,0496C,14503
2,496D,63,La Plata,0496D,17903
2,496E,63,La Plata,0496E,5354
2,496F,63,La Plata,0496F,275
2,497,63,La Plata,00497,13612
2,497A,63,La Plata,0497A,739
2,497B,63,La Plata,0497B,10283
2,497C,63,La Plata,0497C,9833
2,497D,63,La Plata,0497D,10558
2,497E,63,La Plata,0497E,12087
2,497F,63,La Plata,0497F,3468
2,498,63,La Plata,00498,1440
2,5,1,Adolfo Alsina,00005,1137
2,50,5,Ayacucho,00050,79
2,501,63,La Plata,00501,45582
2,502,63,La Plata,00502,43016
2,503,63,La Plata,00503,6390
2,503A,63,La Plata,0503A,9176
2,504,63,La Plata,00504,36320
2,504A,63,La Plata,0504A,27134
2,505,63,La Plata,00505,16542
2,505A,63,La Plata,0505A,11216
2,505B,63,La Plata,0505B,3483
2,508,63,La Plata,00508,11291
2,508A,63,La Plata,0508A,13081
2,508B,63,La Plata,0508B,8494
2,508C,63,La Plata,0508C,9091
2,508D,63,La Plata,0508D,11106
2,508E,63,La Plata,0508E,8358
2,508F,63,La Plata,0508F,2250
2,508G,63,La Plata,0508G,656
2,509,63,La Plata,00509,6910
2,509A,63,La Plata,0509A,9369
2,511,12,Berisso,00511,6974
2,512,12,Berisso,00512,21600
2,513,12,Berisso,00513,31804
2,513A,12,Berisso,0513A,21666
2,516,63,La Plata,00516,3174
2,517,63,La Plata,00517,3345
2,518,63,La Plata,00518,2728
2,519,63,La Plata,00519,5621
2,52,5,Ayacucho,00052,75
2,520,63,La Plata,00520,8346
2,521,63,La Plata,00521,3614
2,524,64,Laprida,00524,9613
2,528,64,Laprida,00528,270
2,530,113,Tigre,00530,66811
2,533,113,Tigre,00533,6808
2,534,113,Tigre,00534,36401
2,534A,113,Tigre,0534A,60185
2,535,113,Tigre,00535,48613
2,535A,113,Tigre,0535A,60024
2,536,113,Tigre,00536,44233
2,536A,113,Tigre,0536A,7682
2,538,65,Las Flores,00538,21754
2,539,65,Las Flores,00539,91
2,540,65,Las Flores,00540,101
2,541,65,Las Flores,00541,49
2,542,65,Las Flores,00542,54
2,543,65,Las Flores,00543,249
2,544,65,Las Flores,00544,37
2,545,65,Las Flores,00545,96
2,547,45,General Las Heras,00547,12503
2,548,45,General Las Heras,00548,1376
2,548A,45,General Las Heras,0548A,314
2,549,66,Leandro N. Alem,00549,8846
2,55,5,Ayacucho,00055,107
2,550,66,Leandro N. Alem,00550,97
2,551,66,Leandro N. Alem,00551,2358
2,552,66,Leandro N. Alem,00552,3507
2,553,66,Leandro N. Alem,00553,314
2,554,67,Lincoln,00554,27973
2,556,67,Lincoln,00556,80
2,557,67,Lincoln,00557,80
2,558,67,Lincoln,00558,60
2,559,67,Lincoln,00559,606
2,56,5,Ayacucho,00056,120
2,561,67,Lincoln,00561,1527
2,562,67,Lincoln,00562,2930
2,563,67,Lincoln,00563,1648
2,564,67,Lincoln,00564,1040
2,565,67,Lincoln,00565,190
2,566,67,Lincoln,00566,1853
2,567,67,Lincoln,00567,83
2,567A,67,Lincoln,0567A,421
2,568,68,Lobería,00568,12793
2,568A,68,Lobería,0568A,413
2,569,68,Lobería,00569,64
2,57,5,Ayacucho,00057,22
2,570,68,Lobería,00570,79
2,572,68,Lobería,00572,1576
2,574,69,Lobos,00574,22397
2,575,69,Lobos,00575,7547
2,576,69,Lobos,00576,317
2,576A,69,Lobos,0576A,144
2,577,69,Lobos,00577,536
2,578,69,Lobos,00578,1000
2,579,69,Lobos,00579,531
2,580,69,Lobos,00580,184
2,581,69,Lobos,00581,371
2,583,70,Lomas de Zamora,00583,59018
2,583A,70,Lomas de Zamora,0583A,39097
2,583B,70,Lomas de Zamora,0583B,29262
2,583C,70,Lomas de Zamora,0583C,22503
2,583D,70,Lomas de Zamora,0583D,27835
2,583E,70,Lomas de Zamora,0583E,19406
2,584,70,Lomas de Zamora,00584,19712
2,585,70,Lomas de Zamora,00585,11555
2,586,70,Lomas de Zamora,00586,16998
2,587,70,Lomas de Zamora,00587,96667
2,588,70,Lomas de Zamora,00588,12567
2,589,70,Lomas de Zamora,00589,22219
2,590,70,Lomas de Zamora,00590,36765
2,590A,70,Lomas de Zamora,0590A,43700
2,591,70,Lomas de Zamora,00591,15220
2,592,70,Lomas de Zamora,00592,7089
2,593,70,Lomas de Zamora,00593,21854
2,593A,70,Lomas de Zamora,0593A,11861
2,596,71,Luján,00596,72125
2,597,71,Luján,00597,752
2,598,71,Luján,00598,4044
2,599,71,Luján,00599,7492
2,6,1,Adolfo Alsina,00006,99
2,60,6,Azul,00060,51894
2,600,71,Luján,00600,2331
2,601,71,Luján,00601,947
2,602,71,Luján,00602,5775
2,603,71,Luján,00603,2194
2,604,72,Magdalena,00604,2770
2,605,72,Magdalena,00605,906
2,606,72,Magdalena,00606,11390
2,607,72,Magdalena,00607,100
2,608,72,Magdalena,00608,170
2,609,72,Magdalena,00609,406
2,61,6,Azul,00061,79
2,610,72,Magdalena,00610,43
2,611,131,Punta Indio,00611,104
2,612,131,Punta Indio,00612,269
2,613,131,Punta Indio,00613,7744
2,613A,131,Punta Indio,0613A,1045
2,613B,131,Punta Indio,0613B,1006
2,615,73,Maipú,00615,9565
2,616,73,Maipú,00616,514
2,617,73,Maipú,00617,134
2,617A,73,Maipú,0617A,26
2,619,74,Mar Chiquita,00619,8969
2,62,6,Azul,00062,2925
2,620,74,Mar Chiquita,00620,2954
2,621,74,Mar Chiquita,00621,121
2,622,74,Mar Chiquita,00622,1959
2,622A,74,Mar Chiquita,0622A,14587
2,622B,74,Mar Chiquita,0622B,2966
2,624,75,Marcos Paz,00624,48157
2,624A,75,Marcos Paz,0624A,514
2,626,61,La Matanza,00626,51639
2,626A,61,La Matanza,0626A,38012
2,627,61,La Matanza,00627,17002
2,628,61,La Matanza,00628,50248
2,629,61,La Matanza,00629,31258
2,629A,61,La Matanza,0629A,54363
2,629B,61,La Matanza,0629B,40807
2,62A,6,Azul,0062A,109
2,62B,6,Azul,0062B,101
2,63,6,Azul,00063,25
2,630,61,La Matanza,00630,34823
2,631,61,La Matanza,00631,29298
2,631A,61,La Matanza,0631A,42676
2,631B,61,La Matanza,0631B,9671
2,631C,61,La Matanza,0631C,18706
2,631D,61,La Matanza,0631D,38152
2,632,61,La Matanza,00632,11199
2,632A,61,La Matanza,0632A,12414
2,632B,61,La Matanza,0632B,3615
2,633,61,La Matanza,00633,57318
2,634,61,La Matanza,00634,29810
2,635,61,La Matanza,00635,104433
2,635A,61,La Matanza,0635A,98637
2,635B,61,La Matanza,0635B,111420
2,635C,61,La Matanza,0635C,59042
2,635D,61,La Matanza,0635D,49819
2,635E,61,La Matanza,0635E,51315
2,635F,61,La Matanza,0635F,1246
2,638,76,Mercedes,00638,24627
2,639,76,Mercedes,00639,7431
2,640,76,Mercedes,00640,9715
2,641,76,Mercedes,00641,2676
2,642,76,Mercedes,00642,9664
2,643,76,Mercedes,00643,2541
2,644,76,Mercedes,00644,816
2,645,76,Mercedes,00645,176
2,646,76,Mercedes,00646,269
2,647,76,Mercedes,00647,124
2,648,76,Mercedes,00648,209
2,65,6,Azul,00065,32
2,652,77,Merlo,00652,61034
2,652A,77,Merlo,0652A,149391
2,653,77,Merlo,00653,66620
2,654,77,Merlo,00654,35625
2,655,77,Merlo,00655,53365
2,655A,77,Merlo,0655A,60382
2,656,78,Monte,00656,18757
2,657,78,Monte,00657,329
2,658,78,Monte,00658,152
2,659,78,Monte,00659,44
2,66,6,Azul,00066,108
2,660,78,Monte,00660,227
2,661,78,Monte,00661,726
2,663,79,Moreno,00663,41913
2,663A,79,Moreno,0663A,51060
2,663B,79,Moreno,0663B,59210
2,663C,79,Moreno,0663C,86384
2,663D,79,Moreno,0663D,33744
2,664,79,Moreno,00664,27244
2,664A,79,Moreno,0664A,30887
2,664B,79,Moreno,0664B,32337
2,665,80,Morón,00665,105153
2,666,133,Ituzaingó,00666,60010
2,666A,133,Ituzaingó,0666A,32514
2,667,133,Ituzaingó,00667,55542
2,668,134,Hurlingham,00668,56859
2,668A,134,Hurlingham,0668A,43197
2,668B,134,Hurlingham,0668B,57868
2,669,80,Morón,00669,35875
2,67,6,Azul,00067,3297
2,670,80,Morón,00670,11942
2,671,80,Morón,00671,45488
2,672,80,Morón,00672,36211
2,673,80,Morón,00673,43226
2,675,81,Navarro,00675,13537
2,676,81,Navarro,00676,238
2,677,81,Navarro,00677,127
2,678,81,Navarro,00678,178
2,679,81,Navarro,00679,90
2,680,81,Navarro,00680,123
2,681,81,Navarro,00681,632
2,681A,81,Navarro,0681A,200
2,682,81,Navarro,00682,77
2,683,81,Navarro,00683,468
2,686,82,Necochea,00686,65162
2,686A,82,Necochea,0686A,15906
2,687,82,Necochea,00687,1945
2,688,82,Necochea,00688,550
2,691,82,Necochea,00691,2656
2,692,82,Necochea,00692,576
2,696,83,9 de Julio,00696,35170
2,697,83,9 de Julio,00697,131
2,698,83,9 de Julio,00698,753
2,699,83,9 de Julio,00699,762
2,7,1,Adolfo Alsina,00007,529
2,700,83,9 de Julio,00700,516
2,701,83,9 de Julio,00701,503
2,703,83,9 de Julio,00703,1757
2,704,83,9 de Julio,00704,57
2,705,83,9 de Julio,00705,50
2,705A,83,9 de Julio,0705A,529
2,706,83,9 de Julio,00706,2312
2,707,83,9 de Julio,00707,352
2,708,83,9 de Julio,00708,45
2,709,83,9 de Julio,00709,271
2,711,84,Olavarría,00711,12528
2,711A,84,Olavarría,0711A,7589
2,711B,84,Olavarría,0711B,9726
2,711C,84,Olavarría,0711C,15441
2,711D,84,Olavarría,0711D,20607
2,711E,84,Olavarría,0711E,16601
2,712,84,Olavarría,00712,225
2,714,84,Olavarría,00714,1159
2,715,84,Olavarría,00715,3640
2,716,84,Olavarría,00716,2357
2,717,84,Olavarría,00717,3414
2,718,84,Olavarría,00718,546
2,718A,84,Olavarría,0718A,31
2,719,84,Olavarría,00719,3329
2,719A,84,Olavarría,0719A,26
2,72,7,Bahía Blanca,00072,9710
2,720,84,Olavarría,00720,120
2,723,84,Olavarría,00723,287
2,723A,84,Olavarría,0723A,105
2,725,84,Olavarría,00725,508
2,729,22,Patagones,00729,20134
2,73,7,Bahía Blanca,00073,21138
2,730,22,Patagones,00730,120
2,731,22,Patagones,00731,2154
2,731A,22,Patagones,0731A,832
2,732,22,Patagones,00732,4226
2,733,22,Patagones,00733,1149
2,734,85,Pehuajó,00734,30111
2,734A,85,Pehuajó,0734A,126
2,735,85,Pehuajó,00735,248
2,736,85,Pehuajó,00736,233
2,738,85,Pehuajó,00738,1417
2,739,85,Pehuajó,00739,1868
2,74,7,Bahía Blanca,00074,20732
2,740,85,Pehuajó,00740,346
2,741,85,Pehuajó,00741,1674
2,742,58,Hipólito Yrigoyen,00742,8140
2,742B,58,Hipólito Yrigoyen,0742B,106
2,743,86,Pellegrini,00743,5273
2,744,126,Tres Lomas,00744,6719
2,745,126,Tres Lomas,00745,125
2,746,100,Salliqueló,00746,7305
2,746A,100,Salliqueló,0746A,535
2,747,87,Pergamino,00747,191
2,747A,87,Pergamino,0747A,306
2,748,87,Pergamino,00748,15373
2,748A,87,Pergamino,0748A,17651
2,748B,87,Pergamino,0748B,16207
2,748C,87,Pergamino,0748C,16337
2,748D,87,Pergamino,0748D,16944
2,748E,87,Pergamino,0748E,105
2,749,87,Pergamino,00749,1114
2,75,7,Bahía Blanca,00075,8825
2,750,87,Pergamino,00750,58
2,751,87,Pergamino,00751,1478
2,752,87,Pergamino,00752,183
2,753,87,Pergamino,00753,1198
2,754,87,Pergamino,00754,461
2,754A,87,Pergamino,0754A,918
2,755,87,Pergamino,00755,797
2,756,87,Pergamino,00756,1030
2,757,87,Pergamino,00757,13
2,758,87,Pergamino,00758,643
2,759,87,Pergamino,00759,846
2,76,7,Bahía Blanca,00076,40201
2,765,88,Pila,00765,3413
2,766,88,Pila,00766,205
2,768,89,Pilar,00768,23823
2,768A,89,Pilar,0768A,19572
2,768B,89,Pilar,0768B,19507
2,768C,89,Pilar,0768C,23853
2,769,89,Pilar,00769,6523
2,769A,89,Pilar,0769A,5190
2,77,7,Bahía Blanca,00077,4651
2,770,89,Pilar,00770,4278
2,770A,89,Pilar,0770A,2924
2,770B,89,Pilar,0770B,4509
2,770C,89,Pilar,0770C,5926
2,770D,89,Pilar,0770D,19870
2,770E,89,Pilar,0770E,5131
2,770F,89,Pilar,0770F,14752
2,771,89,Pilar,00771,14792
2,771A,89,Pilar,0771A,5400
2,771B,89,Pilar,0771B,8940
2,771C,89,Pilar,0771C,26073
2,771D,89,Pilar,0771D,27744
2,772,89,Pilar,00772,16232
2,772A,89,Pilar,0772A,16410
2,772B,89,Pilar,0772B,3533
2,773,35,Escobar,00773,30742
2,773A,35,Escobar,0773A,68662
2,773B,35,Escobar,0773B,23921
2,774,35,Escobar,00774,56177
2,775,35,Escobar,00775,17371
2,776,91,Puan,00776,4811
2,777,91,Puan,00777,953
2,777A,91,Puan,0777A,150
2,778,91,Puan,00778,5333
2,779,91,Puan,00779,458
2,78,7,Bahía Blanca,00078,4921
2,780,91,Puan,00780,1828
2,781,91,Puan,00781,164
2,782,91,Puan,00782,668
2,783,92,Quilmes,00783,20160
2,783A,92,Quilmes,0783A,18202
2,784,92,Quilmes,00784,25002
2,785,92,Quilmes,00785,39982
2,785A,92,Quilmes,0785A,22834
2,785B,92,Quilmes,0785B,41888
2,786,92,Quilmes,00786,19273
2,786A,92,Quilmes,0786A,15024
2,787,92,Quilmes,00787,17056
2,787A,92,Quilmes,0787A,26491
2,788,92,Quilmes,00788,33154
2,788A,92,Quilmes,0788A,55952
2,788B,92,Quilmes,0788B,29589
2,788C,92,Quilmes,0788C,32877
2,789,11,Berazategui,00789,38454
2,789A,11,Berazategui,0789A,32717
2,789B,11,Berazategui,0789B,17252
2,789C,11,Berazategui,0789C,18609
2,789D,11,Berazategui,0789D,19387
2,789E,11,Berazategui,0789E,16268
2,789F,11,Berazategui,0789F,13132
2,79,7,Bahía Blanca,00079,6755
2,790,11,Berazategui,00790,22166
2,790A,11,Berazategui,0790A,10470
2,791,92,Quilmes,00791,21358
2,791A,92,Quilmes,0791A,31032
2,791B,92,Quilmes,0791B,26629
2,792,11,Berazategui,00792,23048
2,792A,11,Berazategui,0792A,16449
2,792B,11,Berazategui,0792B,11700
2,792C,11,Berazategui,0792C,17313
2,792D,11,Berazategui,0792D,16388
2,797,93,Ramallo,00797,12965
2,798,93,Ramallo,00798,11013
2,80,7,Bahía Blanca,00080,1961
2,800,93,Ramallo,00800,1933
2,801,93,Ramallo,00801,64
2,803,93,Ramallo,00803,4366
2,804,93,Ramallo,00804,626
2,806,94,Rauch,00806,13681
2,807,94,Rauch,00807,30
2,808,94,Rauch,00808,36
2,810,94,Rauch,00810,48
2,811,94,Rauch,00811,117
2,812,94,Rauch,00812,32
2,813,94,Rauch,00813,110
2,815,95,Rivadavia,00815,11531
2,816,95,Rivadavia,00816,479
2,817,95,Rivadavia,00817,1295
2,818,95,Rivadavia,00818,42
2,819,95,Rivadavia,00819,237
2,820,95,Rivadavia,00820,1166
2,823,96,Rojas,00823,18653
2,824,96,Rojas,00824,61
2,825,96,Rojas,00825,98
2,826,96,Rojas,00826,131
2,827,96,Rojas,00827,867
2,828,96,Rojas,00828,60
2,829,96,Rojas,00829,46
2,83,7,Bahía Blanca,00083,11320
2,830,96,Rojas,00830,1077
2,832,97,Roque Pérez,00832,10426
2,833,97,Roque Pérez,00833,258
2,834,97,Roque Pérez,00834,224
2,835,97,Roque Pérez,00835,148
2,836,97,Roque Pérez,00836,392
2,839,98,Saavedra,00839,2088
2,84,7,Bahía Blanca,00084,10040
2,840,98,Saavedra,00840,14037
2,841,98,Saavedra,00841,534
2,842,98,Saavedra,00842,833
2,843,98,Saavedra,00843,499
2,844,98,Saavedra,00844,256
2,846,99,Saladillo,00846,26184
2,846A,99,Saladillo,0846A,241
2,847,99,Saladillo,00847,366
2,848,99,Saladillo,00848,94
2,849,99,Saladillo,00849,1236
2,849A,99,Saladillo,0849A,484
2,85,7,Bahía Blanca,00085,27992
2,850,99,Saladillo,00850,397
2,851,99,Saladillo,00851,72
2,852,99,Saladillo,00852,133
2,854,101,Salto,00854,26794
2,855,101,Salto,00855,1600
2,855A,101,Salto,0855A,49
2,856,101,Salto,00856,676
2,857,101,Salto,00857,911
2,857A,101,Salto,0857A,24
2,857B,101,Salto,0857B,120
2,858,101,Salto,00858,211
2,86,7,Bahía Blanca,00086,24211
2,860,102,San Andrés de Giles,00860,17069
2,861,102,San Andrés de Giles,00861,635
2,862A,102,San Andrés de Giles,0862A,250
2,863,102,San Andrés de Giles,00863,1009
2,863A,102,San Andrés de Giles,0863A,445
2,864,102,San Andrés de Giles,00864,964
2,864A,102,San Andrés de Giles,0864A,384
2,866,103,San Antonio de Areco,00866,17922
2,867,103,San Antonio de Areco,00867,970
2,869,103,San Antonio de Areco,00869,787
2,87,7,Bahía Blanca,00087,16073
2,870,103,San Antonio de Areco,00870,1257
2,871,104,San Cayetano,00871,7183
2,871A,104,San Cayetano,0871A,56
2,871B,104,San Cayetano,0871B,79
2,871C,104,San Cayetano,0871C,75
2,872,105,San Fernando,00872,6577
2,873,105,San Fernando,00873,3745
2,874,105,San Fernando,00874,2456
2,875,105,San Fernando,00875,1901
2,876,105,San Fernando,00876,2522
2,877,105,San Fernando,00877,18891
2,878,105,San Fernando,00878,19619
2,878A,105,San Fernando,0878A,16095
2,879,105,San Fernando,00879,19206
2,879A,105,San Fernando,0879A,20093
2,88,7,Bahía Blanca,00088,5868
2,880,105,San Fernando,00880,15460
2,880A,105,San Fernando,0880A,3167
2,880B,105,San Fernando,0880B,3329
2,882,105,San Fernando,00882,1183
2,882A,105,San Fernando,0882A,1255
2,887,106,San Isidro,00887,13313
2,888,106,San Isidro,00888,17421
2,889,106,San Isidro,00889,26587
2,89,7,Bahía Blanca,00089,8820
2,890,106,San Isidro,00890,3551
2,891,106,San Isidro,00891,48146
2,892,106,San Isidro,00892,66352
2,892A,106,San Isidro,0892A,36309
2,893,106,San Isidro,00893,36862
2,894,106,San Isidro,00894,5245
2,895,106,San Isidro,00895,18572
2,90,7,Bahía Blanca,00090,35
2,901,107,San Nicolás,00901,33430
2,901A,107,San Nicolás,0901A,12372
2,901B,107,San Nicolás,0901B,19715
2,902,107,San Nicolás,00902,8432
2,903,107,San Nicolás,00903,7428
2,904,107,San Nicolás,00904,22639
2,905,107,San Nicolás,00905,11301
2,906,107,San Nicolás,00906,2448
2,907,107,San Nicolás,00907,1409
2,908,107,San Nicolás,00908,1377
2,909,107,San Nicolás,00909,424
2,91,7,Bahía Blanca,00091,13458
2,910,107,San Nicolás,00910,1841
2,911,107,San Nicolás,00911,5010
2,913,108,San Pedro,00913,43328
2,914,108,San Pedro,00914,2179
2,915,108,San Pedro,00915,2776
2,917,108,San Pedro,00917,2770
2,918,108,San Pedro,00918,170
2,919,108,San Pedro,00919,79
2,92,7,Bahía Blanca,00092,9348
2,920,108,San Pedro,00920,648
2,922,108,San Pedro,00922,2466
2,924,109,San Vicente,00924,28237
2,925,109,San Vicente,00925,33946
2,926,109,San Vicente,00926,3091
2,927,109,San Vicente,00927,48
2,929,110,Suipacha,00929,9115
2,93,7,Bahía Blanca,00093,4465
2,930,110,Suipacha,00930,76
2,931,110,Suipacha,00931,656
2,933A,111,Tandil,0933A,9000
2,933B,111,Tandil,0933B,9068
2,933C,111,Tandil,0933C,6996
2,933D,111,Tandil,0933D,4480
2,933E,111,Tandil,0933E,5936
2,933F,111,Tandil,0933F,8102
2,933G,111,Tandil,0933G,5405
2,933H,111,Tandil,0933H,5239
2,933I,111,Tandil,0933I,11122
2,933J,111,Tandil,0933J,5719
2,933K,111,Tandil,0933K,14487
2,933L,111,Tandil,0933L,25613
2,933M,111,Tandil,0933M,149
2,934,111,Tandil,00934,351
2,937,111,Tandil,00937,1900
2,938,111,Tandil,00938,231
2,939,111,Tandil,00939,109
2,940,111,Tandil,00940,821
2,944,112,Tapalqué,00944,8274
2,945,112,Tapalqué,00945,49
2,946,112,Tapalqué,00946,33
2,947,112,Tapalqué,00947,137
2,948,112,Tapalqué,00948,57
2,949,112,Tapalqué,00949,342
2,951,116,Tordillo,00951,2422
2,953,114,Tornquist,00953,8851
2,954,114,Tornquist,00954,642
2,955,114,Tornquist,00955,1913
2,955A,114,Tornquist,0955A,3121
2,955B,114,Tornquist,0955B,1019
2,956,114,Tornquist,00956,279
2,957,115,Trenque Lauquen,00957,35108
2,958,115,Trenque Lauquen,00958,1053
2,960,115,Trenque Lauquen,00960,20
2,961,115,Trenque Lauquen,00961,5144
2,961A,115,Trenque Lauquen,0961A,54
2,961D,115,Trenque Lauquen,0961D,171
2,964,117,Tres Arroyos,00964,46223
2,968,117,Tres Arroyos,00968,55
2,969,117,Tres Arroyos,00969,650
2,970,117,Tres Arroyos,00970,66
2,972,117,Tres Arroyos,00972,2172
2,973,117,Tres Arroyos,00973,540
2,973A,117,Tres Arroyos,0973A,2007
2,975,117,Tres Arroyos,00975,1026
2,975A,117,Tres Arroyos,0975A,53
2,975B,117,Tres Arroyos,0975B,681
2,98,8,Balcarce,00098,38880
2,980,121,25 de Mayo,00980,22822
2,981,121,25 de Mayo,00981,125
2,982,121,25 de Mayo,00982,72
2,983,121,25 de Mayo,00983,4713
2,984,121,25 de Mayo,00984,1688
2,985,121,25 de Mayo,00985,410
2,986,121,25 de Mayo,00986,65
2,988,121,25 de Mayo,00988,714
2,989,121,25 de Mayo,00989,296
2,99,8,Balcarce,00099,614
2,990,121,25 de Mayo,00990,281
2,991,121,25 de Mayo,00991,568
2,993,122,Vicente López,00993,23544
2,993A,122,Vicente López,0993A,12143
2,994,122,Vicente López,00994,12353
2,995,122,Vicente López,00995,14769
2,996,122,Vicente López,00996,14370
2,997,122,Vicente López,00997,11075
2,998,122,Vicente López,00998,17052
2,999,122,Vicente López,00999,35446
20,1,1,Deseado,00001,12376
20,10,3,Magallanes,00010,10367
20,11,3,Magallanes,00011,36
20,12,4,Río Chico,00012,24
20,12B,4,Río Chico,0012B,461
20,13,4,Río Chico,00013,3851
20,13A,4,Río Chico,0013A,35
20,14,5,Corpen Aike,00014,7217
20,14A,5,Corpen Aike,0014A,10
20,15,5,Corpen Aike,00015,4359
20,15A,5,Corpen Aike,0015A,12
20,16,6,Lago Argentino,00016,355
20,16A,6,Lago Argentino,0016A,1827
20,17,6,Lago Argentino,00017,19939
20,1800,7,Güer Aike,01800,10042
20,1810,7,Güer Aike,01810,29878
20,1820,7,Güer Aike,01820,10875
20,1830,7,Güer Aike,01830,16629
20,1840,7,Güer Aike,01840,7082
20,1850,7,Güer Aike,01850,14786
20,19,7,Güer Aike,00019,105
20,1A,1,Deseado,0001A,58
20,2,1,Deseado,00002,912
20,20,7,Güer Aike,00020,60
20,21,7,Güer Aike,00021,9318
20,21A,7,Güer Aike,0021A,16
20,21B,7,Güer Aike,0021B,7508
20,300,1,Deseado,00300,16423
20,310,1,Deseado,00310,22947
20,320,1,Deseado,00320,7903
20,4,1,Deseado,00004,1024
20,4A,1,Deseado,0004A,17
20,5,1,Deseado,00005,19550
20,5A,1,Deseado,0005A,353
20,6,1,Deseado,00006,18543
20,6A,1,Deseado,0006A,25
20,8,2,Lago Buenos Aires,00008,6553
20,8A,2,Lago Buenos Aires,0008A,24
20,9,2,Lago Buenos Aires,00009,3900
21,10,1,La Capital,00010,3933
21,100,1,La Capital,00100,9114
21,1000,3,San Jerónimo,01000,101
21,1010,3,San Jerónimo,01010,177
21,1040,4,Garay,01040,262
21,1050,4,Garay,01050,690
21,1060,4,Garay,01060,7706
21,1064,4,Garay,01064,38
21,1066,4,Garay,01066,66
21,1070,4,Garay,01070,3703
21,1080,4,Garay,01080,5352
21,1085,4,Garay,01085,849
21,1090,4,Garay,01090,727
21,110,1,La Capital,00110,7610
21,1100,4,Garay,01100,516
21,1110,5,Castellanos,01110,201
21,1120,5,Castellanos,01120,161
21,1130,5,Castellanos,01130,179
21,1140,5,Castellanos,01140,160
21,115,1,La Capital,00115,9876
21,1150,5,Castellanos,01150,1326
21,1160,5,Castellanos,01160,297
21,1170,5,Castellanos,01170,4657
21,1180,5,Castellanos,01180,19381
21,1190,5,Castellanos,01190,719
21,120,1,La Capital,00120,8417
21,1200,5,Castellanos,01200,1705
21,1202,5,Castellanos,01202,52
21,1204,5,Castellanos,01204,46
21,1210,5,Castellanos,01210,1766
21,1220,5,Castellanos,01220,401
21,1230,5,Castellanos,01230,2618
21,1240,5,Castellanos,01240,1625
21,1250,5,Castellanos,01250,1303
21,1260,5,Castellanos,01260,299
21,1270,5,Castellanos,01270,737
21,1280,5,Castellanos,01280,30901
21,1282,5,Castellanos,01282,15431
21,1284,5,Castellanos,01284,18366
21,1286,5,Castellanos,01286,17297
21,1290,5,Castellanos,01290,254
21,130,1,La Capital,00130,16109
21,1300,5,Castellanos,01300,1814
21,1310,5,Castellanos,01310,639
21,1320,5,Castellanos,01320,1294
21,1330,5,Castellanos,01330,145
21,1340,5,Castellanos,01340,733
21,1342,5,Castellanos,01342,872
21,1345,5,Castellanos,01345,7239
21,1350,5,Castellanos,01350,184
21,1360,5,Castellanos,01360,1285
21,1365,5,Castellanos,01365,49
21,1370,5,Castellanos,01370,1191
21,1380,5,Castellanos,01380,1479
21,1390,5,Castellanos,01390,512
21,140,1,La Capital,00140,15259
21,1400,5,Castellanos,01400,4211
21,1410,5,Castellanos,01410,313
21,142,1,La Capital,00142,9159
21,1420,5,Castellanos,01420,5374
21,1430,5,Castellanos,01430,1418
21,1440,5,Castellanos,01440,789
21,1450,5,Castellanos,01450,308
21,1460,5,Castellanos,01460,350
21,1470,5,Castellanos,01470,172
21,1480,5,Castellanos,01480,113
21,1490,5,Castellanos,01490,145
21,150,1,La Capital,00150,19125
21,1500,5,Castellanos,01500,94
21,1510,5,Castellanos,01510,292
21,152,1,La Capital,00152,6788
21,1520,5,Castellanos,01520,54
21,1530,6,San Martín,01530,513
21,1540,6,San Martín,01540,297
21,1550,6,San Martín,01550,4890
21,1560,6,San Martín,01560,2445
21,1570,6,San Martín,01570,1054
21,1580,6,San Martín,01580,16426
21,1590,6,San Martín,01590,1161
21,160,1,La Capital,00160,22951
21,1600,6,San Martín,01600,4801
21,161,1,La Capital,00161,27673
21,1610,6,San Martín,01610,4518
21,162,1,La Capital,00162,16430
21,1620,6,San Martín,01620,652
21,1630,6,San Martín,01630,205
21,1640,6,San Martín,01640,2839
21,165,1,La Capital,00165,14298
21,1650,6,San Martín,01650,10515
21,1660,6,San Martín,01660,2773
21,1670,6,San Martín,01670,1124
21,1680,6,San Martín,01680,152
21,1690,6,San Martín,01690,799
21,170,1,La Capital,00170,8896
21,171,1,La Capital,00171,11994
21,172,1,La Capital,00172,7114
21,1740,7,San Cristóbal,01740,148
21,175,1,La Capital,00175,30538
21,1750,7,San Cristóbal,01750,197
21,1760,7,San Cristóbal,01760,359
21,1770,7,San Cristóbal,01770,349
21,1780,7,San Cristóbal,01780,14692
21,1790,7,San Cristóbal,01790,2721
21,180,1,La Capital,00180,9036
21,1800,7,San Cristóbal,01800,1033
21,1810,7,San Cristóbal,01810,717
21,1815,7,San Cristóbal,01815,129
21,1820,7,San Cristóbal,01820,156
21,1830,7,San Cristóbal,01830,2893
21,1840,7,San Cristóbal,01840,1832
21,185,1,La Capital,00185,7299
21,1850,7,San Cristóbal,01850,13362
21,1860,7,San Cristóbal,01860,226
21,1870,7,San Cristóbal,01870,836
21,1880,7,San Cristóbal,01880,7623
21,1890,7,San Cristóbal,01890,417
21,190,1,La Capital,00190,4498
21,1910,7,San Cristóbal,01910,5718
21,192,1,La Capital,00192,7079
21,1920,7,San Cristóbal,01920,261
21,1930,7,San Cristóbal,01930,2044
21,194,1,La Capital,00194,6607
21,1940,7,San Cristóbal,01940,429
21,1950,7,San Cristóbal,01950,1079
21,196,1,La Capital,00196,2087
21,1960,7,San Cristóbal,01960,679
21,1964,7,San Cristóbal,01964,22
21,1970,7,San Cristóbal,01970,388
21,1980,7,San Cristóbal,01980,180
21,1990,7,San Cristóbal,01990,120
21,20,1,La Capital,00020,3739
21,200,1,La Capital,00200,22683
21,2000,7,San Cristóbal,02000,553
21,2010,7,San Cristóbal,02010,343
21,202,1,La Capital,00202,25000
21,2020,7,San Cristóbal,02020,300
21,2030,7,San Cristóbal,02030,321
21,204,1,La Capital,00204,10930
21,2040,7,San Cristóbal,02040,121
21,2050,7,San Cristóbal,02050,311
21,2070,8,San Justo,02070,421
21,2080,8,San Justo,02080,2027
21,2084,8,San Justo,02084,78
21,2086,8,San Justo,02086,189
21,2090,8,San Justo,02090,370
21,2100,8,San Justo,02100,20744
21,2105,8,San Justo,02105,104
21,2110,8,San Justo,02110,651
21,2120,8,San Justo,02120,1556
21,2125,8,San Justo,02125,459
21,2130,8,San Justo,02130,5185
21,2140,8,San Justo,02140,686
21,2145,8,San Justo,02145,638
21,2150,8,San Justo,02150,1063
21,2155,8,San Justo,02155,112
21,2160,8,San Justo,02160,1989
21,2165,8,San Justo,02165,55
21,2170,8,San Justo,02170,351
21,2180,8,San Justo,02180,572
21,2190,8,San Justo,02190,43
21,220,1,La Capital,00220,11501
21,2200,9,General Obligado,02200,385
21,2210,9,General Obligado,02210,7251
21,2215,9,General Obligado,02215,45
21,2220,9,General Obligado,02220,678
21,2230,9,General Obligado,02230,484
21,2235,9,General Obligado,02235,90
21,2240,9,General Obligado,02240,20292
21,2242,9,General Obligado,02242,7775
21,2244,9,General Obligado,02244,11104
21,2246,9,General Obligado,02246,23604
21,2248,9,General Obligado,02248,1017
21,2249,9,General Obligado,02249,191
21,2250,9,General Obligado,02250,23129
21,2255,9,General Obligado,02255,142
21,2260,9,General Obligado,02260,799
21,2270,9,General Obligado,02270,2120
21,2272,9,General Obligado,02272,668
21,2274,9,General Obligado,02274,83
21,2280,9,General Obligado,02280,1345
21,2290,9,General Obligado,02290,941
21,230,1,La Capital,00230,14155
21,2300,9,General Obligado,02300,2819
21,2305,9,General Obligado,02305,31
21,2310,9,General Obligado,02310,394
21,2320,9,General Obligado,02320,16165
21,2325,9,General Obligado,02325,88
21,2330,9,General Obligado,02330,2664
21,2340,9,General Obligado,02340,2337
21,2350,9,General Obligado,02350,10775
21,2370,9,General Obligado,02370,4154
21,2380,9,General Obligado,02380,1002
21,2390,9,General Obligado,02390,5009
21,2395,9,General Obligado,02395,678
21,240,1,La Capital,00240,6931
21,2400,9,General Obligado,02400,227
21,2410,9,General Obligado,02410,45
21,2420,9,General Obligado,02420,1141
21,2440,9,General Obligado,02440,138
21,2444,9,General Obligado,02444,520
21,2446,9,General Obligado,02446,535
21,2450,9,General Obligado,02450,1068
21,2460,9,General Obligado,02460,1060
21,2465,9,General Obligado,02465,159
21,2470,9,General Obligado,02470,726
21,2480,9,General Obligado,02480,175
21,2490,9,General Obligado,02490,125
21,250,1,La Capital,00250,904
21,2510,10,Vera,02510,10204
21,2520,10,Vera,02520,3740
21,2530,10,Vera,02530,2238
21,2540,10,Vera,02540,18665
21,2545,10,Vera,02545,190
21,2550,10,Vera,02550,84
21,2560,10,Vera,02560,664
21,2570,10,Vera,02570,1546
21,2580,10,Vera,02580,153
21,2590,10,Vera,02590,1189
21,260,1,La Capital,00260,1408
21,2600,10,Vera,02600,1906
21,2610,10,Vera,02610,371
21,2620,10,Vera,02620,495
21,2630,10,Vera,02630,1078
21,2640,10,Vera,02640,359
21,2670,10,Vera,02670,61
21,2680,10,Vera,02680,2476
21,2682,10,Vera,02682,451
21,2684,10,Vera,02684,180
21,2690,10,Vera,02690,294
21,270,1,La Capital,00270,11312
21,2700,10,Vera,02700,63
21,2710,10,Vera,02710,23
21,2740,11,San Javier,02740,351
21,2750,11,San Javier,02750,14058
21,2755,11,San Javier,02755,784
21,2758,11,San Javier,02758,692
21,2760,11,San Javier,02760,3069
21,2762,11,San Javier,02762,14
21,2764,11,San Javier,02764,34
21,2766,11,San Javier,02766,226
21,2770,11,San Javier,02770,7598
21,2772,11,San Javier,02772,35
21,2774,11,San Javier,02774,47
21,2780,11,San Javier,02780,15
21,2790,11,San Javier,02790,580
21,280,1,La Capital,00280,336
21,2800,11,San Javier,02800,407
21,2810,11,San Javier,02810,20
21,2830,12,9 de Julio,02830,209
21,2840,12,9 de Julio,02840,679
21,2850,12,9 de Julio,02850,15023
21,2852,12,9 de Julio,02852,1006
21,2854,12,9 de Julio,02854,29
21,2860,12,9 de Julio,02860,32
21,2870,12,9 de Julio,02870,665
21,2890,12,9 de Julio,02890,1790
21,290,1,La Capital,00290,4337
21,2900,12,9 de Julio,02900,222
21,2910,12,9 de Julio,02910,5315
21,2920,12,9 de Julio,02920,701
21,2930,12,9 de Julio,02930,1040
21,2940,12,9 de Julio,02940,110
21,30,1,La Capital,00030,2021
21,300,1,La Capital,00300,2314
21,3010,13,Rosario,03010,5429
21,3015,13,Rosario,03015,7167
21,3020,13,Rosario,03020,3989
21,3025,13,Rosario,03025,5040
21,3030,13,Rosario,03030,4928
21,3035,13,Rosario,03035,4217
21,3040,13,Rosario,03040,6165
21,3045,13,Rosario,03045,4005
21,3050,13,Rosario,03050,2422
21,3055,13,Rosario,03055,2149
21,3060,13,Rosario,03060,2140
21,3065,13,Rosario,03065,4657
21,3070,13,Rosario,03070,4807
21,3075,13,Rosario,03075,4196
21,3080,13,Rosario,03080,3503
21,3085,13,Rosario,03085,6218
21,3090,13,Rosario,03090,5372
21,3095,13,Rosario,03095,5448
21,310,1,La Capital,00310,938
21,3100,13,Rosario,03100,3882
21,3105,13,Rosario,03105,5419
21,3110,13,Rosario,03110,4315
21,3115,13,Rosario,03115,3598
21,3120,13,Rosario,03120,8509
21,3125,13,Rosario,03125,3992
21,3130,13,Rosario,03130,3700
21,3135,13,Rosario,03135,5061
21,3140,13,Rosario,03140,5758
21,3145,13,Rosario,03145,6743
21,3150,13,Rosario,03150,14556
21,3155,13,Rosario,03155,7687
21,3160,13,Rosario,03160,5891
21,3165,13,Rosario,03165,5089
21,3170,13,Rosario,03170,9160
21,3175,13,Rosario,03175,11758
21,3180,13,Rosario,03180,3274
21,3185,13,Rosario,03185,4829
21,3190,13,Rosario,03190,3362
21,3195,13,Rosario,03195,5094
21,3200,13,Rosario,03200,5756
21,3205,13,Rosario,03205,8324
21,3210,13,Rosario,03210,34971
21,3220,13,Rosario,03220,19948
21,3230,13,Rosario,03230,16173
21,3240,13,Rosario,03240,15837
21,3250,13,Rosario,03250,23370
21,3260,13,Rosario,03260,70407
21,3270,13,Rosario,03270,22833
21,3280,13,Rosario,03280,53479
21,3290,13,Rosario,03290,29323
21,330,1,La Capital,00330,13806
21,3300,13,Rosario,03300,54872
21,3310,13,Rosario,03310,27968
21,3320,13,Rosario,03320,6279
21,3330,13,Rosario,03330,260
21,3340,13,Rosario,03340,30447
21,3350,13,Rosario,03350,41329
21,3360,13,Rosario,03360,19603
21,3370,13,Rosario,03370,10943
21,3380,13,Rosario,03380,14576
21,3390,13,Rosario,03390,53741
21,3400,13,Rosario,03400,38754
21,3410,13,Rosario,03410,4797
21,3415,13,Rosario,03415,531
21,3420,13,Rosario,03420,292
21,3430,13,Rosario,03430,6438
21,3435,13,Rosario,03435,2033
21,3450,13,Rosario,03450,20189
21,3455,13,Rosario,03455,4823
21,3500,13,Rosario,03500,777
21,3505,13,Rosario,03505,854
21,3510,13,Rosario,03510,2274
21,3515,13,Rosario,03515,349
21,3520,13,Rosario,03520,30794
21,3550,13,Rosario,03550,38535
21,3555,13,Rosario,03555,5341
21,3560,13,Rosario,03560,18583
21,3565,13,Rosario,03565,9456
21,3570,13,Rosario,03570,3527
21,3580,13,Rosario,03580,1437
21,3585,13,Rosario,03585,942
21,3600,13,Rosario,03600,29800
21,3602,13,Rosario,03602,25447
21,3604,13,Rosario,03604,20261
21,3610,13,Rosario,03610,6152
21,3615,13,Rosario,03615,4427
21,3620,13,Rosario,03620,10344
21,3625,13,Rosario,03625,5408
21,3640,14,Caseros,03640,6262
21,3650,14,Caseros,03650,2813
21,3660,14,Caseros,03660,1799
21,3670,14,Caseros,03670,4698
21,3680,14,Caseros,03680,31459
21,3690,14,Caseros,03690,1008
21,370,1,La Capital,00370,123
21,3700,14,Caseros,03700,6491
21,3710,14,Caseros,03710,4937
21,3720,14,Caseros,03720,1467
21,3730,14,Caseros,03730,1692
21,3740,14,Caseros,03740,2167
21,3750,14,Caseros,03750,5857
21,3755,14,Caseros,03755,108
21,3760,14,Caseros,03760,1580
21,3770,15,Constitución,03770,6849
21,3772,15,Constitución,03772,3013
21,3774,15,Constitución,03774,893
21,3780,15,Constitución,03780,382
21,3782,15,Constitución,03782,1313
21,3784,15,Constitución,03784,358
21,3786,15,Constitución,03786,939
21,3788,15,Constitución,03788,552
21,3790,15,Constitución,03790,1283
21,3792,15,Constitución,03792,557
21,3794,15,Constitución,03794,652
21,3800,15,Constitución,03800,3010
21,3810,15,Constitución,03810,1662
21,3820,15,Constitución,03820,2228
21,3830,15,Constitución,03830,2921
21,3840,15,Constitución,03840,41147
21,3845,15,Constitución,03845,6168
21,3846,15,Constitución,03846,2396
21,3848,15,Constitución,03848,483
21,3850,16,General López,03850,1173
21,3852,16,General López,03852,276
21,3854,16,General López,03854,420
21,3860,16,General López,03860,1548
21,3862,16,General López,03862,719
21,3864,16,General López,03864,3624
21,3870,16,General López,03870,1670
21,3880,16,General López,03880,1775
21,3885,16,General López,03885,250
21,3890,16,General López,03890,5158
21,390,1,La Capital,00390,1850
21,3900,16,General López,03900,17483
21,3904,16,General López,03904,1998
21,3906,16,General López,03906,734
21,3908,16,General López,03908,419
21,3910,16,General López,03910,434
21,3915,16,General López,03915,1487
21,3920,16,General López,03920,1772
21,3930,16,General López,03930,2051
21,3935,16,General López,03935,878
21,3940,16,General López,03940,16656
21,3950,16,General López,03950,922
21,3955,16,General López,03955,3250
21,3960,16,General López,03960,4317
21,3965,16,General López,03965,642
21,3970,16,General López,03970,3850
21,3975,16,General López,03975,3697
21,3980,16,General López,03980,5115
21,3990,16,General López,03990,21099
21,3992,16,General López,03992,18993
21,3994,16,General López,03994,16003
21,3996,16,General López,03996,11223
21,40,1,La Capital,00040,3339
21,400,1,La Capital,00400,3805
21,4000,16,General López,04000,8291
21,4010,16,General López,04010,5053
21,4015,16,General López,04015,4003
21,4020,17,Belgrano,04020,10595
21,4030,17,Belgrano,04030,11411
21,4040,17,Belgrano,04040,11742
21,4045,17,Belgrano,04045,1272
21,4050,17,Belgrano,04050,2436
21,4060,17,Belgrano,04060,1972
21,4070,18,Iriondo,04070,1169
21,4080,18,Iriondo,04080,26871
21,4090,18,Iriondo,04090,1110
21,410,2,Las Colonias,00410,337
21,4100,18,Iriondo,04100,4912
21,4110,18,Iriondo,04110,2027
21,4115,18,Iriondo,04115,417
21,4120,18,Iriondo,04120,4246
21,4130,18,Iriondo,04130,9460
21,4132,18,Iriondo,04132,698
21,4134,18,Iriondo,04134,46
21,4140,18,Iriondo,04140,3378
21,4145,18,Iriondo,04145,2817
21,4150,18,Iriondo,04150,2693
21,4160,19,San Lorenzo,04160,14644
21,4170,19,San Lorenzo,04170,22
21,4172,19,San Lorenzo,04172,2277
21,4174,19,San Lorenzo,04174,2065
21,4180,19,San Lorenzo,04180,5406
21,4185,19,San Lorenzo,04185,658
21,4190,19,San Lorenzo,04190,1194
21,420,2,Las Colonias,00420,778
21,4200,19,San Lorenzo,04200,14569
21,4205,19,San Lorenzo,04205,25533
21,4210,19,San Lorenzo,04210,17157
21,4220,19,San Lorenzo,04220,3029
21,4224,19,San Lorenzo,04224,817
21,4230,19,San Lorenzo,04230,23222
21,4240,19,San Lorenzo,04240,2432
21,4245,19,San Lorenzo,04245,3787
21,4250,19,San Lorenzo,04250,40548
21,430,2,Las Colonias,00430,2037
21,440,2,Las Colonias,00440,10148
21,450,2,Las Colonias,00450,951
21,460,2,Las Colonias,00460,2571
21,470,2,Las Colonias,00470,360
21,480,2,Las Colonias,00480,1401
21,490,2,Las Colonias,00490,910
21,50,1,La Capital,00050,3201
21,500,2,Las Colonias,00500,155
21,510,2,Las Colonias,00510,789
21,520,2,Las Colonias,00520,5973
21,530,2,Las Colonias,00530,5395
21,540,2,Las Colonias,00540,476
21,550,2,Las Colonias,00550,35438
21,557,2,Las Colonias,00557,119
21,559,2,Las Colonias,00559,58
21,560,2,Las Colonias,00560,4472
21,570,2,Las Colonias,00570,4434
21,580,2,Las Colonias,00580,589
21,590,2,Las Colonias,00590,363
21,60,1,La Capital,00060,3228
21,600,2,Las Colonias,00600,1979
21,610,2,Las Colonias,00610,811
21,620,2,Las Colonias,00620,1452
21,630,2,Las Colonias,00630,2223
21,640,2,Las Colonias,00640,1426
21,650,2,Las Colonias,00650,640
21,660,2,Las Colonias,00660,721
21,670,2,Las Colonias,00670,1078
21,680,2,Las Colonias,00680,1499
21,690,2,Las Colonias,00690,272
21,70,1,La Capital,00070,12650
21,700,2,Las Colonias,00700,73
21,710,2,Las Colonias,00710,302
21,720,2,Las Colonias,00720,54
21,730,2,Las Colonias,00730,230
21,740,2,Las Colonias,00740,113
21,750,2,Las Colonias,00750,288
21,760,2,Las Colonias,00760,110
21,770,2,Las Colonias,00770,37
21,790,3,San Jerónimo,00790,15409
21,80,1,La Capital,00080,7336
21,800,3,San Jerónimo,00800,436
21,810,3,San Jerónimo,00810,865
21,820,3,San Jerónimo,00820,1372
21,830,3,San Jerónimo,00830,17615
21,840,3,San Jerónimo,00840,1615
21,850,3,San Jerónimo,00850,837
21,855,3,San Jerónimo,00855,120
21,860,3,San Jerónimo,00860,1392
21,870,3,San Jerónimo,00870,4528
21,880,3,San Jerónimo,00880,2707
21,890,3,San Jerónimo,00890,8308
21,90,1,La Capital,00090,8258
21,910,3,San Jerónimo,00910,1546
21,920,3,San Jerónimo,00920,1918
21,930,3,San Jerónimo,00930,5047
21,940,3,San Jerónimo,00940,2673
21,950,3,San Jerónimo,00950,757
21,960,3,San Jerónimo,00960,1704
21,965,3,San Jerónimo,00965,800
21,970,3,San Jerónimo,00970,156
21,980,3,San Jerónimo,00980,127
22,1,1,Capital,00001,3227
22,10,1,Capital,00010,2994
22,100,11,Guasayán,00100,2666
22,101,11,Guasayán,00101,838
22,102,11,Guasayán,00102,839
22,103,12,Jiménez,00103,1411
22,104,12,Jiménez,00104,1355
22,105,12,Jiménez,00105,1194
22,105A,12,Jiménez,0105A,180
22,106,12,Jiménez,00106,3997
22,107,12,Jiménez,00107,2437
22,107A,12,Jiménez,0107A,124
22,107B,12,Jiménez,0107B,160
22,108,12,Jiménez,00108,1145
22,109,12,Jiménez,00109,299
22,11,1,Capital,00011,1171
22,110,13,Loreto,00110,13805
22,110A,13,Loreto,0110A,226
22,111,13,Loreto,00111,480
22,112,13,Loreto,00112,306
22,113,13,Loreto,00113,1158
22,114,13,Loreto,00114,222
22,115,13,Loreto,00115,240
22,116,13,Loreto,00116,966
22,117,13,Loreto,00117,152
22,117A,13,Loreto,0117A,592
22,118,13,Loreto,00118,370
22,119,13,Loreto,00119,227
22,12,1,Capital,00012,1775
22,120,13,Loreto,00120,506
22,121,14,Juan F. Ibarra,00121,7775
22,122,14,Juan F. Ibarra,00122,366
22,123,14,Juan F. Ibarra,00123,1516
22,124,14,Juan F. Ibarra,00124,1760
22,125,14,Juan F. Ibarra,00125,495
22,125A,14,Juan F. Ibarra,0125A,110
22,126,14,Juan F. Ibarra,00126,701
22,126A,14,Juan F. Ibarra,0126A,1016
22,126B,14,Juan F. Ibarra,0126B,820
22,127,15,Mitre,00127,923
22,128,15,Mitre,00128,43
22,129,15,Mitre,00129,17
22,13,1,Capital,00013,604
22,130,15,Mitre,00130,79
22,131,16,Moreno,00131,137
22,132,16,Moreno,00132,51
22,133,16,Moreno,00133,43
22,134,16,Moreno,00134,178
22,135,16,Moreno,00135,594
22,136,16,Moreno,00136,1647
22,137,16,Moreno,00137,213
22,138,16,Moreno,00138,324
22,139,16,Moreno,00139,5504
22,139A,16,Moreno,0139A,809
22,139B,16,Moreno,0139B,396
22,14,1,Capital,00014,1312
22,140,16,Moreno,00140,15902
22,141,16,Moreno,00141,556
22,142,16,Moreno,00142,1021
22,143,16,Moreno,00143,588
22,144,16,Moreno,00144,999
22,144A,16,Moreno,0144A,788
22,145,17,Ojo de Agua,00145,9449
22,145A,17,Ojo de Agua,0145A,107
22,146,17,Ojo de Agua,00146,313
22,147,17,Ojo de Agua,00147,103
22,147A,17,Ojo de Agua,0147A,381
22,148,17,Ojo de Agua,00148,121
22,148A,17,Ojo de Agua,0148A,75
22,149,17,Ojo de Agua,00149,232
22,15,1,Capital,00015,1189
22,150,17,Ojo de Agua,00150,2508
22,151,18,Pellegrini,00151,389
22,152,18,Pellegrini,00152,500
22,153,18,Pellegrini,00153,944
22,154,18,Pellegrini,00154,9228
22,154A,18,Pellegrini,0154A,258
22,155,18,Pellegrini,00155,501
22,156,18,Pellegrini,00156,628
22,157,18,Pellegrini,00157,3225
22,158,18,Pellegrini,00158,856
22,158A,18,Pellegrini,0158A,514
22,159,18,Pellegrini,00159,830
22,16,1,Capital,00016,1251
22,160,18,Pellegrini,00160,1070
22,161,19,Quebrachos,00161,167
22,162,19,Quebrachos,00162,51
22,163,19,Quebrachos,00163,125
22,164,19,Quebrachos,00164,171
22,165,19,Quebrachos,00165,224
22,166,19,Quebrachos,00166,355
22,167,19,Quebrachos,00167,6835
22,168,19,Quebrachos,00168,189
22,168A,19,Quebrachos,0168A,100
22,169,19,Quebrachos,00169,474
22,17,1,Capital,00017,3704
22,170,20,Rivadavia,00170,3075
22,171,20,Rivadavia,00171,505
22,171A,20,Rivadavia,0171A,10
22,172,20,Rivadavia,00172,168
22,173,20,Rivadavia,00173,39
22,174,21,Robles,00174,610
22,175,21,Robles,00175,851
22,176,21,Robles,00176,2149
22,177,21,Robles,00177,6986
22,178,21,Robles,00178,6476
22,179,21,Robles,00179,1673
22,18,1,Capital,00018,1222
22,180,21,Robles,00180,15975
22,181,21,Robles,00181,3984
22,182,21,Robles,00182,2857
22,183,22,Río Hondo,00183,1723
22,183A,22,Río Hondo,0183A,387
22,184,22,Río Hondo,00184,1179
22,185,22,Río Hondo,00185,1251
22,186,22,Río Hondo,00186,578
22,187,22,Río Hondo,00187,482
22,187A,22,Río Hondo,0187A,585
22,188,22,Río Hondo,00188,690
22,189,22,Río Hondo,00189,1420
22,19,2,Avellaneda,00019,696
22,190,22,Río Hondo,00190,2485
22,190A,22,Río Hondo,0190A,101
22,191,22,Río Hondo,00191,1739
22,192,22,Río Hondo,00192,1252
22,193,22,Río Hondo,00193,35992
22,193A,22,Río Hondo,0193A,1886
22,194,23,Silípica,00194,979
22,195,23,Silípica,00195,2917
22,195A,23,Silípica,0195A,1148
22,196,23,Silípica,00196,2272
22,197,23,Silípica,00197,610
22,198,24,San Martín,00198,1717
22,199,24,San Martín,00199,372
22,2,1,Capital,00002,4120
22,20,2,Avellaneda,00020,5853
22,200,24,San Martín,00200,1428
22,201,24,San Martín,00201,2872
22,202,24,San Martín,00202,174
22,203,24,San Martín,00203,98
22,204,24,San Martín,00204,289
22,205,24,San Martín,00205,855
22,206,24,San Martín,00206,235
22,207,25,Salavina,00207,1744
22,208,25,Salavina,00208,438
22,209,25,Salavina,00209,517
22,21,2,Avellaneda,00021,2935
22,210,25,Salavina,00210,638
22,211,25,Salavina,00211,99
22,212,25,Salavina,00212,407
22,213,25,Salavina,00213,4291
22,214,25,Salavina,00214,584
22,215,25,Salavina,00215,923
22,215A,25,Salavina,0215A,156
22,216,26,Sarmiento,00216,95
22,217,26,Sarmiento,00217,90
22,218,26,Sarmiento,00218,156
22,219,26,Sarmiento,00219,3006
22,22,2,Avellaneda,00022,586
22,221,27,General Taboada,00221,7348
22,222,27,General Taboada,00222,1099
22,223,27,General Taboada,00223,963
22,224,27,General Taboada,00224,24757
22,224A,27,General Taboada,0224A,209
22,225,27,General Taboada,00225,664
22,226,27,General Taboada,00226,1872
22,23,2,Avellaneda,00023,3338
22,24,2,Avellaneda,00024,1730
22,25,2,Avellaneda,00025,160
22,26,2,Avellaneda,00026,1735
22,27,2,Avellaneda,00027,2715
22,28,3,Aguirre,00028,512
22,29,3,Aguirre,00029,1132
22,2A,1,Capital,0002A,12901
22,3,1,Capital,00003,8120
22,30,3,Aguirre,00030,171
22,31,3,Aguirre,00031,5653
22,32,4,Alberdi,00032,1332
22,33,4,Alberdi,00033,1209
22,33A,4,Alberdi,0033A,169
22,34,4,Alberdi,00034,7889
22,35,4,Alberdi,00035,784
22,36,4,Alberdi,00036,3082
22,37,5,Atamisqui,00037,5077
22,38,5,Atamisqui,00038,1238
22,39,5,Atamisqui,00039,827
22,3A,1,Capital,0003A,6931
22,4,1,Capital,00004,19755
22,40,5,Atamisqui,00040,739
22,40A,5,Atamisqui,0040A,199
22,41,5,Atamisqui,00041,226
22,42,5,Atamisqui,00042,2457
22,43,6,Banda,00043,24465
22,44,6,Banda,00044,40169
22,45,6,Banda,00045,2315
22,46,6,Banda,00046,407
22,47,6,Banda,00047,1706
22,48,6,Banda,00048,33047
22,49,6,Banda,00049,1539
22,49A,6,Banda,0049A,115
22,4A,1,Capital,0004A,16012
22,4B,1,Capital,0004B,10697
22,5,1,Capital,00005,4593
22,50,6,Banda,00050,906
22,51,6,Banda,00051,894
22,52,6,Banda,00052,11778
22,53,6,Banda,00053,835
22,53A,6,Banda,0053A,232
22,54,6,Banda,00054,781
22,55,6,Banda,00055,1471
22,56,6,Banda,00056,941
22,57,6,Banda,00057,566
22,58,6,Banda,00058,3745
22,59,6,Banda,00059,485
22,6,1,Capital,00006,9817
22,60,6,Banda,00060,417
22,61,6,Banda,00061,462
22,62,6,Banda,00062,406
22,63,6,Banda,00063,1109
22,64,6,Banda,00064,1384
22,65,6,Banda,00065,963
22,66,6,Banda,00066,2498
22,67,7,Belgrano,00067,6693
22,67A,7,Belgrano,0067A,218
22,68,7,Belgrano,00068,429
22,69,7,Belgrano,00069,837
22,7,1,Capital,00007,11960
22,70,8,Copo,00070,1213
22,70A,8,Copo,0070A,468
22,71,8,Copo,00071,14834
22,72,8,Copo,00072,5177
22,72A,8,Copo,0072A,1597
22,72B,8,Copo,0072B,1025
22,73,8,Copo,00073,1950
22,74,9,Choya,00074,1521
22,75,9,Choya,00075,140
22,76,9,Choya,00076,327
22,77,9,Choya,00077,25849
22,78,9,Choya,00078,1701
22,79,9,Choya,00079,185
22,7A,1,Capital,0007A,10936
22,7B,1,Capital,0007B,37660
22,7C,1,Capital,0007C,41168
22,8,1,Capital,00008,7883
22,80,9,Choya,00080,17
22,81,9,Choya,00081,1551
22,82,9,Choya,00082,83
22,83,9,Choya,00083,145
22,84,9,Choya,00084,53
22,85,9,Choya,00085,131
22,86,9,Choya,00086,521
22,87,10,Figueroa,00087,2146
22,88,10,Figueroa,00088,648
22,89,10,Figueroa,00089,715
22,89A,10,Figueroa,0089A,1386
22,8A,1,Capital,0008A,11965
22,8B,1,Capital,0008B,18229
22,9,1,Capital,00009,6124
22,90,10,Figueroa,00090,588
22,91,10,Figueroa,00091,886
22,92,10,Figueroa,00092,3366
22,93,10,Figueroa,00093,1550
22,94,10,Figueroa,00094,1656
22,94A,10,Figueroa,0094A,1181
22,95,10,Figueroa,00095,1267
22,96,11,Guasayán,00096,708
22,97,11,Guasayán,00097,523
22,98,11,Guasayán,00098,1748
22,99,11,Guasayán,00099,376
23,1,1,Capital,00001,6018
23,10,1,Capital,00010,11641
23,100,9,Graneros,00100,2304
23,101,9,Graneros,00101,179
23,102,10,Simoca,00102,613
23,103,10,Simoca,00103,667
23,104,10,Simoca,00104,230
23,105,10,Simoca,00105,380
23,106,10,Simoca,00106,1053
23,107,10,Simoca,00107,10655
23,108,10,Simoca,00108,1680
23,109,10,Simoca,00109,1789
23,10A,1,Capital,0010A,21287
23,11,1,Capital,00011,2034
23,110,10,Simoca,00110,873
23,110A,10,Simoca,0110A,1002
23,111,10,Simoca,00111,1593
23,112,10,Simoca,00112,500
23,113,10,Simoca,00113,1047
23,114,10,Simoca,00114,2043
23,115,10,Simoca,00115,1319
23,116,10,Simoca,00116,1783
23,117,10,Simoca,00117,394
23,118,10,Simoca,00118,78
23,119,10,Simoca,00119,688
23,11A,1,Capital,0011A,8985
23,12,1,Capital,00012,11376
23,120,10,Simoca,00120,348
23,121,10,Simoca,00121,597
23,122,11,Leales,00122,1278
23,123,11,Leales,00123,669
23,124,11,Leales,00124,16655
23,125,11,Leales,00125,2475
23,126,11,Leales,00126,978
23,126A,11,Leales,0126A,1536
23,127,11,Leales,00127,4342
23,128,11,Leales,00128,1601
23,129,11,Leales,00129,3296
23,12A,1,Capital,0012A,8925
23,13,1,Capital,00013,10881
23,130,11,Leales,00130,3269
23,131,11,Leales,00131,1641
23,132,11,Leales,00132,397
23,133,11,Leales,00133,2209
23,134,11,Leales,00134,2388
23,135,11,Leales,00135,2285
23,136,11,Leales,00136,623
23,137,11,Leales,00137,2234
23,137A,11,Leales,0137A,1414
23,138,11,Leales,00138,1044
23,139,11,Leales,00139,895
23,13A,1,Capital,0013A,4431
23,14,1,Capital,00014,18929
23,140,12,Cruz Alta,00140,820
23,141,12,Cruz Alta,00141,6489
23,142,12,Cruz Alta,00142,13166
23,142A,12,Cruz Alta,0142A,14782
23,142B,12,Cruz Alta,0142B,10900
23,143,12,Cruz Alta,00143,10779
23,144,12,Cruz Alta,00144,13843
23,145,12,Cruz Alta,00145,16249
23,146,12,Cruz Alta,00146,21633
23,147,12,Cruz Alta,00147,712
23,148,12,Cruz Alta,00148,7262
23,149,12,Cruz Alta,00149,220
23,14A,1,Capital,0014A,2871
23,14B,1,Capital,0014B,3538
23,14C,1,Capital,0014C,6427
23,14D,1,Capital,0014D,4715
23,15,1,Capital,00015,13625
23,150,12,Cruz Alta,00150,1572
23,151,12,Cruz Alta,00151,546
23,152,12,Cruz Alta,00152,1544
23,153,12,Cruz Alta,00153,1181
23,154,12,Cruz Alta,00154,861
23,155,12,Cruz Alta,00155,678
23,156,12,Cruz Alta,00156,7029
23,157,12,Cruz Alta,00157,8347
23,158,12,Cruz Alta,00158,6588
23,159,12,Cruz Alta,00159,722
23,15A,1,Capital,0015A,11653
23,15B,1,Capital,0015B,22320
23,16,1,Capital,00016,13653
23,160,12,Cruz Alta,00160,1481
23,161,12,Cruz Alta,00161,8103
23,162,12,Cruz Alta,00162,1039
23,163,12,Cruz Alta,00163,756
23,164,12,Cruz Alta,00164,1076
23,165,12,Cruz Alta,00165,492
23,166,12,Cruz Alta,00166,1023
23,167,12,Cruz Alta,00167,323
23,168,12,Cruz Alta,00168,9224
23,169,12,Cruz Alta,00169,219
23,16A,1,Capital,0016A,12504
23,17,1,Capital,00017,15784
23,170,12,Cruz Alta,00170,1570
23,170A,12,Cruz Alta,0170A,134
23,171,12,Cruz Alta,00171,2681
23,172,13,Burruyacú,00172,558
23,173,13,Burruyacú,00173,427
23,174,13,Burruyacú,00174,363
23,175,13,Burruyacú,00175,1245
23,176,13,Burruyacú,00176,794
23,177,13,Burruyacú,00177,1691
23,178,13,Burruyacú,00178,2019
23,179,13,Burruyacú,00179,335
23,17A,1,Capital,0017A,11915
23,18,1,Capital,00018,16717
23,180,13,Burruyacú,00180,4369
23,181,13,Burruyacú,00181,2043
23,182,13,Burruyacú,00182,86
23,183,13,Burruyacú,00183,1184
23,184,13,Burruyacú,00184,5518
23,185,13,Burruyacú,00185,89
23,186,13,Burruyacú,00186,549
23,187,13,Burruyacú,00187,1360
23,188,13,Burruyacú,00188,3021
23,189,13,Burruyacú,00189,550
23,18A,1,Capital,0018A,3877
23,18B,1,Capital,0018B,10137
23,18C,1,Capital,0018C,9951
23,18D,1,Capital,0018D,5550
23,18E,1,Capital,0018E,10206
23,18F,1,Capital,0018F,5472
23,18G,1,Capital,0018G,7299
23,19,1,Capital,00019,15168
23,190,13,Burruyacú,00190,1433
23,191,13,Burruyacú,00191,50
23,192,13,Burruyacú,00192,71
23,193,13,Burruyacú,00193,4274
23,194,13,Burruyacú,00194,2536
23,195,13,Burruyacú,00195,495
23,196,13,Burruyacú,00196,2633
23,197,13,Burruyacú,00197,728
23,198,14,Trancas,00198,4054
23,199,14,Trancas,00199,332
23,19A,1,Capital,0019A,10794
23,1A,1,Capital,0001A,5251
23,2,1,Capital,00002,3665
23,20,1,Capital,00020,25205
23,200,14,Trancas,00200,232
23,201,14,Trancas,00201,224
23,202,14,Trancas,00202,223
23,203,14,Trancas,00203,929
23,204,14,Trancas,00204,469
23,204A,14,Trancas,0204A,93
23,205,14,Trancas,00205,396
23,206,14,Trancas,00206,1362
23,207,14,Trancas,00207,6121
23,208,14,Trancas,00208,1426
23,209,14,Trancas,00209,990
23,21,1,Capital,00021,21784
23,210,14,Trancas,00210,118
23,211,14,Trancas,00211,50
23,212,15,Yerba Buena,00212,797
23,213,15,Yerba Buena,00213,14360
23,214,15,Yerba Buena,00214,12206
23,215,15,Yerba Buena,00215,7558
23,215A,15,Yerba Buena,0215A,14793
23,216,15,Yerba Buena,00216,11976
23,216A,15,Yerba Buena,0216A,7675
23,216B,15,Yerba Buena,0216B,5767
23,216C,15,Yerba Buena,0216C,4082
23,217,16,Tafí Viejo,00217,216
23,218,16,Tafí Viejo,00218,122
23,219,16,Tafí Viejo,00219,1477
23,219A,16,Tafí Viejo,0219A,581
23,22,1,Capital,00022,7731
23,220,16,Tafí Viejo,00220,135
23,221,16,Tafí Viejo,00221,852
23,222,16,Tafí Viejo,00222,953
23,223,16,Tafí Viejo,00223,9910
23,223A,16,Tafí Viejo,0223A,8769
23,223B,16,Tafí Viejo,0223B,7475
23,224,16,Tafí Viejo,00224,10876
23,225,16,Tafí Viejo,00225,2032
23,226,16,Tafí Viejo,00226,4824
23,227,16,Tafí Viejo,00227,9283
23,227A,16,Tafí Viejo,0227A,13503
23,228,16,Tafí Viejo,00228,20849
23,228A,16,Tafí Viejo,0228A,11801
23,228B,16,Tafí Viejo,0228B,5848
23,228C,16,Tafí Viejo,0228C,209
23,228D,16,Tafí Viejo,0228D,5423
23,229,16,Tafí Viejo,00229,10889
23,23,2,Lules,00023,2684
23,230,17,Tafí del Valle,00230,972
23,231,17,Tafí del Valle,00231,400
23,232,17,Tafí del Valle,00232,3096
23,233,17,Tafí del Valle,00233,8276
23,234,17,Tafí del Valle,00234,3622
23,24,2,Lules,00024,13863
23,25,2,Lules,00025,11670
23,26,2,Lules,00026,1251
23,27,2,Lules,00027,18332
23,28,2,Lules,00028,3358
23,29,2,Lules,00029,6371
23,2A,1,Capital,0002A,4211
23,3,1,Capital,00003,6991
23,30,2,Lules,00030,301
23,31,3,Famaillá,00031,48
23,32,3,Famaillá,00032,704
23,33,3,Famaillá,00033,782
23,34,3,Famaillá,00034,26127
23,35,3,Famaillá,00035,1967
23,36,3,Famaillá,00036,681
23,37,3,Famaillá,00037,201
23,38,3,Famaillá,00038,360
23,39,3,Famaillá,00039,1346
23,4,1,Capital,00004,6320
23,40,3,Famaillá,00040,565
23,41,4,Monteros,00041,24365
23,42,4,Monteros,00042,361
23,43,4,Monteros,00043,3447
23,44,4,Monteros,00044,936
23,45,4,Monteros,00045,5341
23,46,4,Monteros,00046,95
23,47,4,Monteros,00047,819
23,48,4,Monteros,00048,974
23,49,4,Monteros,00049,1122
23,5,1,Capital,00005,11000
23,50,4,Monteros,00050,1617
23,51,4,Monteros,00051,4159
23,52,4,Monteros,00052,5424
23,53,4,Monteros,00053,603
23,54,4,Monteros,00054,5208
23,55,4,Monteros,00055,366
23,56,4,Monteros,00056,906
23,56A,4,Monteros,0056A,423
23,57,4,Monteros,00057,898
23,58,4,Monteros,00058,1133
23,59,5,Chicligasta,00059,684
23,6,1,Capital,00006,5075
23,60,5,Chicligasta,00060,18311
23,60A,5,Chicligasta,0060A,11017
23,60B,5,Chicligasta,0060B,8230
23,61,5,Chicligasta,00061,5750
23,61A,5,Chicligasta,0061A,2248
23,62,5,Chicligasta,00062,4303
23,63,5,Chicligasta,00063,866
23,64,5,Chicligasta,00064,1150
23,65,5,Chicligasta,00065,2110
23,66,5,Chicligasta,00066,870
23,67,5,Chicligasta,00067,4059
23,68,5,Chicligasta,00068,724
23,69,5,Chicligasta,00069,2366
23,7,1,Capital,00007,4679
23,70,5,Chicligasta,00070,4869
23,71,5,Chicligasta,00071,2977
23,72,6,Río Chico,00072,29978
23,73,6,Río Chico,00073,1566
23,74,6,Río Chico,00074,1248
23,75,6,Río Chico,00075,4672
23,76,6,Río Chico,00076,887
23,77,6,Río Chico,00077,10048
23,78,6,Río Chico,00078,1783
23,79,6,Río Chico,00079,1170
23,7A,1,Capital,0007A,6088
23,8,1,Capital,00008,4433
23,80,7,Juan Bautista Alberdi,00080,22243
23,81,7,Juan Bautista Alberdi,00081,760
23,82,7,Juan Bautista Alberdi,00082,2869
23,83,7,Juan Bautista Alberdi,00083,746
23,84,7,Juan Bautista Alberdi,00084,575
23,85,8,La Cocha,00085,580
23,86,8,La Cocha,00086,733
23,87,8,La Cocha,00087,1182
23,88,8,La Cocha,00088,1574
23,89,8,La Cocha,00089,1165
23,8A,1,Capital,0008A,7357
23,9,1,Capital,00009,11287
23,90,8,La Cocha,00090,1466
23,91,8,La Cocha,00091,8617
23,92,8,La Cocha,00092,764
23,93,8,La Cocha,00093,973
23,94,9,Graneros,00094,1580
23,95,9,Graneros,00095,126
23,96,9,Graneros,00096,3090
23,97,9,Graneros,00097,563
23,98,9,Graneros,00098,4390
23,99,9,Graneros,00099,375
23,9A,1,Capital,0009A,10533
24,101,1,Ushuaia,00101,5505
24,102,1,Ushuaia,00102,4913
24,103,1,Ushuaia,00103,6573
24,104,1,Ushuaia,00104,7901
24,105,1,Ushuaia,00105,7100
24,106,1,Ushuaia,00106,5616
24,107,1,Ushuaia,00107,4002
24,108,1,Ushuaia,00108,3339
24,109,1,Ushuaia,00109,2707
24,110,1,Ushuaia,00110,2720
24,111,1,Ushuaia,00111,6459
24,112,1,Ushuaia,00112,4184
24,113,1,Ushuaia,00113,4150
24,114,1,Ushuaia,00114,271
24,201,2,Río Grande,00201,1785
24,203,2,Río Grande,00203,7364
24,204,2,Río Grande,00204,2328
24,205,2,Río Grande,00205,1848
24,206,2,Río Grande,00206,7552
24,207,2,Río Grande,00207,4205
24,208,2,Río Grande,00208,2275
24,209,2,Río Grande,00209,4239
24,210,2,Río Grande,00210,4115
24,211,2,Río Grande,00211,11453
24,212,2,Río Grande,00212,2985
24,214,2,Río Grande,00214,9847
24,215,2,Río Grande,00215,2206
24,216,2,Río Grande,00216,2022
24,217,2,Río Grande,00217,1442
24,218,2,Río Grande,00218,2304
24,219,2,Río Grande,00219,7529
24,220,2,Río Grande,00220,914
24,227,2,Río Grande,00227,50
24,303,3,Antártida Argentina,00303,285
24,501,5,Tolhuin,00501,5780
3,1,1,Capital,00001,2121
3,10,2,Capayán,00010,61
3,100,12,Andalgalá,00100,90
3,101,12,Andalgalá,00101,86
3,102,12,Andalgalá,00102,9430
3,103,12,Andalgalá,00103,1633
3,104,12,Andalgalá,00104,322
3,105,12,Andalgalá,00105,210
3,106,12,Andalgalá,00106,179
3,107,12,Andalgalá,00107,1677
3,108,12,Andalgalá,00108,36
3,109,12,Andalgalá,00109,147
3,11,2,Capayán,00011,602
3,110,13,Belén,00110,33
3,111,13,Belén,00111,1363
3,112,13,Belén,00112,104
3,113,13,Belén,00113,789
3,113A,13,Belén,0113A,53
3,114,13,Belén,00114,1069
3,115,13,Belén,00115,656
3,116,13,Belén,00116,235
3,116A,13,Belén,0116A,43
3,116B,13,Belén,0116B,118
3,117,13,Belén,00117,377
3,118,13,Belén,00118,139
3,119,13,Belén,00119,1630
3,12,2,Capayán,00012,3691
3,120,13,Belén,00120,2734
3,121,13,Belén,00121,155
3,122,13,Belén,00122,567
3,123,13,Belén,00123,805
3,124,13,Belén,00124,12530
3,125,13,Belén,00125,928
3,126,14,Antofagasta de la Sierra,00126,1385
3,127,14,Antofagasta de la Sierra,00127,415
3,128,15,Tinogasta,00128,214
3,129,15,Tinogasta,00129,121
3,13,2,Capayán,00013,4374
3,130,15,Tinogasta,00130,356
3,131,15,Tinogasta,00131,595
3,132,15,Tinogasta,00132,4413
3,133,15,Tinogasta,00133,177
3,134,15,Tinogasta,00134,175
3,135,15,Tinogasta,00135,71
3,136,15,Tinogasta,00136,887
3,137,15,Tinogasta,00137,966
3,138,15,Tinogasta,00138,545
3,139,15,Tinogasta,00139,127
3,14,2,Capayán,00014,2653
3,140,15,Tinogasta,00140,600
3,141,15,Tinogasta,00141,258
3,142,15,Tinogasta,00142,305
3,143,15,Tinogasta,00143,9897
3,144,16,Santa María,00144,166
3,145,16,Santa María,00145,230
3,146,16,Santa María,00146,595
3,147,16,Santa María,00147,1435
3,148,16,Santa María,00148,250
3,149,16,Santa María,00149,659
3,15,2,Capayán,00015,357
3,150,16,Santa María,00150,165
3,151,16,Santa María,00151,1571
3,152,16,Santa María,00152,214
3,153,16,Santa María,00153,3518
3,154,16,Santa María,00154,12680
3,16,2,Capayán,00016,1832
3,17,2,Capayán,00017,36
3,18,2,Capayán,00018,344
3,19,2,Capayán,00019,361
3,2,1,Capital,00002,8970
3,20,2,Capayán,00020,314
3,21,2,Capayán,00021,582
3,22,3,La Paz,00022,113
3,23,3,La Paz,00023,160
3,24,3,La Paz,00024,1088
3,25,3,La Paz,00025,2905
3,26,3,La Paz,00026,874
3,27,3,La Paz,00027,303
3,28,3,La Paz,00028,1143
3,29,3,La Paz,00029,356
3,3,1,Capital,00003,39438
3,30,3,La Paz,00030,11597
3,31,3,La Paz,00031,433
3,32,3,La Paz,00032,2046
3,33,4,Ancasti,00033,428
3,34,4,Ancasti,00034,325
3,35,4,Ancasti,00035,102
3,36,4,Ancasti,00036,185
3,37,4,Ancasti,00037,353
3,38,4,Ancasti,00038,357
3,39,4,Ancasti,00039,177
3,3A,1,Capital,0003A,3747
3,4,1,Capital,00004,4728
3,40,4,Ancasti,00040,60
3,41,4,Ancasti,00041,164
3,42,4,Ancasti,00042,793
3,43,4,Ancasti,00043,263
3,44,5,El Alto,00044,322
3,44A,5,El Alto,0044A,1202
3,45,5,El Alto,00045,187
3,46,5,El Alto,00046,658
3,47,5,El Alto,00047,137
3,48,5,El Alto,00048,246
3,49,5,El Alto,00049,400
3,5,1,Capital,00005,11007
3,50,5,El Alto,00050,1191
3,51,6,Santa Rosa,00051,1291
3,52,6,Santa Rosa,00052,162
3,53,6,Santa Rosa,00053,1828
3,54,6,Santa Rosa,00054,153
3,55,6,Santa Rosa,00055,232
3,56,6,Santa Rosa,00056,210
3,57,6,Santa Rosa,00057,967
3,58,6,Santa Rosa,00058,4871
3,59,6,Santa Rosa,00059,575
3,6,1,Capital,00006,4278
3,60,6,Santa Rosa,00060,323
3,61,6,Santa Rosa,00061,712
3,62,7,Paclín,00062,230
3,63,7,Paclín,00063,839
3,64,7,Paclín,00064,368
3,65,7,Paclín,00065,2202
3,66,7,Paclín,00066,201
3,67,7,Paclín,00067,372
3,68,7,Paclín,00068,342
3,69,8,Valle Viejo,00069,228
3,7,1,Capital,00007,46996
3,70,8,Valle Viejo,00070,621
3,71,8,Valle Viejo,00071,420
3,72,8,Valle Viejo,00072,10556
3,73,8,Valle Viejo,00073,223
3,74,8,Valle Viejo,00074,8403
3,75,8,Valle Viejo,00075,3918
3,76,8,Valle Viejo,00076,3784
3,77,9,Fray Mamerto Esquiú,00077,1858
3,78,9,Fray Mamerto Esquiú,00078,730
3,79,9,Fray Mamerto Esquiú,00079,477
3,8,1,Capital,00008,15766
3,80,9,Fray Mamerto Esquiú,00080,4672
3,81,9,Fray Mamerto Esquiú,00081,4498
3,82,10,Ambato,00082,83
3,83,10,Ambato,00083,1534
3,84,10,Ambato,00084,1242
3,85,10,Ambato,00085,97
3,86,10,Ambato,00086,755
3,87,10,Ambato,00087,372
3,88,10,Ambato,00088,987
3,89,10,Ambato,00089,425
3,9,1,Capital,00009,4610
3,90,11,Pomán,00090,438
3,91,11,Pomán,00091,674
3,92,11,Pomán,00092,504
3,93,11,Pomán,00093,1043
3,94,11,Pomán,00094,498
3,95,11,Pomán,00095,360
3,96,11,Pomán,00096,2511
3,97,11,Pomán,00097,946
3,98,11,Pomán,00098,2752
3,99,12,Andalgalá,00099,2555
4,1,1,Capital,00001,15782
4,10,1,Capital,00010,18148
4,100,7,Ischilín,00100,811
4,101,7,Ischilín,00101,86
4,102,8,Juárez Celman,00102,5660
4,103,8,Juárez Celman,00103,80
4,105,8,Juárez Celman,00105,1132
4,106,8,Juárez Celman,00106,11257
4,107,8,Juárez Celman,00107,2184
4,108,8,Juárez Celman,00108,1139
4,109,8,Juárez Celman,00109,10482
4,10A,1,Capital,0010A,5154
4,10B,1,Capital,0010B,11746
4,10C,1,Capital,0010C,7505
4,10D,1,Capital,0010D,4329
4,10E,1,Capital,0010E,15110
4,10F,1,Capital,0010F,13135
4,10G,1,Capital,0010G,20809
4,10H,1,Capital,0010H,12255
4,10I,1,Capital,0010I,11530
4,10J,1,Capital,0010J,12364
4,10K,1,Capital,0010K,7397
4,10L,1,Capital,0010L,27253
4,10M,1,Capital,0010M,3221
4,11,1,Capital,00011,4981
4,110,8,Juárez Celman,00110,107
4,110A,8,Juárez Celman,0110A,129
4,111,8,Juárez Celman,00111,1214
4,112,8,Juárez Celman,00112,11645
4,113,8,Juárez Celman,00113,890
4,114,8,Juárez Celman,00114,714
4,116,8,Juárez Celman,00116,1713
4,116A,8,Juárez Celman,0116A,200
4,117,8,Juárez Celman,00117,2206
4,118,8,Juárez Celman,00118,5044
4,119,9,Marcos Juárez,00119,3256
4,11A,1,Capital,0011A,23104
4,11B,1,Capital,0011B,6863
4,11C,1,Capital,0011C,14186
4,11D,1,Capital,0011D,12247
4,11E,1,Capital,0011E,16051
4,11F,1,Capital,0011F,8946
4,11G,1,Capital,0011G,15250
4,11H,1,Capital,0011H,6949
4,11I,1,Capital,0011I,16755
4,11J,1,Capital,0011J,17097
4,11K,1,Capital,0011K,11982
4,11L,1,Capital,0011L,3114
4,11M,1,Capital,0011M,6989
4,12,1,Capital,00012,10204
4,120,9,Marcos Juárez,00120,6580
4,121,9,Marcos Juárez,00121,2071
4,122,9,Marcos Juárez,00122,606
4,123,9,Marcos Juárez,00123,3975
4,124,9,Marcos Juárez,00124,1127
4,125,9,Marcos Juárez,00125,8767
4,126,9,Marcos Juárez,00126,6226
4,127,9,Marcos Juárez,00127,2059
4,128,9,Marcos Juárez,00128,3463
4,128A,9,Marcos Juárez,0128A,159
4,129,9,Marcos Juárez,00129,4145
4,12A,1,Capital,0012A,6257
4,12B,1,Capital,0012B,22076
4,12C,1,Capital,0012C,4794
4,12D,1,Capital,0012D,28183
4,12E,1,Capital,0012E,5450
4,12F,1,Capital,0012F,20649
4,12G,1,Capital,0012G,11562
4,12H,1,Capital,0012H,12868
4,12I,1,Capital,0012I,2886
4,13,1,Capital,00013,8807
4,130,9,Marcos Juárez,00130,767
4,131,9,Marcos Juárez,00131,9632
4,131A,9,Marcos Juárez,0131A,34
4,132,9,Marcos Juárez,00132,2481
4,133,9,Marcos Juárez,00133,24472
4,134,9,Marcos Juárez,00134,5928
4,135,9,Marcos Juárez,00135,383
4,136,9,Marcos Juárez,00136,2796
4,137,9,Marcos Juárez,00137,764
4,138,10,Minas,00138,780
4,138A,10,Minas,0138A,17
4,138B,10,Minas,0138B,84
4,138C,10,Minas,0138C,359
4,138D,10,Minas,0138D,175
4,139,10,Minas,00139,300
4,139A,10,Minas,0139A,73
4,139B,10,Minas,0139B,251
4,13A,1,Capital,0013A,16034
4,13B,1,Capital,0013B,113
4,13C,1,Capital,0013C,13224
4,13D,1,Capital,0013D,3049
4,13E,1,Capital,0013E,1352
4,13F,1,Capital,0013F,7858
4,13G,1,Capital,0013G,20592
4,13H,1,Capital,0013H,17413
4,13I,1,Capital,0013I,5705
4,13J,1,Capital,0013J,32106
4,13K,1,Capital,0013K,2692
4,13L,1,Capital,0013L,464
4,13M,1,Capital,0013M,530
4,13N,1,Capital,0013N,7313
4,13O,1,Capital,0013O,1651
4,14,1,Capital,00014,7357
4,140,10,Minas,00140,163
4,140A,10,Minas,0140A,78
4,141,10,Minas,00141,51
4,141A,10,Minas,0141A,255
4,142,10,Minas,00142,2435
4,142A,10,Minas,0142A,134
4,144,11,Pocho,00144,975
4,144A,11,Pocho,0144A,75
4,144B,11,Pocho,0144B,54
4,145,11,Pocho,00145,552
4,145A,11,Pocho,0145A,302
4,146,11,Pocho,00146,2201
4,146A,11,Pocho,0146A,358
4,146B,11,Pocho,0146B,227
4,146C,11,Pocho,0146C,147
4,147,12,Punilla,00147,7935
4,147A,12,Punilla,0147A,1929
4,147B,12,Punilla,0147B,3320
4,148,12,Punilla,00148,11758
4,149,12,Punilla,00149,1060
4,14A,1,Capital,0014A,20041
4,14B,1,Capital,0014B,7068
4,14C,1,Capital,0014C,5238
4,14D,1,Capital,0014D,5955
4,14E,1,Capital,0014E,6701
4,14F,1,Capital,0014F,6838
4,14G,1,Capital,0014G,9903
4,14H,1,Capital,0014H,6095
4,14I,1,Capital,0014I,6183
4,14J,1,Capital,0014J,7575
4,14K,1,Capital,0014K,3685
4,14L,1,Capital,0014L,4990
4,14M,1,Capital,0014M,9015
4,14N,1,Capital,0014N,4377
4,14O,1,Capital,0014O,8148
4,14P,1,Capital,0014P,3662
4,14Q,1,Capital,0014Q,1423
4,15,2,Calamuchita,00015,401
4,150,12,Punilla,00150,22542
4,151,12,Punilla,00151,876
4,152,12,Punilla,00152,6868
4,152A,12,Punilla,0152A,6452
4,153,12,Punilla,00153,7883
4,154,12,Punilla,00154,14747
4,155,12,Punilla,00155,1007
4,155A,12,Punilla,0155A,1183
4,156,12,Punilla,00156,59062
4,156A,12,Punilla,0156A,2417
4,156B,12,Punilla,0156B,745
4,156C,12,Punilla,0156C,1577
4,156D,12,Punilla,0156D,5810
4,156E,12,Punilla,0156E,292
4,157,12,Punilla,00157,9800
4,158,12,Punilla,00158,8651
4,158A,12,Punilla,0158A,1076
4,158B,12,Punilla,0158B,2079
4,158C,12,Punilla,0158C,3841
4,159,12,Punilla,00159,6646
4,15A,2,Calamuchita,0015A,897
4,16,2,Calamuchita,00016,240
4,160,13,Río Cuarto,00160,2846
4,160A,13,Río Cuarto,0160A,299
4,161,13,Río Cuarto,00161,6726
4,162,13,Río Cuarto,00162,5619
4,163,13,Río Cuarto,00163,1606
4,164,13,Río Cuarto,00164,2185
4,165,13,Río Cuarto,00165,32120
4,166,13,Río Cuarto,00166,6457
4,167,13,Río Cuarto,00167,1067
4,168,13,Río Cuarto,00168,835
4,169,13,Río Cuarto,00169,504
4,16A,2,Calamuchita,0016A,123
4,16B,2,Calamuchita,0016B,20
4,16C,2,Calamuchita,0016C,136
4,17,2,Calamuchita,00017,7764
4,170,13,Río Cuarto,00170,2964
4,171,13,Río Cuarto,00171,151
4,172,13,Río Cuarto,00172,6241
4,173,13,Río Cuarto,00173,6
4,174,13,Río Cuarto,00174,868
4,175,13,Río Cuarto,00175,65
4,176,13,Río Cuarto,00176,62
4,177,13,Río Cuarto,00177,2711
4,178,13,Río Cuarto,00178,54
4,178A,13,Río Cuarto,0178A,523
4,178B,13,Río Cuarto,0178B,149
4,179,13,Río Cuarto,00179,8580
4,18,2,Calamuchita,00018,1613
4,180,13,Río Cuarto,00180,197
4,181,13,Río Cuarto,00181,179
4,182,13,Río Cuarto,00182,1030
4,183,13,Río Cuarto,00183,9743
4,184,13,Río Cuarto,00184,8546
4,184A,13,Río Cuarto,0184A,837
4,185,13,Río Cuarto,00185,4
4,186,13,Río Cuarto,00186,27894
4,187,13,Río Cuarto,00187,97
4,188,13,Río Cuarto,00188,77435
4,189,13,Río Cuarto,00189,7635
4,18A,2,Calamuchita,0018A,152
4,18B,2,Calamuchita,0018B,261
4,18C,2,Calamuchita,0018C,152
4,18D,2,Calamuchita,0018D,499
4,19,2,Calamuchita,00019,3098
4,190,13,Río Cuarto,00190,93
4,191,13,Río Cuarto,00191,3679
4,191A,13,Río Cuarto,0191A,350
4,192,13,Río Cuarto,00192,464
4,193,13,Río Cuarto,00193,663
4,194,13,Río Cuarto,00194,604
4,195,14,Río Primero,00195,173
4,196,14,Río Primero,00196,206
4,197,14,Río Primero,00197,385
4,198,14,Río Primero,00198,1065
4,199,14,Río Primero,00199,263
4,2,1,Capital,00002,6246
4,20,2,Calamuchita,00020,2472
4,200,14,Río Primero,00200,618
4,201,14,Río Primero,00201,142
4,201A,14,Río Primero,0201A,172
4,202,14,Río Primero,00202,367
4,203,14,Río Primero,00203,388
4,204,14,Río Primero,00204,4005
4,205,14,Río Primero,00205,2255
4,206,14,Río Primero,00206,50
4,207,14,Río Primero,00207,255
4,208,14,Río Primero,00208,322
4,209,14,Río Primero,00209,140
4,20A,2,Calamuchita,0020A,9958
4,20B,2,Calamuchita,0020B,2168
4,21,2,Calamuchita,00021,308
4,210,14,Río Primero,00210,87
4,211,14,Río Primero,00211,11313
4,212,14,Río Primero,00212,115
4,212B,14,Río Primero,0212B,276
4,213,14,Río Primero,00213,2702
4,214,14,Río Primero,00214,1735
4,215,14,Río Primero,00215,141
4,215A,14,Río Primero,0215A,245
4,216,14,Río Primero,00216,33
4,217,14,Río Primero,00217,70
4,218,14,Río Primero,00218,7515
4,219,14,Río Primero,00219,187
4,22,2,Calamuchita,00022,1419
4,220,14,Río Primero,00220,7782
4,221,14,Río Primero,00221,106
4,222,14,Río Primero,00222,1014
4,223,15,Río Seco,00223,835
4,224,15,Río Seco,00224,40
4,225,15,Río Seco,00225,1032
4,225A,15,Río Seco,0225A,70
4,226,15,Río Seco,00226,452
4,226A,15,Río Seco,0226A,429
4,227,15,Río Seco,00227,822
4,227A,15,Río Seco,0227A,459
4,227B,15,Río Seco,0227B,369
4,227C,15,Río Seco,0227C,197
4,227D,15,Río Seco,0227D,416
4,228,15,Río Seco,00228,3014
4,229,15,Río Seco,00229,5577
4,229A,15,Río Seco,0229A,186
4,23,2,Calamuchita,00023,2660
4,230,16,Río Segundo,00230,2329
4,230A,16,Río Segundo,0230A,724
4,231,16,Río Segundo,00231,472
4,232,16,Río Segundo,00232,1759
4,233,16,Río Segundo,00233,1368
4,234,16,Río Segundo,00234,1465
4,235,16,Río Segundo,00235,6976
4,236,16,Río Segundo,00236,1642
4,236A,16,Río Segundo,0236A,72
4,237,16,Río Segundo,00237,6092
4,237A,16,Río Segundo,0237A,1054
4,237B,16,Río Segundo,0237B,228
4,238,16,Río Segundo,00238,1030
4,239,16,Río Segundo,00239,12273
4,24,2,Calamuchita,00024,3479
4,240,16,Río Segundo,00240,14603
4,241,16,Río Segundo,00241,5851
4,242,16,Río Segundo,00242,553
4,242A,16,Río Segundo,0242A,5
4,243,16,Río Segundo,00243,19055
4,244,16,Río Segundo,00244,2598
4,244A,16,Río Segundo,0244A,431
4,245,16,Río Segundo,00245,14353
4,248,17,Presidente Roque Sáenz Peña,00248,18829
4,249,17,Presidente Roque Sáenz Peña,00249,1479
4,24A,2,Calamuchita,0024A,4325
4,25,2,Calamuchita,00025,3485
4,251,17,Presidente Roque Sáenz Peña,00251,94
4,252,17,Presidente Roque Sáenz Peña,00252,5236
4,253,17,Presidente Roque Sáenz Peña,00253,1187
4,254,17,Presidente Roque Sáenz Peña,00254,125
4,255,17,Presidente Roque Sáenz Peña,00255,539
4,256,17,Presidente Roque Sáenz Peña,00256,177
4,257,17,Presidente Roque Sáenz Peña,00257,3339
4,258,17,Presidente Roque Sáenz Peña,00258,598
4,259,18,San Alberto,00259,27
4,25A,2,Calamuchita,0025A,178
4,25B,2,Calamuchita,0025B,368
4,26,2,Calamuchita,00026,14878
4,260,18,San Alberto,00260,1083
4,260A,18,San Alberto,0260A,31
4,261,18,San Alberto,00261,6944
4,261A,18,San Alberto,0261A,1409
4,261B,18,San Alberto,0261B,36
4,262,18,San Alberto,00262,9972
4,263,18,San Alberto,00263,2775
4,263A,18,San Alberto,0263A,124
4,263B,18,San Alberto,0263B,18
4,263C,18,San Alberto,0263C,907
4,263D,18,San Alberto,0263D,661
4,263E,18,San Alberto,0263E,912
4,264,18,San Alberto,00264,526
4,264A,18,San Alberto,0264A,231
4,265,18,San Alberto,00265,5032
4,265A,18,San Alberto,0265A,5305
4,265B,18,San Alberto,0265B,63
4,265C,18,San Alberto,0265C,901
4,266,18,San Alberto,00266,1682
4,266A,18,San Alberto,0266A,151
4,267,19,San Javier,00267,546
4,268,19,San Javier,00268,29619
4,269,19,San Javier,00269,3772
4,269A,19,San Javier,0269A,649
4,269B,19,San Javier,0269B,35
4,26A,2,Calamuchita,0026A,299
4,26B,2,Calamuchita,0026B,244
4,27,3,Colón,00027,3889
4,270,19,San Javier,00270,5900
4,271,19,San Javier,00271,2002
4,272,19,San Javier,00272,1533
4,273,19,San Javier,00273,1581
4,274,19,San Javier,00274,1051
4,274A,19,San Javier,0274A,585
4,275,19,San Javier,00275,2268
4,275A,19,San Javier,0275A,2605
4,276,19,San Javier,00276,1559
4,277,20,San Justo,00277,2992
4,278,20,San Justo,00278,1901
4,279,20,San Justo,00279,21684
4,279A,20,San Justo,0279A,358
4,28,3,Colón,00028,21734
4,280,20,San Justo,00280,6034
4,281,20,San Justo,00281,160
4,282,20,San Justo,00282,9413
4,283,20,San Justo,00283,1967
4,283A,20,San Justo,0283A,190
4,285,20,San Justo,00285,5881
4,286,20,San Justo,00286,157
4,287,20,San Justo,00287,144
4,288,20,San Justo,00288,2164
4,288A,20,San Justo,0288A,333
4,289,20,San Justo,00289,1226
4,28A,3,Colón,0028A,15498
4,29,3,Colón,00029,18787
4,290,20,San Justo,00290,2069
4,291,20,San Justo,00291,6465
4,291A,20,San Justo,0291A,82
4,292,20,San Justo,00292,116
4,293,20,San Justo,00293,3705
4,294,20,San Justo,00294,1062
4,294A,20,San Justo,0294A,203
4,295,20,San Justo,00295,1735
4,295A,20,San Justo,0295A,295
4,296,20,San Justo,00296,2483
4,297,20,San Justo,00297,1262
4,298,20,San Justo,00298,15696
4,299,20,San Justo,00299,460
4,29A,3,Colón,0029A,380
4,3,1,Capital,00003,20207
4,30,3,Colón,00030,8566
4,300,20,San Justo,00300,1284
4,301,20,San Justo,00301,1915
4,302,20,San Justo,00302,117
4,303,20,San Justo,00303,2451
4,304,20,San Justo,00304,18274
4,305,20,San Justo,00305,5409
4,306,20,San Justo,00306,617
4,307,20,San Justo,00307,662
4,308,20,San Justo,00308,3034
4,309,20,San Justo,00309,2846
4,31,3,Colón,00031,1429
4,310,20,San Justo,00310,28107
4,310A,20,San Justo,0310A,29880
4,311,20,San Justo,00311,343
4,312,20,San Justo,00312,17
4,313,20,San Justo,00313,794
4,314,20,San Justo,00314,3424
4,315,20,San Justo,00315,783
4,316,21,Santa María,00316,47672
4,316A,21,Santa María,0316A,6865
4,316B,21,Santa María,0316B,249
4,316C,21,Santa María,0316C,226
4,316D,21,Santa María,0316D,571
4,316E,21,Santa María,0316E,1370
4,316F,21,Santa María,0316F,1803
4,316G,21,Santa María,0316G,2994
4,316H,21,Santa María,0316H,1313
4,316I,21,Santa María,0316I,1466
4,316J,21,Santa María,0316J,4049
4,317,21,Santa María,00317,544
4,318,21,Santa María,00318,692
4,319,21,Santa María,00319,1753
4,31A,3,Colón,0031A,2883
4,31B,3,Colón,0031B,538
4,32,3,Colón,00032,2068
4,320,21,Santa María,00320,18
4,322,21,Santa María,00322,46
4,323,21,Santa María,00323,6504
4,324,21,Santa María,00324,1845
4,325,21,Santa María,00325,1531
4,326,21,Santa María,00326,8310
4,326A,21,Santa María,0326A,4190
4,326B,21,Santa María,0326B,2660
4,326C,21,Santa María,0326C,4105
4,327,21,Santa María,00327,501
4,328,21,Santa María,00328,2177
4,328A,2,Calamuchita,0328A,973
4,328B,21,Santa María,0328B,1124
4,329,21,Santa María,00329,276
4,33,3,Colón,00033,29405
4,330,21,Santa María,00330,758
4,330A,21,Santa María,0330A,818
4,331,21,Santa María,00331,6567
4,332,22,Sobremonte,00332,564
4,333,22,Sobremonte,00333,424
4,334,22,Sobremonte,00334,317
4,335,22,Sobremonte,00335,3056
4,336,23,Tercero Arriba,00336,11114
4,337,23,Tercero Arriba,00337,2361
4,337A,23,Tercero Arriba,0337A,610
4,338,23,Tercero Arriba,00338,1802
4,339,23,Tercero Arriba,00339,1542
4,33A,3,Colón,0033A,337
4,34,3,Colón,00034,13513
4,340,23,Tercero Arriba,00340,10121
4,341,23,Tercero Arriba,00341,4925
4,342,23,Tercero Arriba,00342,4570
4,343,23,Tercero Arriba,00343,668
4,344,23,Tercero Arriba,00344,11501
4,345,23,Tercero Arriba,00345,439
4,346,23,Tercero Arriba,00346,1253
4,347,23,Tercero Arriba,00347,257
4,347A,23,Tercero Arriba,0347A,267
4,348,23,Tercero Arriba,00348,44381
4,349,23,Tercero Arriba,00349,4989
4,349A,23,Tercero Arriba,0349A,405
4,35,3,Colón,00035,14987
4,350,24,Totoral,00350,396
4,351,24,Totoral,00351,1253
4,351A,24,Totoral,0351A,837
4,352,24,Totoral,00352,1890
4,352A,24,Totoral,0352A,207
4,353,24,Totoral,00353,77
4,354,24,Totoral,00354,303
4,355,24,Totoral,00355,1349
4,356,24,Totoral,00356,364
4,357,24,Totoral,00357,2578
4,358,24,Totoral,00358,873
4,359,24,Totoral,00359,8697
4,35A,3,Colón,0035A,1442
4,36,3,Colón,00036,302
4,360,25,Tulumba,00360,151
4,360A,25,Tulumba,0360A,324
4,360B,25,Tulumba,0360B,133
4,361,25,Tulumba,00361,2138
4,362,25,Tulumba,00362,27
4,363,25,Tulumba,00363,38
4,364,25,Tulumba,00364,4924
4,365,25,Tulumba,00365,13
4,366,25,Tulumba,00366,1104
4,367,25,Tulumba,00367,368
4,368,25,Tulumba,00368,759
4,369,25,Tulumba,00369,554
4,37,3,Colón,00037,22051
4,370,25,Tulumba,00370,73
4,370A,25,Tulumba,0370A,17
4,371,25,Tulumba,00371,2261
4,372,26,Unión,00372,1224
4,372A,26,Unión,0372A,367
4,373,26,Unión,00373,4272
4,374,26,Unión,00374,2174
4,375,26,Unión,00375,32146
4,376,26,Unión,00376,463
4,377,26,Unión,00377,274
4,378,26,Unión,00378,7859
4,379,26,Unión,00379,25
4,38,3,Colón,00038,12234
4,381,26,Unión,00381,1673
4,382,26,Unión,00382,744
4,384,26,Unión,00384,1640
4,385,26,Unión,00385,1397
4,386,26,Unión,00386,657
4,387,26,Unión,00387,1585
4,389,26,Unión,00389,5289
4,39,3,Colón,00039,58
4,390,26,Unión,00390,644
4,391,26,Unión,00391,6460
4,392,26,Unión,00392,3579
4,393,26,Unión,00393,4620
4,394,26,Unión,00394,2590
4,395,26,Unión,00395,2496
4,396,26,Unión,00396,7731
4,396A,26,Unión,0396A,51
4,397,26,Unión,00397,1612
4,397A,26,Unión,0397A,3
4,4,1,Capital,00004,21572
4,40,3,Colón,00040,20498
4,400,26,Unión,00400,2995
4,401,26,Unión,00401,311
4,402,26,Unión,00402,1691
4,40A,3,Colón,0040A,14023
4,41,3,Colón,00041,33048
4,41A,3,Colón,0041A,14302
4,42,4,Cruz del Eje,00042,762
4,43,4,Cruz del Eje,00043,29
4,43A,4,Cruz del Eje,0043A,241
4,43B,4,Cruz del Eje,0043B,243
4,43C,4,Cruz del Eje,0043C,3
4,44,4,Cruz del Eje,00044,27514
4,44A,4,Cruz del Eje,0044A,937
4,45,4,Cruz del Eje,00045,1652
4,46,4,Cruz del Eje,00046,715
4,46B,4,Cruz del Eje,0046B,310
4,47,4,Cruz del Eje,00047,121
4,48,4,Cruz del Eje,00048,572
4,49,4,Cruz del Eje,00049,133
4,4A,1,Capital,0004A,18034
4,4B,1,Capital,0004B,15316
4,4C,1,Capital,0004C,5183
4,4D,1,Capital,0004D,3441
4,4E,1,Capital,0004E,3467
4,4F,1,Capital,0004F,3681
4,5,1,Capital,00005,13441
4,50,4,Cruz del Eje,00050,1491
4,50A,4,Cruz del Eje,0050A,711
4,51,4,Cruz del Eje,00051,1546
4,51A,4,Cruz del Eje,0051A,85
4,52,4,Cruz del Eje,00052,118
4,53,4,Cruz del Eje,00053,36
4,53A,4,Cruz del Eje,0053A,58
4,53B,4,Cruz del Eje,0053B,42
4,54,4,Cruz del Eje,00054,3345
4,54A,4,Cruz del Eje,0054A,43
4,55,4,Cruz del Eje,00055,3080
4,55A,4,Cruz del Eje,0055A,186
4,56,4,Cruz del Eje,00056,8278
4,57,4,Cruz del Eje,00057,1437
4,58,5,General Roca,00058,446
4,59,5,General Roca,00059,1808
4,5A,1,Capital,0005A,5481
4,5B,1,Capital,0005B,1816
4,5C,1,Capital,0005C,17998
4,5D,1,Capital,0005D,12240
4,5E,1,Capital,0005E,4210
4,5F,1,Capital,0005F,5065
4,5G,1,Capital,0005G,15011
4,5H,1,Capital,0005H,2080
4,5I,1,Capital,0005I,5340
4,6,1,Capital,00006,5622
4,60,5,General Roca,00060,3296
4,61,5,General Roca,00061,7772
4,62,5,General Roca,00062,1131
4,63,5,General Roca,00063,4612
4,65,5,General Roca,00065,14
4,66,5,General Roca,00066,1582
4,67,5,General Roca,00067,51
4,68,5,General Roca,00068,245
4,69,5,General Roca,00069,44
4,6A,1,Capital,0006A,372
4,6B,1,Capital,0006B,245
4,6C,1,Capital,0006C,12444
4,6D,1,Capital,0006D,6690
4,6E,1,Capital,0006E,2825
4,6F,1,Capital,0006F,8145
4,7,1,Capital,00007,130
4,70,5,General Roca,00070,5223
4,71,5,General Roca,00071,348
4,72,5,General Roca,00072,2916
4,73,6,General San Martín,00073,1775
4,74,6,General San Martín,00074,3118
4,75,6,General San Martín,00075,1095
4,76,6,General San Martín,00076,1097
4,77,6,General San Martín,00077,3787
4,78,6,General San Martín,00078,1445
4,79,6,General San Martín,00079,3135
4,7A,1,Capital,0007A,6920
4,7B,1,Capital,0007B,22035
4,7C,1,Capital,0007C,16
4,7D,1,Capital,0007D,9966
4,7E,1,Capital,0007E,17257
4,7F,1,Capital,0007F,8059
4,7G,1,Capital,0007G,12857
4,8,1,Capital,00008,720
4,80,6,General San Martín,00080,639
4,81,6,General San Martín,00081,68
4,82,6,General San Martín,00082,634
4,83,6,General San Martín,00083,1510
4,84,6,General San Martín,00084,61
4,86,6,General San Martín,00086,750
4,87,6,General San Martín,00087,2168
4,88,6,General San Martín,00088,3507
4,88A,6,General San Martín,0088A,34
4,88B,6,General San Martín,0088B,61
4,89,6,General San Martín,00089,74043
4,8A,1,Capital,0008A,4300
4,8B,1,Capital,0008B,19679
4,8C,1,Capital,0008C,8254
4,9,1,Capital,00009,5696
4,90,6,General San Martín,00090,22328
4,91,7,Ischilín,00091,568
4,91A,7,Ischilín,0091A,29
4,91B,7,Ischilín,0091B,139
4,91C,7,Ischilín,0091C,328
4,92,7,Ischilín,00092,491
4,93,7,Ischilín,00093,406
4,94,7,Ischilín,00094,699
4,95,7,Ischilín,00095,20409
4,96A,7,Ischilín,0096A,759
4,97,7,Ischilín,00097,107
4,98,7,Ischilín,00098,69
4,99,7,Ischilín,00099,5001
4,9A,1,Capital,0009A,4744
4,9B,1,Capital,0009B,7553
4,9C,1,Capital,0009C,13463
4,9D,1,Capital,0009D,9264
4,9E,1,Capital,0009E,5037
4,9F,1,Capital,0009F,14815
4,9G,1,Capital,0009G,5523
5,1,1,Capital,00001,9128
5,10,1,Capital,00010,12690
5,100,16,San Martín,00100,2156
5,100A,16,San Martín,0100A,945
5,101,17,Concepción,00101,4471
5,102,17,Concepción,00102,110
5,103,17,Concepción,00103,134
5,104,17,Concepción,00104,87
5,105,17,Concepción,00105,2919
5,105A,17,Concepción,0105A,2371
5,106,17,Concepción,00106,9216
5,107,17,Concepción,00107,140
5,108,18,Mburucuyá,00108,7014
5,109,18,Mburucuyá,00109,1399
5,11,1,Capital,00011,14034
5,110,18,Mburucuyá,00110,867
5,111,18,Mburucuyá,00111,106
5,112,19,Ituzaingó,00112,21234
5,113,19,Ituzaingó,00113,470
5,114,19,Ituzaingó,00114,1499
5,115,19,Ituzaingó,00115,200
5,116,19,Ituzaingó,00116,17
5,117,19,Ituzaingó,00117,1502
5,117A,19,Ituzaingó,0117A,235
5,118,19,Ituzaingó,00118,9052
5,119,19,Ituzaingó,00119,5184
5,11A,1,Capital,0011A,2527
5,12,2,Goya,00012,11306
5,120,19,Ituzaingó,00120,163
5,121,20,Sauce,00121,6916
5,122,20,Sauce,00122,798
5,123,20,Sauce,00123,358
5,124,20,Sauce,00124,15
5,125,20,Sauce,00125,140
5,126,21,San Cosme,00126,5304
5,127,21,San Cosme,00127,1310
5,128,21,San Cosme,00128,6701
5,128A,21,San Cosme,0128A,606
5,129,21,San Cosme,00129,281
5,12A,2,Goya,0012A,15032
5,12B,2,Goya,0012B,22560
5,12C,2,Goya,0012C,13281
5,13,2,Goya,00013,1921
5,130,21,San Cosme,00130,991
5,130A,21,San Cosme,0130A,96
5,131,21,San Cosme,00131,9263
5,132,22,General Alvear,00132,6322
5,133,22,General Alvear,00133,323
5,134,22,General Alvear,00134,177
5,135,22,General Alvear,00135,439
5,136,23,San Miguel,00136,4890
5,137,23,San Miguel,00137,849
5,138,23,San Miguel,00138,1231
5,139,23,San Miguel,00139,289
5,13A,2,Goya,0013A,6341
5,14,2,Goya,00014,1794
5,140,23,San Miguel,00140,2822
5,141,24,Itatí,00141,7228
5,142,24,Itatí,00142,500
5,143,24,Itatí,00143,1932
5,144,24,Itatí,00144,727
5,145,25,Berón de Astrada,00145,1527
5,146,25,Berón de Astrada,00146,626
5,147,25,Berón de Astrada,00147,586
5,15,2,Goya,00015,3027
5,16,2,Goya,00016,4984
5,17,3,Curuzú Cuatiá,00017,31705
5,18,3,Curuzú Cuatiá,00018,1387
5,19,3,Curuzú Cuatiá,00019,647
5,2,1,Capital,00002,11306
5,20,3,Curuzú Cuatiá,00020,134
5,21,3,Curuzú Cuatiá,00021,360
5,22,3,Curuzú Cuatiá,00022,5520
5,23,4,Mercedes,00023,16393
5,24,4,Mercedes,00024,17001
5,25,4,Mercedes,00025,2125
5,26,4,Mercedes,00026,1614
5,27,4,Mercedes,00027,777
5,28,4,Mercedes,00028,418
5,29,4,Mercedes,00029,86
5,2A,1,Capital,0002A,18860
5,3,1,Capital,00003,5032
5,30,5,Esquina,00030,17318
5,31,5,Esquina,00031,5505
5,32,5,Esquina,00032,7053
5,32A,5,Esquina,0032A,718
5,33,5,Esquina,00033,1342
5,34,5,Esquina,00034,961
5,35,5,Esquina,00035,256
5,36,6,Lavalle,00036,12162
5,37,6,Lavalle,00037,6251
5,37A,6,Lavalle,0037A,879
5,37B,6,Lavalle,0037B,2214
5,38,6,Lavalle,00038,4250
5,39,6,Lavalle,00039,2654
5,4,1,Capital,00004,7689
5,40,7,Santo Tomé,00040,21029
5,41,7,Santo Tomé,00041,1865
5,42,7,Santo Tomé,00042,145
5,43,7,Santo Tomé,00043,1432
5,44,7,Santo Tomé,00044,964
5,45,7,Santo Tomé,00045,29125
5,46,7,Santo Tomé,00046,62
5,47,7,Santo Tomé,00047,9
5,48,7,Santo Tomé,00048,63
5,49,8,Paso de los Libres,00049,36981
5,5,1,Capital,00005,16961
5,50,8,Paso de los Libres,00050,1123
5,51,8,Paso de los Libres,00051,174
5,52,8,Paso de los Libres,00052,791
5,53,8,Paso de los Libres,00053,3510
5,54,8,Paso de los Libres,00054,4782
5,55,9,Monte Caseros,00055,21837
5,56,9,Monte Caseros,00056,1373
5,57,9,Monte Caseros,00057,1105
5,58,9,Monte Caseros,00058,50
5,59,9,Monte Caseros,00059,1688
5,59A,9,Monte Caseros,0059A,7371
5,5A,1,Capital,0005A,48061
5,5B,1,Capital,0005B,33632
5,5C,1,Capital,0005C,25572
5,6,1,Capital,00006,10363
5,60,10,San Luis del Palmar,00060,13032
5,61,10,San Luis del Palmar,00061,1790
5,62,10,San Luis del Palmar,00062,648
5,63,10,San Luis del Palmar,00063,1407
5,64,10,San Luis del Palmar,00064,345
5,65,10,San Luis del Palmar,00065,475
5,66,10,San Luis del Palmar,00066,492
5,67,11,Bella Vista,00067,26770
5,68,11,Bella Vista,00068,2790
5,69,11,Bella Vista,00069,175
5,7,1,Capital,00007,15312
5,70,11,Bella Vista,00070,2664
5,71,11,Bella Vista,00071,1076
5,72,12,Empedrado,00072,9353
5,73,12,Empedrado,00073,1042
5,73A,12,Empedrado,0073A,1858
5,74,12,Empedrado,00074,695
5,75,12,Empedrado,00075,271
5,76,12,Empedrado,00076,1746
5,77,13,San Roque,00077,7866
5,78,13,San Roque,00078,2325
5,79,13,San Roque,00079,3330
5,7A,1,Capital,0007A,11636
5,7B,1,Capital,0007B,18827
5,8,1,Capital,00008,17767
5,80,13,San Roque,00080,2240
5,81,13,San Roque,00081,365
5,82,13,San Roque,00082,2456
5,83,14,General Paz,00083,4636
5,84,14,General Paz,00084,1149
5,85,14,General Paz,00085,2045
5,86,14,General Paz,00086,371
5,87,14,General Paz,00087,309
5,87A,14,General Paz,0087A,146
5,88,14,General Paz,00088,1534
5,89,14,General Paz,00089,373
5,9,1,Capital,00009,29106
5,90,14,General Paz,00090,4242
5,91,15,Saladas,00091,11220
5,92,15,Saladas,00092,3754
5,93,15,Saladas,00093,1706
5,94,15,Saladas,00094,3484
5,95,15,Saladas,00095,464
5,96,16,San Martín,00096,7203
5,97,16,San Martín,00097,1044
5,98,16,San Martín,00098,797
5,99,16,San Martín,00099,45
5,9A,1,Capital,0009A,1783
6,1,1,San Fernando,00001,5157
6,10,1,San Fernando,00010,9969
6,100,14,Quitilipi,00100,1759
6,101,14,Quitilipi,00101,1987
6,102,15,25 de Mayo,00102,152
6,103,15,25 de Mayo,00103,925
6,104,15,25 de Mayo,00104,21963
6,105,15,25 de Mayo,00105,3878
6,106,15,25 de Mayo,00106,113
6,107,16,Maipú,00107,386
6,108,16,Maipú,00108,21496
6,109,16,Maipú,00109,445
6,110,17,Independencia,00110,141
6,111,17,Independencia,00111,3439
6,112,17,Independencia,00112,6726
6,113,17,Independencia,00113,9860
6,114,17,Independencia,00114,287
6,115,18,General Belgrano,00115,11025
6,116,18,General Belgrano,00116,2
6,117,19,9 de Julio,00117,24380
6,117A,19,9 de Julio,0117A,347
6,118,19,9 de Julio,00118,826
6,118A,19,9 de Julio,0118A,616
6,119,20,Chacabuco,00119,28088
6,11A,1,San Fernando,0011A,9329
6,11B,1,San Fernando,0011B,20255
6,12,1,San Fernando,00012,11788
6,120,20,Chacabuco,00120,844
6,121,21,12 de Octubre,00121,926
6,122,21,12 de Octubre,00122,13623
6,123,21,12 de Octubre,00123,560
6,124,21,12 de Octubre,00124,741
6,125,21,12 de Octubre,00125,4716
6,126,22,2 de Abril,00126,6309
6,127,22,2 de Abril,00127,218
6,128,23,Fray Justo Santa María de Oro,00128,8730
6,129,23,Fray Justo Santa María de Oro,00129,1628
6,130,24,Almirante Brown,00130,5601
6,131,24,Almirante Brown,00131,10287
6,132,24,Almirante Brown,00132,5995
6,132A,24,Almirante Brown,0132A,862
6,133,24,Almirante Brown,00133,9694
6,134A,25,General Güemes,0134A,1649
6,134B,25,General Güemes,0134B,5926
6,134C,25,General Güemes,0134C,1222
6,134D,25,General Güemes,0134D,6327
6,135A,25,General Güemes,0135A,2868
6,135B,25,General Güemes,0135B,10832
6,135C,25,General Güemes,0135C,1404
6,136,25,General Güemes,00136,31463
6,137,25,General Güemes,00137,1272
6,138A,25,General Güemes,0138A,580
6,138B,25,General Güemes,0138B,8500
6,139,25,General Güemes,00139,3474
6,13A,1,San Fernando,0013A,13298
6,13B,1,San Fernando,0013B,22846
6,14,1,San Fernando,00014,5962
6,15,1,San Fernando,00015,16401
6,16A,1,San Fernando,0016A,30562
6,16B,1,San Fernando,0016B,16091
6,16C,1,San Fernando,0016C,11661
6,17,1,San Fernando,00017,3826
6,18,1,San Fernando,00018,10854
6,19A,1,San Fernando,0019A,6669
6,19B,1,San Fernando,0019B,7086
6,2,1,San Fernando,00002,4646
6,20,1,San Fernando,00020,2331
6,21,1,San Fernando,00021,9885
6,22A,1,San Fernando,0022A,9400
6,22B,1,San Fernando,0022B,11655
6,23,1,San Fernando,00023,11851
6,24,1,San Fernando,00024,454
6,25,1,San Fernando,00025,16
6,26,1,San Fernando,00026,5721
6,27,1,San Fernando,00027,535
6,28,2,1º de Mayo,00028,4606
6,28A,2,1º de Mayo,0028A,979
6,29,2,1º de Mayo,00029,7186
6,3,1,San Fernando,00003,4585
6,30,2,1º de Mayo,00030,273
6,31,2,1º de Mayo,00031,5
6,32,3,Libertad,00032,9842
6,33,3,Libertad,00033,2023
6,34,3,Libertad,00034,1047
6,35,3,Libertad,00035,17
6,36,3,Libertad,00036,4
6,37,4,General Donovan,00037,1149
6,38,4,General Donovan,00038,5602
6,39,4,General Donovan,00039,3117
6,4,1,San Fernando,00004,4824
6,40,4,General Donovan,00040,3799
6,41,5,Sargento Cabral,00041,4476
6,42,5,Sargento Cabral,00042,2249
6,43,5,Sargento Cabral,00043,4004
6,44,5,Sargento Cabral,00044,5247
6,45,6,Presidencia de la Plaza,00045,252
6,46,6,Presidencia de la Plaza,00046,161
6,47,6,Presidencia de la Plaza,00047,10744
6,48,6,Presidencia de la Plaza,00048,143
6,49,7,Bermejo,00049,2116
6,50,7,Bermejo,00050,465
6,51,7,Bermejo,00051,194
6,52,7,Bermejo,00052,6410
6,53,7,Bermejo,00053,9577
6,54,7,Bermejo,00054,3371
6,55A,7,Bermejo,0055A,2101
6,55B,7,Bermejo,0055B,959
6,56,7,Bermejo,00056,11
6,57,7,Bermejo,00057,229
6,58,8,Libertador General San Martín,00058,968
6,59,8,Libertador General San Martín,00059,895
6,5A,1,San Fernando,0005A,9963
6,5B,1,San Fernando,0005B,7492
6,6,1,San Fernando,00006,2855
6,60,8,Libertador General San Martín,00060,2073
6,61,8,Libertador General San Martín,00061,1484
6,62,8,Libertador General San Martín,00062,28470
6,63,8,Libertador General San Martín,00063,658
6,64,8,Libertador General San Martín,00064,4358
6,65,8,Libertador General San Martín,00065,14010
6,66,8,Libertador General San Martín,00066,1607
6,67,8,Libertador General San Martín,00067,1289
6,68,9,Tapenagá,00068,1490
6,69,9,Tapenagá,00069,213
6,70,9,Tapenagá,00070,1425
6,71,9,Tapenagá,00071,117
6,72,9,Tapenagá,00072,35
6,73,10,San Lorenzo,00073,232
6,74,10,San Lorenzo,00074,12046
6,75,10,San Lorenzo,00075,1590
6,76,11,Mayor Luis J. Fontana,00076,1406
6,77,11,Mayor Luis J. Fontana,00077,7079
6,78,11,Mayor Luis J. Fontana,00078,19197
6,79,11,Mayor Luis J. Fontana,00079,14671
6,7A,1,San Fernando,0007A,11260
6,7B,1,San Fernando,0007B,13207
6,80,11,Mayor Luis J. Fontana,00080,9602
6,81,11,Mayor Luis J. Fontana,00081,349
6,82,11,Mayor Luis J. Fontana,00082,669
6,83,12,O'Higgins,00083,387
6,84,12,O'Higgins,00084,9547
6,85,12,O'Higgins,00085,4472
6,86,12,O'Higgins,00086,4576
6,87,13,Comandante Fernández,00087,1787
6,88,13,Comandante Fernández,00088,28108
6,89,13,Comandante Fernández,00089,25058
6,8A,1,San Fernando,0008A,24788
6,8B,1,San Fernando,0008B,15361
6,9,1,San Fernando,00009,10771
6,90,13,Comandante Fernández,00090,2190
6,91,13,Comandante Fernández,00091,3917
6,92,13,Comandante Fernández,00092,8829
6,93,13,Comandante Fernández,00093,2833
6,94,13,Comandante Fernández,00094,13434
6,95,13,Comandante Fernández,00095,337
6,96,13,Comandante Fernández,00096,1046
6,97,13,Comandante Fernández,00097,583
6,98,14,Quitilipi,00098,25402
6,99,14,Quitilipi,00099,851
7,1,1,Rawson,00001,2506
7,10,1,Rawson,00010,4986
7,100,15,Escalante,00100,4714
7,101,15,Escalante,00101,3235
7,102,15,Escalante,00102,6226
7,103,15,Escalante,00103,8183
7,104,15,Escalante,00104,6960
7,105,15,Escalante,00105,17924
7,106,15,Escalante,00106,4919
7,107,15,Escalante,00107,12467
7,108,15,Escalante,00108,3816
7,109,15,Escalante,00109,24577
7,11,1,Rawson,00011,3643
7,12,1,Rawson,00012,3473
7,13,1,Rawson,00013,1736
7,14,1,Rawson,00014,3365
7,15,1,Rawson,00015,2095
7,16,1,Rawson,00016,4510
7,17,1,Rawson,00017,2415
7,18,1,Rawson,00018,3443
7,18A,1,Rawson,0018A,2652
7,19,1,Rawson,00019,3547
7,2,1,Rawson,00002,4836
7,20,1,Rawson,00020,4680
7,21,1,Rawson,00021,2790
7,21A,1,Rawson,0021A,1439
7,22,1,Rawson,00022,791
7,23,1,Rawson,00023,8768
7,24,1,Rawson,00024,433
7,25,1,Rawson,00025,6774
7,26,2,Biedma,00026,10716
7,27,2,Biedma,00027,4616
7,28,2,Biedma,00028,14212
7,28A,2,Biedma,0028A,14272
7,29,2,Biedma,00029,7499
7,3,1,Rawson,00003,14043
7,30,2,Biedma,00030,18437
7,31,2,Biedma,00031,7321
7,32,2,Biedma,00032,798
7,33,3,Telsen,00033,617
7,34,3,Telsen,00034,806
7,35,4,Gastre,00035,724
7,36A,4,Gastre,0036A,301
7,36B,4,Gastre,0036B,107
7,37,5,Cushamen,00037,1349
7,39,5,Cushamen,00039,4257
7,4,1,Rawson,00004,2873
7,40,5,Cushamen,00040,1512
7,41,5,Cushamen,00041,2467
7,42,5,Cushamen,00042,2165
7,43,5,Cushamen,00043,4307
7,44A,5,Cushamen,0044A,5698
7,44B,5,Cushamen,0044B,1456
7,44C,5,Cushamen,0044C,58
7,44D,5,Cushamen,0044D,844
7,44E,5,Cushamen,0044E,1144
7,45,6,Futaleufú,00045,68
7,46,6,Futaleufú,00046,7852
7,47,6,Futaleufú,00047,9480
7,48,6,Futaleufú,00048,12387
7,48A,6,Futaleufú,0048A,124
7,49,6,Futaleufú,00049,260
7,5,1,Rawson,00005,8360
7,50A,6,Futaleufú,0050A,5235
7,50B,6,Futaleufú,0050B,561
7,51,6,Futaleufú,00051,3203
7,52,6,Futaleufú,00052,215
7,53,6,Futaleufú,00053,433
7,54A,6,Futaleufú,0054A,1861
7,54B,6,Futaleufú,0054B,258
7,55,7,Languiñeo,00055,381
7,56,7,Languiñeo,00056,1300
7,57,7,Languiñeo,00057,512
7,58,7,Languiñeo,00058,340
7,58A,7,Languiñeo,0058A,207
7,59,8,Tehuelches,00059,201
7,6,1,Rawson,00006,4163
7,60,8,Tehuelches,00060,1033
7,61,8,Tehuelches,00061,2147
7,62,8,Tehuelches,00062,1722
7,63,9,Paso de Indios,00063,1436
7,63A,9,Paso de Indios,0063A,203
7,65,10,Mártires,00065,42
7,66,10,Mártires,00066,605
7,67,11,Florentino Ameghino,00067,1520
7,68,12,Gaiman,00068,3048
7,69,12,Gaiman,00069,3483
7,7,1,Rawson,00007,3702
7,70,12,Gaiman,00070,1246
7,71,12,Gaiman,00071,2071
7,72,12,Gaiman,00072,582
7,73,12,Gaiman,00073,211
7,74,13,Río Senguer,00074,123
7,75,13,Río Senguer,00075,1554
7,77,13,Río Senguer,00077,221
7,78,13,Río Senguer,00078,2743
7,79,13,Río Senguer,00079,247
7,8,1,Rawson,00008,3430
7,80,13,Río Senguer,00080,179
7,81,13,Río Senguer,00081,194
7,82,14,Sarmiento,00082,129
7,83,14,Sarmiento,00083,3521
7,83A,14,Sarmiento,0083A,2704
7,84,14,Sarmiento,00084,3262
7,84A,14,Sarmiento,0084A,1383
7,86,15,Escalante,00086,13868
7,87,15,Escalante,00087,1259
7,88,15,Escalante,00088,295
7,89,15,Escalante,00089,732
7,9,1,Rawson,00009,9865
7,90,15,Escalante,00090,463
7,91,15,Escalante,00091,6714
7,92,15,Escalante,00092,5320
7,93,15,Escalante,00093,3840
7,94,15,Escalante,00094,1374
7,95,15,Escalante,00095,14668
7,96,15,Escalante,00096,7023
7,97,15,Escalante,00097,10496
7,98,15,Escalante,00098,5350
7,99,15,Escalante,00099,3751
7,9A,1,Rawson,0009A,5039
8,1,1,Paraná,00001,12480
8,10,1,Paraná,00010,6760
8,100,5,Victoria,00100,67
8,101,5,Victoria,00101,247
8,102,5,Victoria,00102,260
8,103,5,Victoria,00103,121
8,104,5,Victoria,00104,145
8,105,5,Victoria,00105,1007
8,106,5,Victoria,00106,797
8,107,5,Victoria,00107,212
8,108,5,Victoria,00108,17
8,109,5,Victoria,00109,31
8,11,1,Paraná,00011,15670
8,110,5,Victoria,00110,61
8,111,6,Nogoyá,00111,18734
8,112,6,Nogoyá,00112,3376
8,113,6,Nogoyá,00113,351
8,114,6,Nogoyá,00114,415
8,115,6,Nogoyá,00115,70
8,116,6,Nogoyá,00116,75
8,117,6,Nogoyá,00117,2014
8,118,6,Nogoyá,00118,1993
8,119,6,Nogoyá,00119,253
8,12,1,Paraná,00012,20142
8,120,6,Nogoyá,00120,381
8,121,6,Nogoyá,00121,416
8,122,6,Nogoyá,00122,396
8,123,6,Nogoyá,00123,316
8,124,6,Nogoyá,00124,4746
8,125,6,Nogoyá,00125,478
8,126,6,Nogoyá,00126,406
8,127,6,Nogoyá,00127,427
8,128,7,Gualeguay,00128,29422
8,129,7,Gualeguay,00129,5060
8,13,1,Paraná,00013,22626
8,130,7,Gualeguay,00130,6271
8,131,7,Gualeguay,00131,396
8,132,7,Gualeguay,00132,121
8,133,7,Gualeguay,00133,242
8,134,7,Gualeguay,00134,442
8,135,7,Gualeguay,00135,4953
8,136,7,Gualeguay,00136,118
8,137,7,Gualeguay,00137,227
8,138,7,Gualeguay,00138,888
8,139,7,Gualeguay,00139,157
8,14,1,Paraná,00014,4192
8,140,7,Gualeguay,00140,197
8,141,8,Tala,00141,12026
8,142,8,Tala,00142,343
8,143,8,Tala,00143,581
8,144,8,Tala,00144,66
8,145,8,Tala,00145,16
8,146,8,Tala,00146,592
8,147,8,Tala,00147,252
8,148,8,Tala,00148,167
8,149,8,Tala,00149,139
8,15,1,Paraná,00015,17172
8,150,8,Tala,00150,166
8,151,8,Tala,00151,2775
8,152,8,Tala,00152,451
8,153,8,Tala,00153,298
8,154,8,Tala,00154,227
8,155,8,Tala,00155,430
8,156,8,Tala,00156,6195
8,157,9,Uruguay,00157,17020
8,158,9,Uruguay,00158,11330
8,159,9,Uruguay,00159,12002
8,16,1,Paraná,00016,13286
8,160,9,Uruguay,00160,1507
8,161,9,Uruguay,00161,201
8,162,9,Uruguay,00162,25050
8,163,9,Uruguay,00163,539
8,164,9,Uruguay,00164,1594
8,165,9,Uruguay,00165,22
8,166,9,Uruguay,00166,1084
8,166A,9,Uruguay,0166A,15
8,167,9,Uruguay,00167,630
8,168,9,Uruguay,00168,1644
8,169,9,Uruguay,00169,2547
8,17,1,Paraná,00017,20588
8,170,9,Uruguay,00170,1863
8,171,9,Uruguay,00171,1653
8,172,9,Uruguay,00172,17
8,173,9,Uruguay,00173,357
8,174,9,Uruguay,00174,1572
8,174A,9,Uruguay,0174A,37
8,175,9,Uruguay,00175,8740
8,176,9,Uruguay,00176,37
8,178,9,Uruguay,00178,1837
8,179,9,Uruguay,00179,407
8,18,1,Paraná,00018,5656
8,180,9,Uruguay,00180,768
8,181,9,Uruguay,00181,412
8,182,10,Gualeguaychú,00182,18810
8,183,10,Gualeguaychú,00183,24046
8,184,10,Gualeguaychú,00184,16358
8,185,10,Gualeguaychú,00185,18309
8,186,10,Gualeguaychú,00186,406
8,187,10,Gualeguaychú,00187,211
8,188,10,Gualeguaychú,00188,109
8,189,10,Gualeguaychú,00189,3603
8,19,1,Paraná,00019,12550
8,190,10,Gualeguaychú,00190,187
8,191,10,Gualeguaychú,00191,101
8,192,10,Gualeguaychú,00192,6614
8,193,10,Gualeguaychú,00193,370
8,194,10,Gualeguaychú,00194,124
8,195A,10,Gualeguaychú,0195A,995
8,196,10,Gualeguaychú,00196,100
8,197,10,Gualeguaychú,00197,21
8,198,10,Gualeguaychú,00198,8718
8,199,10,Gualeguaychú,00199,13
8,2,1,Paraná,00002,9958
8,20,1,Paraná,00020,165
8,200,10,Gualeguaychú,00200,1699
8,201,10,Gualeguaychú,00201,278
8,202,10,Gualeguaychú,00202,1109
8,202A,10,Gualeguaychú,0202A,81
8,203,10,Gualeguaychú,00203,159
8,204,10,Gualeguaychú,00204,191
8,205,10,Gualeguaychú,00205,307
8,206,10,Gualeguaychú,00206,131
8,207,10,Gualeguaychú,00207,63
8,208,11,Islas del Ibicuy,00208,5043
8,209,11,Islas del Ibicuy,00209,158
8,21,1,Paraná,00021,6291
8,210,11,Islas del Ibicuy,00210,85
8,211,11,Islas del Ibicuy,00211,4219
8,212,11,Islas del Ibicuy,00212,484
8,213,11,Islas del Ibicuy,00213,2264
8,213A,11,Islas del Ibicuy,0213A,198
8,214,12,Villaguay,00214,30666
8,215,12,Villaguay,00215,1785
8,216,12,Villaguay,00216,1798
8,217,12,Villaguay,00217,80
8,218,12,Villaguay,00218,488
8,219,12,Villaguay,00219,2832
8,22,1,Paraná,00022,197
8,220,12,Villaguay,00220,71
8,221,12,Villaguay,00221,662
8,222,12,Villaguay,00222,1039
8,223,12,Villaguay,00223,692
8,224,12,Villaguay,00224,703
8,225,12,Villaguay,00225,677
8,226,12,Villaguay,00226,82
8,227,12,Villaguay,00227,440
8,228,12,Villaguay,00228,528
8,229,12,Villaguay,00229,1076
8,23,1,Paraná,00023,7158
8,230,13,Concordia,00230,23737
8,231,13,Concordia,00231,25604
8,232,13,Concordia,00232,13342
8,233,13,Concordia,00233,16567
8,234,13,Concordia,00234,3234
8,235,13,Concordia,00235,35870
8,236,13,Concordia,00236,5858
8,237,13,Concordia,00237,6970
8,238,13,Concordia,00238,4629
8,239,13,Concordia,00239,88
8,23A,1,Paraná,0023A,1049
8,24,1,Paraná,00024,1366
8,240,13,Concordia,00240,2156
8,241,13,Concordia,00241,632
8,242,13,Concordia,00242,2842
8,243,13,Concordia,00243,1021
8,244,13,Concordia,00244,139
8,245,13,Concordia,00245,54
8,246,13,Concordia,00246,3392
8,247,13,Concordia,00247,291
8,248,13,Concordia,00248,157
8,249,13,Concordia,00249,1806
8,25,1,Paraná,00025,204
8,250,13,Concordia,00250,519
8,251,13,Concordia,00251,490
8,252,14,Federal,00252,15670
8,253,14,Federal,00253,1455
8,254,14,Federal,00254,494
8,255,14,Federal,00255,202
8,256,14,Federal,00256,228
8,257,14,Federal,00257,124
8,258,14,Federal,00258,1836
8,259,14,Federal,00259,503
8,26,1,Paraná,00026,187
8,260,14,Federal,00260,79
8,261,14,Federal,00261,67
8,262,14,Federal,00262,329
8,263,14,Federal,00263,3296
8,264,14,Federal,00264,135
8,265,14,Federal,00265,13
8,266,15,Colón,00266,22870
8,267,15,Colón,00267,2145
8,268,15,Colón,00268,13767
8,269,15,Colón,00269,4094
8,27,1,Paraná,00027,499
8,270,15,Colón,00270,253
8,271,15,Colón,00271,130
8,272,15,Colón,00272,143
8,273,15,Colón,00273,178
8,274,15,Colón,00274,10585
8,275,15,Colón,00275,289
8,276,15,Colón,00276,570
8,277,15,Colón,00277,210
8,278,15,Colón,00278,58
8,279,15,Colón,00279,92
8,280,15,Colón,00280,353
8,281,15,Colón,00281,26
8,282,15,Colón,00282,759
8,283,15,Colón,00283,680
8,285,15,Colón,00285,47
8,286,15,Colón,00286,18
8,287,15,Colón,00287,2895
8,288,16,Feliciano,00288,9968
8,289,16,Feliciano,00289,1638
8,29,1,Paraná,00029,400
8,290,16,Feliciano,00290,424
8,291,16,Feliciano,00291,333
8,292,16,Feliciano,00292,694
8,293,16,Feliciano,00293,279
8,294,16,Feliciano,00294,498
8,295,17,Federación,00295,545
8,296,17,Federación,00296,14170
8,297,17,Federación,00297,1178
8,298,17,Federación,00298,366
8,299,17,Federación,00299,1162
8,3,1,Paraná,00003,7783
8,30,1,Paraná,00030,189
8,300,17,Federación,00300,928
8,302,17,Federación,00302,4208
8,303,17,Federación,00303,516
8,304,17,Federación,00304,63
8,304A,17,Federación,0304A,1259
8,305,17,Federación,00305,33332
8,306,17,Federación,00306,4022
8,307,17,Federación,00307,154
8,308,17,Federación,00308,1996
8,309,17,Federación,00309,123
8,31,1,Paraná,00031,216
8,310,18,San Salvador,00310,13035
8,311,18,San Salvador,00311,3787
8,312,18,San Salvador,00312,45
8,313,18,San Salvador,00313,49
8,314,18,San Salvador,00314,276
8,315,18,San Salvador,00315,16
8,32,1,Paraná,00032,5514
8,33,1,Paraná,00033,413
8,34,1,Paraná,00034,412
8,35,1,Paraná,00035,237
8,36,1,Paraná,00036,498
8,37,1,Paraná,00037,7957
8,38,1,Paraná,00038,883
8,39,1,Paraná,00039,494
8,4,1,Paraná,00004,10968
8,40,1,Paraná,00040,1684
8,41,1,Paraná,00041,1018
8,42,1,Paraná,00042,123
8,43,1,Paraná,00043,5608
8,44,1,Paraná,00044,297
8,45,1,Paraná,00045,258
8,46,1,Paraná,00046,5036
8,47,1,Paraná,00047,170
8,48,1,Paraná,00048,20686
8,49,1,Paraná,00049,168
8,5,1,Paraná,00005,11394
8,50,1,Paraná,00050,289
8,51,1,Paraná,00051,622
8,52,1,Paraná,00052,213
8,53,1,Paraná,00053,1049
8,54,1,Paraná,00054,273
8,55,1,Paraná,00055,243
8,56,1,Paraná,00056,533
8,57,1,Paraná,00057,10349
8,58,1,Paraná,00058,4814
8,59,3,La Paz,00059,21705
8,6,1,Paraná,00006,5071
8,60,3,La Paz,00060,2233
8,61,3,La Paz,00061,16312
8,62,3,La Paz,00062,256
8,63,3,La Paz,00063,615
8,64,3,La Paz,00064,536
8,65,3,La Paz,00065,8372
8,66,3,La Paz,00066,329
8,67,3,La Paz,00067,133
8,68,3,La Paz,00068,604
8,69,3,La Paz,00069,2928
8,7,1,Paraná,00007,2878
8,70,3,La Paz,00070,149
8,71,3,La Paz,00071,1967
8,72,3,La Paz,00072,690
8,73,3,La Paz,00073,356
8,74,3,La Paz,00074,2507
8,75,3,La Paz,00075,658
8,76,3,La Paz,00076,803
8,77,4,Diamante,00077,13981
8,78,4,Diamante,00078,406
8,79,4,Diamante,00079,1724
8,8,1,Paraná,00008,24905
8,80,4,Diamante,00080,2017
8,81,4,Diamante,00081,449
8,82,4,Diamante,00082,1082
8,83,4,Diamante,00083,556
8,84,4,Diamante,00084,2759
8,85,4,Diamante,00085,90
8,86,4,Diamante,00086,322
8,87,4,Diamante,00087,625
8,88,4,Diamante,00088,605
8,89,4,Diamante,00089,493
8,9,1,Paraná,00009,6630
8,90,4,Diamante,00090,114
8,91,4,Diamante,00091,1094
8,92,4,Diamante,00092,6987
8,93,4,Diamante,00093,550
8,94,4,Diamante,00094,292
8,96,4,Diamante,00096,8891
8,97,4,Diamante,00097,474
8,98,5,Victoria,00098,16272
8,99,5,Victoria,00099,13880
9,1,1,Formosa,00001,18509
9,11,1,Formosa,00011,892
9,14,1,Formosa,00014,255
9,15,1,Formosa,00015,70
9,16,1,Formosa,00016,285
9,17,1,Formosa,00017,1274
9,17A,1,Formosa,0017A,188
9,17B,1,Formosa,0017B,35
9,18,1,Formosa,00018,1492
9,18A,1,Formosa,0018A,10
9,19,1,Formosa,00019,1449
9,2,1,Formosa,00002,5492
9,20,1,Formosa,00020,83
9,21,1,Formosa,00021,1217
9,21A,1,Formosa,0021A,166
9,22,2,Laishí,00022,4130
9,22A,2,Laishí,0022A,1032
9,22B,2,Laishí,0022B,211
9,22C,2,Laishí,0022C,17
9,23,2,Laishí,00023,2155
9,23A,2,Laishí,0023A,139
9,23B,2,Laishí,0023B,13
9,23C,2,Laishí,0023C,3267
9,24,2,Laishí,00024,5619
9,24A,2,Laishí,0024A,121
9,24B,2,Laishí,0024B,403
9,25,3,Pilcomayo,00025,154
9,26,3,Pilcomayo,00026,6176
9,26A,3,Pilcomayo,0026A,106
9,26B,3,Pilcomayo,0026B,56
9,27,3,Pilcomayo,00027,12
9,28,3,Pilcomayo,00028,2945
9,28A,3,Pilcomayo,0028A,71
9,28B,3,Pilcomayo,0028B,569
9,29,3,Pilcomayo,00029,8588
9,29A,3,Pilcomayo,0029A,69
9,3,1,Formosa,00003,55781
9,30,3,Pilcomayo,00030,6104
9,30A,3,Pilcomayo,0030A,589
9,31,3,Pilcomayo,00031,210
9,31A,3,Pilcomayo,0031A,719
9,31B,3,Pilcomayo,0031B,682
9,32,3,Pilcomayo,00032,49245
9,32A,3,Pilcomayo,0032A,145
9,32B,3,Pilcomayo,0032B,511
9,34,4,Pirané,00034,18334
9,34A,4,Pirané,0034A,206
9,34B,4,Pirané,0034B,16
9,35,4,Pirané,00035,496
9,35A,4,Pirané,0035A,259
9,35B,4,Pirané,0035B,120
9,36,4,Pirané,00036,6724
9,36A,4,Pirané,0036A,205
9,36B,4,Pirané,0036B,61
9,36C,4,Pirané,0036C,140
9,37,4,Pirané,00037,79
9,37A,4,Pirané,0037A,45
9,37B,4,Pirané,0037B,6912
9,37C,4,Pirané,0037C,13908
9,37D,4,Pirané,0037D,145
9,37E,4,Pirané,0037E,28
9,37F,4,Pirané,0037F,58
9,37G,4,Pirané,0037G,369
9,38,4,Pirané,00038,18
9,38A,4,Pirané,0038A,390
9,39,4,Pirané,00039,7208
9,39A,4,Pirané,0039A,176
9,4,1,Formosa,00004,22129
9,40,4,Pirané,00040,99
9,41,4,Pirané,00041,135
9,41A,4,Pirané,0041A,708
9,42,4,Pirané,00042,23
9,43,5,Pilagás,00043,5500
9,43A,5,Pilagás,0043A,3183
9,43B,5,Pilagás,0043B,108
9,43C,5,Pilagás,0043C,3893
9,43D,5,Pilagás,0043D,86
9,43E,5,Pilagás,0043E,83
9,43F,5,Pilagás,0043F,79
9,44,5,Pilagás,00044,3653
9,44A,5,Pilagás,0044A,96
9,45,5,Pilagás,00045,308
9,47,6,Patiño,00047,24
9,47A,6,Patiño,0047A,16
9,48,6,Patiño,00048,20
9,49,6,Patiño,00049,620
9,5,1,Formosa,00005,49769
9,50,6,Patiño,00050,6647
9,50A,6,Patiño,0050A,29
9,50B,6,Patiño,0050B,802
9,51,6,Patiño,00051,58
9,51A,6,Patiño,0051A,5416
9,51B,6,Patiño,0051B,93
9,52,6,Patiño,00052,92
9,53,6,Patiño,00053,45
9,54,6,Patiño,00054,4364
9,54A,6,Patiño,0054A,35
9,55,6,Patiño,00055,21
9,56,6,Patiño,00056,9459
9,56A,6,Patiño,0056A,145
9,57,6,Patiño,00057,68
9,58,6,Patiño,00058,25
9,58A,6,Patiño,0058A,36
9,59,6,Patiño,00059,21
9,59A,6,Patiño,0059A,38
9,5A,1,Formosa,0005A,2844
9,6,1,Formosa,00006,3340
9,60,6,Patiño,00060,5833
9,60A,6,Patiño,0060A,11
9,61,6,Patiño,00061,202
9,62,6,Patiño,00062,91
9,63,6,Patiño,00063,10
9,63A,6,Patiño,0063A,40
9,64,6,Patiño,00064,2259
9,64A,6,Patiño,0064A,4365
9,64B,6,Patiño,0064B,17
9,65,6,Patiño,00065,824
9,65A,6,Patiño,0065A,19
9,65B,6,Patiño,0065B,11
9,66,6,Patiño,00066,73
9,66A,6,Patiño,0066A,59
9,66B,6,Patiño,0066B,13
9,67,6,Patiño,00067,14044
9,67A,6,Patiño,0067A,82
9,68,6,Patiño,00068,418
9,69,6,Patiño,00069,36
9,7,1,Formosa,00007,38135
9,70,6,Patiño,00070,3111
9,70A,6,Patiño,0070A,22
9,71,6,Patiño,00071,4968
9,71A,6,Patiño,0071A,259
9,72,7,Bermejo,00072,311
9,72A,7,Bermejo,0072A,72
9,72B,7,Bermejo,0072B,166
9,73,7,Bermejo,00073,598
9,74,7,Bermejo,00074,194
9,75,7,Bermejo,00075,4901
9,76,7,Bermejo,00076,297
9,76A,7,Bermejo,0076A,83
9,77,7,Bermejo,00077,724
9,78,7,Bermejo,00078,432
9,79,7,Bermejo,00079,100
9,8,1,Formosa,00008,70
9,80,7,Bermejo,00080,3559
9,80A,7,Bermejo,0080A,196
9,80B,7,Bermejo,0080B,88
9,81,7,Bermejo,00081,1817
9,81A,7,Bermejo,0081A,29
9,82,8,Matacos,00082,13482
9,82A,8,Matacos,0082A,65
9,82B,8,Matacos,0082B,38
9,83,9,Ramón Lista,00083,3428
9,83A,9,Ramón Lista,0083A,4915
9,83B,9,Ramón Lista,0083B,808
9,83C,9,Ramón Lista,0083C,161
9,84,9,Ramón Lista,00084,1003
9,84A,9,Ramón Lista,0084A,701
9,84B,9,Ramón Lista,0084B,1143
9,84C,9,Ramón Lista,0084C,660
9,8A,1,Formosa,0008A,3725
9,8B,1,Formosa,0008B,2449
9,9,1,Formosa,00009,40
