id_local,id_departamental,id_provincial,distrito,nombre_distrito,secc,seccion,circu,circuito,electores,nombre_verificado,presente_2023,circu_2023,seccion_2023,electores_2023,cambio_seccion_2023
AR-01-001-0001,AR-01-001,AR-01,1,Capital Federal,1,COMUNA N°1,0001,Circuito 0001,10517,False,True,00001,Comuna 01,10297,False
AR-01-001-0002,AR-01-001,AR-01,1,Capital Federal,1,COMUNA N°1,0002,Circuito 0002,9946,False,True,00002,Comuna 01,9434,False
AR-01-001-0003,AR-01-001,AR-01,1,Capital Federal,1,COMUNA N°1,0003,Circuito 0003,2203,False,True,00003,Comuna 01,3025,False
AR-01-001-0004,AR-01-001,AR-01,1,Capital Federal,1,COMUNA N°1,0004,Circuito 0004,2155,False,True,00004,Comuna 01,2470,False
AR-01-001-0005,AR-01-001,AR-01,1,Capital Federal,1,COMUNA N°1,0005,Circuito 0005,7977,False,True,00005,Comuna 01,11609,False
AR-01-001-0006,AR-01-001,AR-01,1,Capital Federal,1,COMUNA N°1,0006,Circuito 0006,15840,False,True,00006,Comuna 01,15145,False
AR-01-001-0007,AR-01-001,AR-01,1,Capital Federal,1,COMUNA N°1,0007,Circuito 0007,8059,False,True,00007,Comuna 01,7748,False
AR-01-001-0008,AR-01-001,AR-01,1,Capital Federal,1,COMUNA N°1,0008,Circuito 0008,8795,False,True,00008,Comuna 01,8332,False
AR-01-001-0009,AR-01-001,AR-01,1,Capital Federal,1,COMUNA N°1,0009,Circuito 0009,11357,False,True,00009,Comuna 01,11146,False
AR-01-001-0010,AR-01-001,AR-01,1,Capital Federal,1,COMUNA N°1,0010,Circuito 0010,11793,False,True,00010,Comuna 01,11050,False
AR-01-001-0011,AR-01-001,AR-01,1,Capital Federal,1,COMUNA N°1,0011,Circuito 0011,12353,False,True,00011,Comuna 01,11936,False
AR-01-001-0012,AR-01-001,AR-01,1,Capital Federal,1,COMUNA N°1,0012,Circuito 0012,11231,False,True,00012,Comuna 01,10569,False
AR-01-001-0013,AR-01-001,AR-01,1,Capital Federal,1,COMUNA N°1,0013,Circuito 0013,12493,False,True,00013,Comuna 01,11874,False
AR-01-001-0014,AR-01-001,AR-01,1,Capital Federal,1,COMUNA N°1,0014,Circuito 0014,5121,False,True,00014,Comuna 01,5070,False
AR-01-001-0015,AR-01-001,AR-01,1,Capital Federal,1,COMUNA N°1,0015,Circuito 0015,8507,False,True,00015,Comuna 01,8126,False
AR-01-001-0016,AR-01-001,AR-01,1,Capital Federal,1,COMUNA N°1,0016,Circuito 0016,8329,False,True,00016,Comuna 01,8174,False
AR-01-001-0017,AR-01-001,AR-01,1,Capital Federal,1,COMUNA N°1,0017,Circuito 0017,12071,False,True,00017,Comuna 01,11630,False
AR-01-001-0018,AR-01-001,AR-01,1,Capital Federal,1,COMUNA N°1,0018,Circuito 0018,7492,False,True,00018,Comuna 01,7232,False
AR-01-001-0019,AR-01-001,AR-01,1,Capital Federal,1,COMUNA N°1,0019,Circuito 0019,11244,False,True,00019,Comuna 01,11335,False
AR-01-002-0020,AR-01-002,AR-01,1,Capital Federal,2,COMUNA N°2,0020,Circuito 0020,8077,False,True,00020,Comuna 02,11413,False
AR-01-002-0021,AR-01-002,AR-01,1,Capital Federal,2,COMUNA N°2,0021,Circuito 0021,13584,False,True,00021,Comuna 02,9670,False
AR-01-002-0022,AR-01-002,AR-01,1,Capital Federal,2,COMUNA N°2,0022,Circuito 0022,16282,False,True,00022,Comuna 02,15407,False
AR-01-002-0023,AR-01-002,AR-01,1,Capital Federal,2,COMUNA N°2,0023,Circuito 0023,20291,False,True,00023,Comuna 02,19332,False
AR-01-002-0024,AR-01-002,AR-01,1,Capital Federal,2,COMUNA N°2,0024,Circuito 0024,13316,False,True,00024,Comuna 02,12504,False
AR-01-002-0025,AR-01-002,AR-01,1,Capital Federal,2,COMUNA N°2,0025,Circuito 0025,12929,False,True,00025,Comuna 02,12409,False
AR-01-002-0026,AR-01-002,AR-01,1,Capital Federal,2,COMUNA N°2,0026,Circuito 0026,16867,False,True,00026,Comuna 02,16190,False
AR-01-002-0027,AR-01-002,AR-01,1,Capital Federal,2,COMUNA N°2,0027,Circuito 0027,12881,False,True,00027,Comuna 02,12132,False
AR-01-002-0028,AR-01-002,AR-01,1,Capital Federal,2,COMUNA N°2,0028,Circuito 0028,17976,False,True,00028,Comuna 02,17193,False
AR-01-002-0029,AR-01-002,AR-01,1,Capital Federal,2,COMUNA N°2,0029,Circuito 0029,12018,False,True,00029,Comuna 02,11529,False
AR-01-003-0030,AR-01-003,AR-01,1,Capital Federal,3,COMUNA N°3,0030,Circuito 0030,11472,False,True,00030,Comuna 03,11126,False
AR-01-003-0031,AR-01-003,AR-01,1,Capital Federal,3,COMUNA N°3,0031,Circuito 0031,13020,False,True,00031,Comuna 03,12372,False
AR-01-003-0032,AR-01-003,AR-01,1,Capital Federal,3,COMUNA N°3,0032,Circuito 0032,11293,False,True,00032,Comuna 03,10701,False
AR-01-003-0033,AR-01-003,AR-01,1,Capital Federal,3,COMUNA N°3,0033,Circuito 0033,9961,False,True,00033,Comuna 03,9379,False
AR-01-003-0034,AR-01-003,AR-01,1,Capital Federal,3,COMUNA N°3,0034,Circuito 0034,14633,False,True,00034,Comuna 03,13687,False
AR-01-003-0035,AR-01-003,AR-01,1,Capital Federal,3,COMUNA N°3,0035,Circuito 0035,12917,False,True,00035,Comuna 03,12120,False
AR-01-003-0036,AR-01-003,AR-01,1,Capital Federal,3,COMUNA N°3,0036,Circuito 0036,8513,False,True,00036,Comuna 03,8126,False
AR-01-003-0037,AR-01-003,AR-01,1,Capital Federal,3,COMUNA N°3,0037,Circuito 0037,11164,False,True,00037,Comuna 03,10497,False
AR-01-003-0038,AR-01-003,AR-01,1,Capital Federal,3,COMUNA N°3,0038,Circuito 0038,12785,False,True,00038,Comuna 03,12163,False
AR-01-003-0039,AR-01-003,AR-01,1,Capital Federal,3,COMUNA N°3,0039,Circuito 0039,13353,False,True,00039,Comuna 03,12581,False
AR-01-003-0040,AR-01-003,AR-01,1,Capital Federal,3,COMUNA N°3,0040,Circuito 0040,9101,False,True,00040,Comuna 03,9317,False
AR-01-003-0041,AR-01-003,AR-01,1,Capital Federal,3,COMUNA N°3,0041,Circuito 0041,18137,False,True,00041,Comuna 03,17692,False
AR-01-003-0042,AR-01-003,AR-01,1,Capital Federal,3,COMUNA N°3,0042,Circuito 0042,16006,False,True,00042,Comuna 03,15305,False
AR-01-004-0043,AR-01-004,AR-01,1,Capital Federal,4,COMUNA N°4,0043,Circuito 0043,12175,False,True,00043,Comuna 04,11928,False
AR-01-004-0044,AR-01-004,AR-01,1,Capital Federal,4,COMUNA N°4,0044,Circuito 0044,9107,False,True,00044,Comuna 04,9002,False
AR-01-004-0045,AR-01-004,AR-01,1,Capital Federal,4,COMUNA N°4,0045,Circuito 0045,7001,False,True,00045,Comuna 04,7054,False
AR-01-004-0046,AR-01-004,AR-01,1,Capital Federal,4,COMUNA N°4,0046,Circuito 0046,6359,False,True,00046,Comuna 04,6309,False
AR-01-004-0047,AR-01-004,AR-01,1,Capital Federal,4,COMUNA N°4,0047,Circuito 0047,14690,False,True,00047,Comuna 04,18679,False
AR-01-004-0048,AR-01-004,AR-01,1,Capital Federal,4,COMUNA N°4,0048,Circuito 0048,14574,False,True,00048,Comuna 04,14035,False
AR-01-004-0049,AR-01-004,AR-01,1,Capital Federal,4,COMUNA N°4,0049,Circuito 0049,12297,False,True,00049,Comuna 04,11910,False
AR-01-004-0050,AR-01-004,AR-01,1,Capital Federal,4,COMUNA N°4,0050,Circuito 0050,14059,False,True,00050,Comuna 04,13708,False
AR-01-004-0051,AR-01-004,AR-01,1,Capital Federal,4,COMUNA N°4,0051,Circuito 0051,10152,False,True,00051,Comuna 04,9841,False
AR-01-004-0052,AR-01-004,AR-01,1,Capital Federal,4,COMUNA N°4,0052,Circuito 0052,11798,False,True,00052,Comuna 04,11943,False
AR-01-004-0053,AR-01-004,AR-01,1,Capital Federal,4,COMUNA N°4,0053,Circuito 0053,14370,False,True,00053,Comuna 04,14046,False
AR-01-004-0054,AR-01-004,AR-01,1,Capital Federal,4,COMUNA N°4,0054,Circuito 0054,14817,False,True,00054,Comuna 04,14926,False
AR-01-004-0055,AR-01-004,AR-01,1,Capital Federal,4,COMUNA N°4,0055,Circuito 0055,9715,False,True,00055,Comuna 04,9696,False
AR-01-004-0056,AR-01-004,AR-01,1,Capital Federal,4,COMUNA N°4,0056,Circuito 0056,8927,False,True,00056,Comuna 04,8964,False
AR-01-004-0057,AR-01-004,AR-01,1,Capital Federal,4,COMUNA N°4,0057,Circuito 0057,18846,False,True,00057,Comuna 04,18535,False
AR-01-005-0058,AR-01-005,AR-01,1,Capital Federal,5,COMUNA N°5,0058,Circuito 0058,14371,False,True,00058,Comuna 05,14000,False
AR-01-005-0059,AR-01-005,AR-01,1,Capital Federal,5,COMUNA N°5,0059,Circuito 0059,13275,False,True,00059,Comuna 05,12657,False
AR-01-005-0060,AR-01-005,AR-01,1,Capital Federal,5,COMUNA N°5,0060,Circuito 0060,15722,False,True,00060,Comuna 05,15505,False
AR-01-005-0061,AR-01-005,AR-01,1,Capital Federal,5,COMUNA N°5,0061,Circuito 0061,15157,False,True,00061,Comuna 05,14703,False
AR-01-005-0062,AR-01-005,AR-01,1,Capital Federal,5,COMUNA N°5,0062,Circuito 0062,10154,False,True,00062,Comuna 05,10034,False
AR-01-005-0063,AR-01-005,AR-01,1,Capital Federal,5,COMUNA N°5,0063,Circuito 0063,20370,False,True,00063,Comuna 05,19323,False
AR-01-005-0064,AR-01-005,AR-01,1,Capital Federal,5,COMUNA N°5,0064,Circuito 0064,22339,False,True,00064,Comuna 05,21052,False
AR-01-005-0065,AR-01-005,AR-01,1,Capital Federal,5,COMUNA N°5,0065,Circuito 0065,13924,False,True,00065,Comuna 05,13368,False
AR-01-005-0066,AR-01-005,AR-01,1,Capital Federal,5,COMUNA N°5,0066,Circuito 0066,13320,False,True,00066,Comuna 05,12948,False
AR-01-005-0067,AR-01-005,AR-01,1,Capital Federal,5,COMUNA N°5,0067,Circuito 0067,20682,False,True,00067,Comuna 05,19824,False
AR-01-006-0068,AR-01-006,AR-01,1,Capital Federal,6,COMUNA N°6,0068,Circuito 0068,20110,False,True,00068,Comuna 06,19508,False
AR-01-006-0069,AR-01-006,AR-01,1,Capital Federal,6,COMUNA N°6,0069,Circuito 0069,29290,False,True,00069,Comuna 06,28471,False
AR-01-006-0070,AR-01-006,AR-01,1,Capital Federal,6,COMUNA N°6,0070,Circuito 0070,26167,False,True,00070,Comuna 06,25755,False
AR-01-006-0071,AR-01-006,AR-01,1,Capital Federal,6,COMUNA N°6,0071,Circuito 0071,31149,False,True,00071,Comuna 06,30643,False
AR-01-006-0072,AR-01-006,AR-01,1,Capital Federal,6,COMUNA N°6,0072,Circuito 0072,13519,False,True,00072,Comuna 06,13312,False
AR-01-006-0073,AR-01-006,AR-01,1,Capital Federal,6,COMUNA N°6,0073,Circuito 0073,17476,False,True,00073,Comuna 06,17514,False
AR-01-006-0074,AR-01-006,AR-01,1,Capital Federal,6,COMUNA N°6,0074,Circuito 0074,23978,False,True,00074,Comuna 06,23973,False
AR-01-007-0075,AR-01-007,AR-01,1,Capital Federal,7,COMUNA N°7,0075,Circuito 0075,10270,False,True,00075,Comuna 07,10265,False
AR-01-007-0076,AR-01-007,AR-01,1,Capital Federal,7,COMUNA N°7,0076,Circuito 0076,16251,False,True,00076,Comuna 07,16301,False
AR-01-007-0077,AR-01-007,AR-01,1,Capital Federal,7,COMUNA N°7,0077,Circuito 0077,13506,False,True,00077,Comuna 07,13221,False
AR-01-007-0078,AR-01-007,AR-01,1,Capital Federal,7,COMUNA N°7,0078,Circuito 0078,10795,False,True,00078,Comuna 07,10738,False
AR-01-007-0079,AR-01-007,AR-01,1,Capital Federal,7,COMUNA N°7,0079,Circuito 0079,14315,False,True,00079,Comuna 07,13388,False
AR-01-007-0080,AR-01-007,AR-01,1,Capital Federal,7,COMUNA N°7,0080,Circuito 0080,13143,False,True,00080,Comuna 07,13224,False
AR-01-007-0081,AR-01-007,AR-01,1,Capital Federal,7,COMUNA N°7,0081,Circuito 0081,12489,False,True,00081,Comuna 07,12476,False
AR-01-007-0082,AR-01-007,AR-01,1,Capital Federal,7,COMUNA N°7,0082,Circuito 0082,14834,False,True,00082,Comuna 07,14454,False
AR-01-007-0083,AR-01-007,AR-01,1,Capital Federal,7,COMUNA N°7,0083,Circuito 0083,21286,False,True,00083,Comuna 07,20289,False
AR-01-007-0084,AR-01-007,AR-01,1,Capital Federal,7,COMUNA N°7,0084,Circuito 0084,11245,False,True,00084,Comuna 07,10963,False
AR-01-007-0085,AR-01-007,AR-01,1,Capital Federal,7,COMUNA N°7,0085,Circuito 0085,7951,False,True,00085,Comuna 07,7707,False
AR-01-007-0086,AR-01-007,AR-01,1,Capital Federal,7,COMUNA N°7,0086,Circuito 0086,28702,False,True,00086,Comuna 07,31141,False
AR-01-008-0087,AR-01-008,AR-01,1,Capital Federal,8,COMUNA N°8,0087,Circuito 0087,30072,False,True,00087,Comuna 08,33671,False
AR-01-008-0088,AR-01-008,AR-01,1,Capital Federal,8,COMUNA N°8,0088,Circuito 0088,16131,False,True,00088,Comuna 08,16012,False
AR-01-008-0089,AR-01-008,AR-01,1,Capital Federal,8,COMUNA N°8,0089,Circuito 0089,47038,False,True,00089,Comuna 08,48685,False
AR-01-008-0090,AR-01-008,AR-01,1,Capital Federal,8,COMUNA N°8,0090,Circuito 0090,45886,False,True,00090,Comuna 08,48326,False
AR-01-009-0091,AR-01-009,AR-01,1,Capital Federal,9,COMUNA N°9,0091,Circuito 0091,8831,False,True,00091,Comuna 09,10292,False
AR-01-009-0092,AR-01-009,AR-01,1,Capital Federal,9,COMUNA N°9,0092,Circuito 0092,13628,False,True,00092,Comuna 09,13450,False
AR-01-009-0093,AR-01-009,AR-01,1,Capital Federal,9,COMUNA N°9,0093,Circuito 0093,8355,False,True,00093,Comuna 09,8264,False
AR-01-009-0094,AR-01-009,AR-01,1,Capital Federal,9,COMUNA N°9,0094,Circuito 0094,10945,False,True,00094,Comuna 09,10757,False
AR-01-009-0095,AR-01-009,AR-01,1,Capital Federal,9,COMUNA N°9,0095,Circuito 0095,17331,False,True,00095,Comuna 09,17335,False
AR-01-009-0096,AR-01-009,AR-01,1,Capital Federal,9,COMUNA N°9,0096,Circuito 0096,11922,False,True,00096,Comuna 09,11856,False
AR-01-009-0097,AR-01-009,AR-01,1,Capital Federal,9,COMUNA N°9,0097,Circuito 0097,12203,False,True,00097,Comuna 09,11708,False
AR-01-009-0098,AR-01-009,AR-01,1,Capital Federal,9,COMUNA N°9,0098,Circuito 0098,22140,False,True,00098,Comuna 09,21602,False
AR-01-009-0099,AR-01-009,AR-01,1,Capital Federal,9,COMUNA N°9,0099,Circuito 0099,11030,False,True,00099,Comuna 09,10991,False
AR-01-009-0100,AR-01-009,AR-01,1,Capital Federal,9,COMUNA N°9,0100,Circuito 0100,13897,False,True,00100,Comuna 09,13959,False
AR-01-009-0101,AR-01-009,AR-01,1,Capital Federal,9,COMUNA N°9,0101,Circuito 0101,17438,False,True,00101,Comuna 09,17110,False
AR-01-010-0102,AR-01-010,AR-01,1,Capital Federal,10,COMUNA N°10,0102,Circuito 0102,13240,False,True,00102,Comuna 10,13189,False
AR-01-010-0103,AR-01-010,AR-01,1,Capital Federal,10,COMUNA N°10,0103,Circuito 0103,12845,False,True,00103,Comuna 10,12562,False
AR-01-010-0104,AR-01-010,AR-01,1,Capital Federal,10,COMUNA N°10,0104,Circuito 0104,12285,False,True,00104,Comuna 10,12287,False
AR-01-010-0105,AR-01-010,AR-01,1,Capital Federal,10,COMUNA N°10,0105,Circuito 0105,18706,False,True,00105,Comuna 10,18578,False
AR-01-010-0106,AR-01-010,AR-01,1,Capital Federal,10,COMUNA N°10,0106,Circuito 0106,11434,False,True,00106,Comuna 10,11367,False
AR-01-010-0107,AR-01-010,AR-01,1,Capital Federal,10,COMUNA N°10,0107,Circuito 0107,19067,False,True,00107,Comuna 10,19102,False
AR-01-010-0108,AR-01-010,AR-01,1,Capital Federal,10,COMUNA N°10,0108,Circuito 0108,12079,False,True,00108,Comuna 10,11702,False
AR-01-010-0109,AR-01-010,AR-01,1,Capital Federal,10,COMUNA N°10,0109,Circuito 0109,19285,False,True,00109,Comuna 10,18761,False
AR-01-010-0110,AR-01-010,AR-01,1,Capital Federal,10,COMUNA N°10,0110,Circuito 0110,10182,False,True,00110,Comuna 10,9783,False
AR-01-010-0111,AR-01-010,AR-01,1,Capital Federal,10,COMUNA N°10,0111,Circuito 0111,11914,False,True,00111,Comuna 10,11443,False
AR-01-010-0112,AR-01-010,AR-01,1,Capital Federal,10,COMUNA N°10,0112,Circuito 0112,8528,False,True,00112,Comuna 10,8293,False
AR-01-011-0113,AR-01-011,AR-01,1,Capital Federal,11,COMUNA N°11,0113,Circuito 0113,12857,False,True,00113,Comuna 11,12636,False
AR-01-011-0114,AR-01-011,AR-01,1,Capital Federal,11,COMUNA N°11,0114,Circuito 0114,16939,False,True,00114,Comuna 11,16921,False
AR-01-011-0115,AR-01-011,AR-01,1,Capital Federal,11,COMUNA N°11,0115,Circuito 0115,12343,False,True,00115,Comuna 11,12050,False
AR-01-011-0116,AR-01-011,AR-01,1,Capital Federal,11,COMUNA N°11,0116,Circuito 0116,17515,False,True,00116,Comuna 11,17215,False
AR-01-011-0117,AR-01-011,AR-01,1,Capital Federal,11,COMUNA N°11,0117,Circuito 0117,18361,False,True,00117,Comuna 11,18168,False
AR-01-011-0118,AR-01-011,AR-01,1,Capital Federal,11,COMUNA N°11,0118,Circuito 0118,14487,False,True,00118,Comuna 11,14366,False
AR-01-011-0119,AR-01-011,AR-01,1,Capital Federal,11,COMUNA N°11,0119,Circuito 0119,18102,False,True,00119,Comuna 11,17824,False
AR-01-011-0120,AR-01-011,AR-01,1,Capital Federal,11,COMUNA N°11,0120,Circuito 0120,19161,False,True,00120,Comuna 11,18940,False
AR-01-011-0121,AR-01-011,AR-01,1,Capital Federal,11,COMUNA N°11,0121,Circuito 0121,15466,False,True,00121,Comuna 11,15257,False
AR-01-011-0122,AR-01-011,AR-01,1,Capital Federal,11,COMUNA N°11,0122,Circuito 0122,13763,False,True,00122,Comuna 11,13545,False
AR-01-011-0123,AR-01-011,AR-01,1,Capital Federal,11,COMUNA N°11,0123,Circuito 0123,14356,False,True,00123,Comuna 11,14334,False
AR-01-012-0124,AR-01-012,AR-01,1,Capital Federal,12,COMUNA N°12,0124,Circuito 0124,16530,False,True,00124,Comuna 12,16304,False
AR-01-012-0125,AR-01-012,AR-01,1,Capital Federal,12,COMUNA N°12,0125,Circuito 0125,21485,False,True,00125,Comuna 12,21641,False
AR-01-012-0126,AR-01-012,AR-01,1,Capital Federal,12,COMUNA N°12,0126,Circuito 0126,17941,False,True,00126,Comuna 12,17761,False
AR-01-012-0127,AR-01-012,AR-01,1,Capital Federal,12,COMUNA N°12,0127,Circuito 0127,23993,False,True,00127,Comuna 12,24410,False
AR-01-012-0128,AR-01-012,AR-01,1,Capital Federal,12,COMUNA N°12,0128,Circuito 0128,19490,False,True,00128,Comuna 12,20079,False
AR-01-012-0129,AR-01-012,AR-01,1,Capital Federal,12,COMUNA N°12,0129,Circuito 0129,25357,False,True,00129,Comuna 12,26226,False
AR-01-012-0130,AR-01-012,AR-01,1,Capital Federal,12,COMUNA N°12,0130,Circuito 0130,18027,False,True,00130,Comuna 12,17921,False
AR-01-012-0131,AR-01-012,AR-01,1,Capital Federal,12,COMUNA N°12,0131,Circuito 0131,5667,False,True,00131,Comuna 12,5700,False
AR-01-012-0132,AR-01-012,AR-01,1,Capital Federal,12,COMUNA N°12,0132,Circuito 0132,20504,False,True,00132,Comuna 12,20398,False
AR-01-012-0133,AR-01-012,AR-01,1,Capital Federal,12,COMUNA N°12,0133,Circuito 0133,20571,False,True,00133,Comuna 12,20379,False
AR-01-013-0134,AR-01-013,AR-01,1,Capital Federal,13,COMUNA N°13,0134,Circuito 0134,8770,False,True,00134,Comuna 13,8742,False
AR-01-013-0135,AR-01-013,AR-01,1,Capital Federal,13,COMUNA N°13,0135,Circuito 0135,11714,False,True,00135,Comuna 13,12172,False
AR-01-013-0136,AR-01-013,AR-01,1,Capital Federal,13,COMUNA N°13,0136,Circuito 0136,14656,False,True,00136,Comuna 13,14432,False
AR-01-013-0137,AR-01-013,AR-01,1,Capital Federal,13,COMUNA N°13,0137,Circuito 0137,13946,False,True,00137,Comuna 13,13896,False
AR-01-013-0138,AR-01-013,AR-01,1,Capital Federal,13,COMUNA N°13,0138,Circuito 0138,29015,False,True,00138,Comuna 13,28555,False
AR-01-013-0139,AR-01-013,AR-01,1,Capital Federal,13,COMUNA N°13,0139,Circuito 0139,18406,False,True,00139,Comuna 13,18158,False
AR-01-013-0140,AR-01-013,AR-01,1,Capital Federal,13,COMUNA N°13,0140,Circuito 0140,8524,False,True,00140,Comuna 13,8641,False
AR-01-013-0141,AR-01-013,AR-01,1,Capital Federal,13,COMUNA N°13,0141,Circuito 0141,14579,False,True,00141,Comuna 13,14730,False
AR-01-013-0142,AR-01-013,AR-01,1,Capital Federal,13,COMUNA N°13,0142,Circuito 0142,24716,False,True,00142,Comuna 13,24869,False
AR-01-013-0143,AR-01-013,AR-01,1,Capital Federal,13,COMUNA N°13,0143,Circuito 0143,18327,False,True,00143,Comuna 13,17639,False
AR-01-013-0144,AR-01-013,AR-01,1,Capital Federal,13,COMUNA N°13,0144,Circuito 0144,8137,False,True,00144,Comuna 13,8027,False
AR-01-013-0145,AR-01-013,AR-01,1,Capital Federal,13,COMUNA N°13,0145,Circuito 0145,15331,False,True,00145,Comuna 13,15138,False
AR-01-013-0146,AR-01-013,AR-01,1,Capital Federal,13,COMUNA N°13,0146,Circuito 0146,11691,False,True,00146,Comuna 13,11297,False
AR-01-013-0147,AR-01-013,AR-01,1,Capital Federal,13,COMUNA N°13,0147,Circuito 0147,21000,False,True,00147,Comuna 13,20253,False
AR-01-014-0148,AR-01-014,AR-01,1,Capital Federal,14,COMUNA N°14,0148,Circuito 0148,22715,False,True,00148,Comuna 14,22403,False
AR-01-014-0149,AR-01-014,AR-01,1,Capital Federal,14,COMUNA N°14,0149,Circuito 0149,25778,False,True,00149,Comuna 14,25722,False
AR-01-014-0150,AR-01-014,AR-01,1,Capital Federal,14,COMUNA N°14,0150,Circuito 0150,13243,False,True,00150,Comuna 14,13014,False
AR-01-014-0151,AR-01-014,AR-01,1,Capital Federal,14,COMUNA N°14,0151,Circuito 0151,26524,False,True,00151,Comuna 14,26478,False
AR-01-014-0152,AR-01-014,AR-01,1,Capital Federal,14,COMUNA N°14,0152,Circuito 0152,20593,False,True,00152,Comuna 14,19988,False
AR-01-014-0153,AR-01-014,AR-01,1,Capital Federal,14,COMUNA N°14,0153,Circuito 0153,24365,False,True,00153,Comuna 14,23095,False
AR-01-014-0154,AR-01-014,AR-01,1,Capital Federal,14,COMUNA N°14,0154,Circuito 0154,27497,False,True,00154,Comuna 14,26347,False
AR-01-014-0155,AR-01-014,AR-01,1,Capital Federal,14,COMUNA N°14,0155,Circuito 0155,24129,False,True,00155,Comuna 14,24178,False
AR-01-014-0156,AR-01-014,AR-01,1,Capital Federal,14,COMUNA N°14,0156,Circuito 0156,10368,False,True,00156,Comuna 14,9693,False
AR-01-014-0157,AR-01-014,AR-01,1,Capital Federal,14,COMUNA N°14,0157,Circuito 0157,16383,False,True,00157,Comuna 14,16094,False
AR-01-015-0158,AR-01-015,AR-01,1,Capital Federal,15,COMUNA N°15,0158,Circuito 0158,20040,False,True,00158,Comuna 15,19591,False
AR-01-015-0159,AR-01-015,AR-01,1,Capital Federal,15,COMUNA N°15,0159,Circuito 0159,12185,False,True,00159,Comuna 15,12080,False
AR-01-015-0160,AR-01-015,AR-01,1,Capital Federal,15,COMUNA N°15,0160,Circuito 0160,23497,False,True,00160,Comuna 15,22795,False
AR-01-015-0161,AR-01-015,AR-01,1,Capital Federal,15,COMUNA N°15,0161,Circuito 0161,20430,False,True,00161,Comuna 15,19725,False
AR-01-015-0162,AR-01-015,AR-01,1,Capital Federal,15,COMUNA N°15,0162,Circuito 0162,17084,False,True,00162,Comuna 15,16378,False
AR-01-015-0163,AR-01-015,AR-01,1,Capital Federal,15,COMUNA N°15,0163,Circuito 0163,12360,False,True,00163,Comuna 15,12342,False
AR-01-015-0164,AR-01-015,AR-01,1,Capital Federal,15,COMUNA N°15,0164,Circuito 0164,11912,False,True,00164,Comuna 15,11881,False
AR-01-015-0165,AR-01-015,AR-01,1,Capital Federal,15,COMUNA N°15,0165,Circuito 0165,19872,False,True,00165,Comuna 15,19739,False
AR-01-015-0166,AR-01-015,AR-01,1,Capital Federal,15,COMUNA N°15,0166,Circuito 0166,16334,False,True,00166,Comuna 15,16234,False
AR-01-015-0167,AR-01-015,AR-01,1,Capital Federal,15,COMUNA N°15,0167,Circuito 0167,12976,False,True,00167,Comuna 15,12810,False
AR-02-001-1,AR-02-001,AR-02,2,Buenos Aires,1,ADOLFO ALSINA,1,Circuito 1,9239,False,True,00001,Adolfo Alsina,9616,False
AR-02-001-2,AR-02-001,AR-02,2,Buenos Aires,1,ADOLFO ALSINA,2,Circuito 2,55,False,False,,,,False
AR-02-001-3,AR-02-001,AR-02,2,Buenos Aires,1,ADOLFO ALSINA,3,Circuito 3,3110,False,True,00003,Adolfo Alsina,3124,False
AR-02-001-4,AR-02-001,AR-02,2,Buenos Aires,1,ADOLFO ALSINA,4,Circuito 4,41,False,False,,,,False
AR-02-001-5,AR-02-001,AR-02,2,Buenos Aires,1,ADOLFO ALSINA,5,Circuito 5,1126,False,True,00005,Adolfo Alsina,1137,False
AR-02-001-6,AR-02-001,AR-02,2,Buenos Aires,1,ADOLFO ALSINA,6,Circuito 6,82,False,True,00006,Adolfo Alsina,99,False
AR-02-001-7,AR-02-001,AR-02,2,Buenos Aires,1,ADOLFO ALSINA,7,Circuito 7,576,False,True,00007,Adolfo Alsina,529,False
AR-02-002-10,AR-02-002,AR-02,2,Buenos Aires,2,ALBERTI,10,Circuito 10,7548,False,True,00010,Alberti,7891,False
AR-02-002-11,AR-02-002,AR-02,2,Buenos Aires,2,ALBERTI,11,Circuito 11,448,False,True,00011,Alberti,547,False
AR-02-002-12,AR-02-002,AR-02,2,Buenos Aires,2,ALBERTI,12,Circuito 12,287,False,True,00012,Alberti,254,False
AR-02-002-13,AR-02-002,AR-02,2,Buenos Aires,2,ALBERTI,13,Circuito 13,189,False,True,00013,Alberti,195,False
AR-02-002-14,AR-02-002,AR-02,2,Buenos Aires,2,ALBERTI,14,Circuito 14,631,False,True,00014,Alberti,639,False
AR-02-002-15,AR-02-002,AR-02,2,Buenos Aires,2,ALBERTI,15,Circuito 15,107,False,True,00015,Alberti,122,False
AR-02-003-17,AR-02-003,AR-02,2,Buenos Aires,3,ALMIRANTE BROWN,17,Adrogue,24168,True,True,00017,Almirante Brown,22929,False
AR-02-003-18,AR-02-003,AR-02,2,Buenos Aires,3,ALMIRANTE BROWN,18,Circuito 18,29958,False,True,00018,Almirante Brown,30908,False
AR-02-003-18A,AR-02-003,AR-02,2,Buenos Aires,3,ALMIRANTE BROWN,18A,Circuito 18A,52664,False,True,0018A,Almirante Brown,56874,False
AR-02-003-19,AR-02-003,AR-02,2,Buenos Aires,3,ALMIRANTE BROWN,19,Circuito 19,89112,False,True,00019,Almirante Brown,95299,False
AR-02-003-20,AR-02-003,AR-02,2,Buenos Aires,3,ALMIRANTE BROWN,20,Circuito 20,34107,False,True,00020,Almirante Brown,33484,False
AR-02-003-20A,AR-02-003,AR-02,2,Buenos Aires,3,ALMIRANTE BROWN,20A,Circuito 20A,29978,False,True,0020A,Almirante Brown,33470,False
AR-02-003-21,AR-02-003,AR-02,2,Buenos Aires,3,ALMIRANTE BROWN,21,Circuito 21,54733,False,True,00021,Almirante Brown,59342,False
AR-02-003-21A,AR-02-003,AR-02,2,Buenos Aires,3,ALMIRANTE BROWN,21A,Ministro Rivadavia,13207,True,True,0021A,Almirante Brown,16060,False
AR-02-003-22,AR-02-003,AR-02,2,Buenos Aires,3,ALMIRANTE BROWN,22,Glew,34535,True,True,00022,Almirante Brown,37608,False
AR-02-003-22A,AR-02-003,AR-02,2,Buenos Aires,3,ALMIRANTE BROWN,22A,Circuito 22A,51875,False,True,0022A,Almirante Brown,53104,False
AR-02-003-22B,AR-02-003,AR-02,2,Buenos Aires,3,ALMIRANTE BROWN,22B,Circuito 22B,14936,False,True,0022B,Almirante Brown,16524,False
AR-02-004-23,AR-02-004,AR-02,2,Buenos Aires,4,AVELLANEDA,23,Avellaneda Centro (Parte),13746,True,True,00023,Avellaneda,14182,False
AR-02-004-24,AR-02-004,AR-02,2,Buenos Aires,4,AVELLANEDA,24,Avellaneda Centro (Parte),10407,True,True,00024,Avellaneda,10927,False
AR-02-004-25,AR-02-004,AR-02,2,Buenos Aires,4,AVELLANEDA,25,Circuito 25,11318,False,True,00025,Avellaneda,11584,False
AR-02-004-26,AR-02-004,AR-02,2,Buenos Aires,4,AVELLANEDA,26,Dock Sud (Parte),5167,True,True,00026,Avellaneda,6625,False
AR-02-004-27,AR-02-004,AR-02,2,Buenos Aires,4,AVELLANEDA,27,Dock Sud (Parte),21040,True,True,00027,Avellaneda,21826,False
AR-02-004-30,AR-02-004,AR-02,2,Buenos Aires,4,AVELLANEDA,30,Piñeyro (Parte),6134,True,True,00030,Avellaneda,6171,False
AR-02-004-31,AR-02-004,AR-02,2,Buenos Aires,4,AVELLANEDA,31,Piñeyro (Parte),1291,True,True,00031,Avellaneda,1340,False
AR-02-004-32,AR-02-004,AR-02,2,Buenos Aires,4,AVELLANEDA,32,Piñeyro (Parte),4184,True,True,00032,Avellaneda,4197,False
AR-02-004-33,AR-02-004,AR-02,2,Buenos Aires,4,AVELLANEDA,33,Piñeyro (Parte),11855,True,True,00033,Avellaneda,11950,False
AR-02-004-34,AR-02-004,AR-02,2,Buenos Aires,4,AVELLANEDA,34,Gerli (Parte),20764,True,True,00034,Avellaneda,21187,False
AR-02-004-37,AR-02-004,AR-02,2,Buenos Aires,4,AVELLANEDA,37,Circuito 37,19738,False,True,00037,Avellaneda,21344,False
AR-02-004-38,AR-02-004,AR-02,2,Buenos Aires,4,AVELLANEDA,38,Circuito 38,36605,False,True,00038,Avellaneda,37446,False
AR-02-004-39,AR-02-004,AR-02,2,Buenos Aires,4,AVELLANEDA,39,Villa Dominico,52027,True,True,00039,Avellaneda,54485,False
AR-02-004-40,AR-02-004,AR-02,2,Buenos Aires,4,AVELLANEDA,40,Wilde,66989,True,True,00040,Avellaneda,70924,False
AR-02-005-46,AR-02-005,AR-02,2,Buenos Aires,5,AYACUCHO,46,Circuito 46,16846,False,True,00046,Ayacucho,18033,False
AR-02-005-48,AR-02-005,AR-02,2,Buenos Aires,5,AYACUCHO,48,Circuito 48,16,False,False,,,,False
AR-02-005-49,AR-02-005,AR-02,2,Buenos Aires,5,AYACUCHO,49,Circuito 49,27,False,False,,,,False
AR-02-005-50,AR-02-005,AR-02,2,Buenos Aires,5,AYACUCHO,50,Circuito 50,50,False,True,00050,Ayacucho,79,False
AR-02-005-51,AR-02-005,AR-02,2,Buenos Aires,5,AYACUCHO,51,Circuito 51,26,False,False,,,,False
AR-02-005-52,AR-02-005,AR-02,2,Buenos Aires,5,AYACUCHO,52,Circuito 52,85,False,True,00052,Ayacucho,75,False
AR-02-005-53,AR-02-005,AR-02,2,Buenos Aires,5,AYACUCHO,53,Circuito 53,16,False,False,,,,False
AR-02-005-54,AR-02-005,AR-02,2,Buenos Aires,5,AYACUCHO,54,Circuito 54,16,False,False,,,,False
AR-02-005-55,AR-02-005,AR-02,2,Buenos Aires,5,AYACUCHO,55,Circuito 55,118,False,True,00055,Ayacucho,107,False
AR-02-005-56,AR-02-005,AR-02,2,Buenos Aires,5,AYACUCHO,56,Circuito 56,105,False,True,00056,Ayacucho,120,False
AR-02-005-57,AR-02-005,AR-02,2,Buenos Aires,5,AYACUCHO,57,Circuito 57,22,False,True,00057,Ayacucho,22,False
AR-02-006-60,AR-02-006,AR-02,2,Buenos Aires,6,AZUL,60,Circuito 60,49497,False,True,00060,Azul,51894,False
AR-02-006-61,AR-02-006,AR-02,2,Buenos Aires,6,AZUL,61,Circuito 61,74,False,True,00061,Azul,79,False
AR-02-006-62,AR-02-006,AR-02,2,Buenos Aires,6,AZUL,62,Circuito 62,2947,False,True,00062,Azul,2925,False
AR-02-006-62A,AR-02-006,AR-02,2,Buenos Aires,6,AZUL,62A,Circuito 62A,102,False,True,0062A,Azul,109,False
AR-02-006-62B,AR-02-006,AR-02,2,Buenos Aires,6,AZUL,62B,Circuito 62B,90,False,True,0062B,Azul,101,False
AR-02-006-63,AR-02-006,AR-02,2,Buenos Aires,6,AZUL,63,Circuito 63,21,False,True,00063,Azul,25,False
AR-02-006-64,AR-02-006,AR-02,2,Buenos Aires,6,AZUL,64,Circuito 64,9,False,False,,,,False
AR-02-006-65,AR-02-006,AR-02,2,Buenos Aires,6,AZUL,65,Circuito 65,47,False,True,00065,Azul,32,False
AR-02-006-66,AR-02-006,AR-02,2,Buenos Aires,6,AZUL,66,Circuito 66,103,False,True,00066,Azul,108,False
AR-02-006-67,AR-02-006,AR-02,2,Buenos Aires,6,AZUL,67,Circuito 67,3231,False,True,00067,Azul,3297,False
AR-02-006-68,AR-02-006,AR-02,2,Buenos Aires,6,AZUL,68,Circuito 68,30,False,False,,,,False
AR-02-006-69,AR-02-006,AR-02,2,Buenos Aires,6,AZUL,69,Circuito 69,20,False,False,,,,False
AR-02-007-72,AR-02-007,AR-02,2,Buenos Aires,7,BAHIA BLANCA,72,Bahia Blanca,10648,True,True,00072,Bahía Blanca,9710,False
AR-02-007-73,AR-02-007,AR-02,2,Buenos Aires,7,BAHIA BLANCA,73,Bahia Blanca,21400,True,True,00073,Bahía Blanca,21138,False
AR-02-007-74,AR-02-007,AR-02,2,Buenos Aires,7,BAHIA BLANCA,74,Bahia Blanca,19881,True,True,00074,Bahía Blanca,20732,False
AR-02-007-75,AR-02-007,AR-02,2,Buenos Aires,7,BAHIA BLANCA,75,Bahia Blanca,8673,True,True,00075,Bahía Blanca,8825,False
AR-02-007-76,AR-02-007,AR-02,2,Buenos Aires,7,BAHIA BLANCA,76,Bahia Blanca,36955,True,True,00076,Bahía Blanca,40201,False
AR-02-007-77,AR-02-007,AR-02,2,Buenos Aires,7,BAHIA BLANCA,77,Circuito 77,3755,False,True,00077,Bahía Blanca,4651,False
AR-02-007-78,AR-02-007,AR-02,2,Buenos Aires,7,BAHIA BLANCA,78,Bahia Blanca,5033,True,True,00078,Bahía Blanca,4921,False
AR-02-007-79,AR-02-007,AR-02,2,Buenos Aires,7,BAHIA BLANCA,79,Bahia Blanca,5680,True,True,00079,Bahía Blanca,6755,False
AR-02-007-80,AR-02-007,AR-02,2,Buenos Aires,7,BAHIA BLANCA,80,Cabildo,2010,True,True,00080,Bahía Blanca,1961,False
AR-02-007-83,AR-02-007,AR-02,2,Buenos Aires,7,BAHIA BLANCA,83,Bahia Blanca,12200,True,True,00083,Bahía Blanca,11320,False
AR-02-007-84,AR-02-007,AR-02,2,Buenos Aires,7,BAHIA BLANCA,84,Bahia Blanca,11150,True,True,00084,Bahía Blanca,10040,False
AR-02-007-85,AR-02-007,AR-02,2,Buenos Aires,7,BAHIA BLANCA,85,Bahia Blanca,26437,True,True,00085,Bahía Blanca,27992,False
AR-02-007-86,AR-02-007,AR-02,2,Buenos Aires,7,BAHIA BLANCA,86,Bahia blanca,23803,True,True,00086,Bahía Blanca,24211,False
AR-02-007-87,AR-02-007,AR-02,2,Buenos Aires,7,BAHIA BLANCA,87,Bahia Blanca,16907,True,True,00087,Bahía Blanca,16073,False
AR-02-007-88,AR-02-007,AR-02,2,Buenos Aires,7,BAHIA BLANCA,88,Cerri,5625,True,True,00088,Bahía Blanca,5868,False
AR-02-007-89,AR-02-007,AR-02,2,Buenos Aires,7,BAHIA BLANCA,89,Bahia Blanca,8500,True,True,00089,Bahía Blanca,8820,False
AR-02-007-90,AR-02-007,AR-02,2,Buenos Aires,7,BAHIA BLANCA,90,Bahia Blanca,32,True,True,00090,Bahía Blanca,35,False
AR-02-007-91,AR-02-007,AR-02,2,Buenos Aires,7,BAHIA BLANCA,91,Bahia Blanca,11032,True,True,00091,Bahía Blanca,13458,False
AR-02-007-92,AR-02-007,AR-02,2,Buenos Aires,7,BAHIA BLANCA,92,Circuito 92,9320,False,True,00092,Bahía Blanca,9348,False
AR-02-007-93,AR-02-007,AR-02,2,Buenos Aires,7,BAHIA BLANCA,93,Bahia Blanca,4437,True,True,00093,Bahía Blanca,4465,False
AR-02-008-100,AR-02-008,AR-02,2,Buenos Aires,8,BALCARCE,100,Circuito 100,330,False,True,00100,Balcarce,280,False
AR-02-008-101,AR-02-008,AR-02,2,Buenos Aires,8,BALCARCE,101,Circuito 101,459,False,True,00101,Balcarce,490,False
AR-02-008-102,AR-02-008,AR-02,2,Buenos Aires,8,BALCARCE,102,Circuito 102,178,False,True,00102,Balcarce,118,False
AR-02-008-103,AR-02-008,AR-02,2,Buenos Aires,8,BALCARCE,103,Circuito 103,146,False,True,00103,Balcarce,128,False
AR-02-008-103A,AR-02-008,AR-02,2,Buenos Aires,8,BALCARCE,103A,Circuito 103A,313,False,True,0103A,Balcarce,296,False
AR-02-008-104,AR-02-008,AR-02,2,Buenos Aires,8,BALCARCE,104,Circuito 104,241,False,True,00104,Balcarce,262,False
AR-02-008-98,AR-02-008,AR-02,2,Buenos Aires,8,BALCARCE,98,Circuito 98,36561,False,True,00098,Balcarce,38880,False
AR-02-008-99,AR-02-008,AR-02,2,Buenos Aires,8,BALCARCE,99,Circuito 99,634,False,True,00099,Balcarce,614,False
AR-02-009-105,AR-02-009,AR-02,2,Buenos Aires,9,BARADERO,105,Circuito 105,23509,False,True,00105,Baradero,22927,False
AR-02-009-106,AR-02-009,AR-02,2,Buenos Aires,9,BARADERO,106,Circuito 106,395,False,True,00106,Baradero,497,False
AR-02-009-107,AR-02-009,AR-02,2,Buenos Aires,9,BARADERO,107,Circuito 107,2392,False,True,00107,Baradero,5540,False
AR-02-009-108,AR-02-009,AR-02,2,Buenos Aires,9,BARADERO,108,Circuito 108,110,False,False,,,,False
AR-02-009-109,AR-02-009,AR-02,2,Buenos Aires,9,BARADERO,109,Circuito 109,42,False,False,,,,False
AR-02-009-110,AR-02-009,AR-02,2,Buenos Aires,9,BARADERO,110,Circuito 110,466,False,True,00110,Baradero,474,False
AR-02-009-111,AR-02-009,AR-02,2,Buenos Aires,9,BARADERO,111,Circuito 111,218,False,True,00111,Baradero,244,False
AR-02-009-113,AR-02-009,AR-02,2,Buenos Aires,9,BARADERO,113,Circuito 113,1216,False,True,00113,Baradero,1342,False
AR-02-009-114,AR-02-009,AR-02,2,Buenos Aires,9,BARADERO,114,Circuito 114,41,False,False,,,,False
AR-02-010-117,AR-02-010,AR-02,2,Buenos Aires,10,ARRECIFES,117,Circuito 117,23219,False,True,00117,Arrecifes,24589,False
AR-02-010-117A,AR-02-010,AR-02,2,Buenos Aires,10,ARRECIFES,117A,Circuito 117A,79,False,True,0117A,Arrecifes,71,False
AR-02-010-117B,AR-02-010,AR-02,2,Buenos Aires,10,ARRECIFES,117B,Circuito 117B,122,False,True,0117B,Arrecifes,103,False
AR-02-010-118,AR-02-010,AR-02,2,Buenos Aires,10,ARRECIFES,118,Circuito 118,617,False,True,00118,Arrecifes,664,False
AR-02-010-120,AR-02-010,AR-02,2,Buenos Aires,10,ARRECIFES,120,Circuito 120,480,False,True,00120,Arrecifes,465,False
AR-02-011-789,AR-02-011,AR-02,2,Buenos Aires,11,BERAZATEGUI,789,Berazategui,37201,True,True,00789,Berazategui,38454,False
AR-02-011-789A,AR-02-011,AR-02,2,Buenos Aires,11,BERAZATEGUI,789A,Berazategui,29958,True,True,0789A,Berazategui,32717,False
AR-02-011-789B,AR-02-011,AR-02,2,Buenos Aires,11,BERAZATEGUI,789B,Berazategui,15965,True,True,0789B,Berazategui,17252,False
AR-02-011-789C,AR-02-011,AR-02,2,Buenos Aires,11,BERAZATEGUI,789C,Berazategui,18238,True,True,0789C,Berazategui,18609,False
AR-02-011-789D,AR-02-011,AR-02,2,Buenos Aires,11,BERAZATEGUI,789D,Berazategui,18221,True,True,0789D,Berazategui,19387,False
AR-02-011-789E,AR-02-011,AR-02,2,Buenos Aires,11,BERAZATEGUI,789E,Circuito 789E,15729,False,True,0789E,Berazategui,16268,False
AR-02-011-789F,AR-02-011,AR-02,2,Buenos Aires,11,BERAZATEGUI,789F,.,12571,True,True,0789F,Berazategui,13132,False
AR-02-011-790,AR-02-011,AR-02,2,Buenos Aires,11,BERAZATEGUI,790,Circuito 790,19803,False,True,00790,Berazategui,22166,False
AR-02-011-790A,AR-02-011,AR-02,2,Buenos Aires,11,BERAZATEGUI,790A,Sourigues,9503,True,True,0790A,Berazategui,10470,False
AR-02-011-792,AR-02-011,AR-02,2,Buenos Aires,11,BERAZATEGUI,792,Circuito 792,21414,False,True,00792,Berazategui,23048,False
AR-02-011-792A,AR-02-011,AR-02,2,Buenos Aires,11,BERAZATEGUI,792A,Circuito 792A,14343,False,True,0792A,Berazategui,16449,False
AR-02-011-792B,AR-02-011,AR-02,2,Buenos Aires,11,BERAZATEGUI,792B,El Pato,8531,True,True,0792B,Berazategui,11700,False
AR-02-011-792C,AR-02-011,AR-02,2,Buenos Aires,11,BERAZATEGUI,792C,Hudson,15310,True,True,0792C,Berazategui,17313,False
AR-02-011-792D,AR-02-011,AR-02,2,Buenos Aires,11,BERAZATEGUI,792D,Circuito 792D,15071,False,True,0792D,Berazategui,16388,False
AR-02-012-511,AR-02-012,AR-02,2,Buenos Aires,12,BERISSO,511,Circuito 511,5786,False,True,00511,Berisso,6974,False
AR-02-012-512,AR-02-012,AR-02,2,Buenos Aires,12,BERISSO,512,Circuito 512,21443,False,True,00512,Berisso,21600,False
AR-02-012-513,AR-02-012,AR-02,2,Buenos Aires,12,BERISSO,513,Circuito 513,29773,False,True,00513,Berisso,31804,False
AR-02-012-513A,AR-02-012,AR-02,2,Buenos Aires,12,BERISSO,513A,Circuito 513A,19565,False,True,0513A,Berisso,21666,False
AR-02-013-125,AR-02-013,AR-02,2,Buenos Aires,13,BOLIVAR,125,Circuito 125,25617,False,True,00125,Bolívar,26878,False
AR-02-013-125A,AR-02-013,AR-02,2,Buenos Aires,13,BOLIVAR,125A,Circuito 125A,41,False,True,0125A,Bolívar,37,False
AR-02-013-126,AR-02-013,AR-02,2,Buenos Aires,13,BOLIVAR,126,Circuito 126,36,False,True,00126,Bolívar,40,False
AR-02-013-127,AR-02-013,AR-02,2,Buenos Aires,13,BOLIVAR,127,Circuito 127,263,False,True,00127,Bolívar,230,False
AR-02-013-128,AR-02-013,AR-02,2,Buenos Aires,13,BOLIVAR,128,Circuito 128,71,False,True,00128,Bolívar,53,False
AR-02-013-129,AR-02-013,AR-02,2,Buenos Aires,13,BOLIVAR,129,Circuito 129,66,False,True,00129,Bolívar,52,False
AR-02-013-130,AR-02-013,AR-02,2,Buenos Aires,13,BOLIVAR,130,Circuito 130,10,False,False,,,,False
AR-02-013-131,AR-02-013,AR-02,2,Buenos Aires,13,BOLIVAR,131,Circuito 131,63,False,True,00131,Bolívar,40,False
AR-02-013-131A,AR-02-013,AR-02,2,Buenos Aires,13,BOLIVAR,131A,Circuito 131A,61,False,True,0131A,Bolívar,54,False
AR-02-013-132,AR-02-013,AR-02,2,Buenos Aires,13,BOLIVAR,132,Circuito 132,2521,False,True,00132,Bolívar,2530,False
AR-02-013-133,AR-02-013,AR-02,2,Buenos Aires,13,BOLIVAR,133,Circuito 133,1434,False,True,00133,Bolívar,1374,False
AR-02-014-136,AR-02-014,AR-02,2,Buenos Aires,14,BRAGADO,136,Circuito 136,30760,False,True,00136,Bragado,32278,False
AR-02-014-137,AR-02-014,AR-02,2,Buenos Aires,14,BRAGADO,137,Circuito 137,1077,False,True,00137,Bragado,1056,False
AR-02-014-138,AR-02-014,AR-02,2,Buenos Aires,14,BRAGADO,138,Circuito 138,119,False,True,00138,Bragado,123,False
AR-02-014-139,AR-02-014,AR-02,2,Buenos Aires,14,BRAGADO,139,Circuito 139,21,False,True,00139,Bragado,18,False
AR-02-014-140,AR-02-014,AR-02,2,Buenos Aires,14,BRAGADO,140,Circuito 140,600,False,True,00140,Bragado,608,False
AR-02-014-141,AR-02-014,AR-02,2,Buenos Aires,14,BRAGADO,141,Circuito 141,243,False,True,00141,Bragado,220,False
AR-02-014-142,AR-02-014,AR-02,2,Buenos Aires,14,BRAGADO,142,Circuito 142,67,False,True,00142,Bragado,72,False
AR-02-014-143,AR-02-014,AR-02,2,Buenos Aires,14,BRAGADO,143,Circuito 143,2247,False,True,00143,Bragado,2214,False
AR-02-014-144,AR-02-014,AR-02,2,Buenos Aires,14,BRAGADO,144,Circuito 144,419,False,True,00144,Bragado,399,False
AR-02-014-145,AR-02-014,AR-02,2,Buenos Aires,14,BRAGADO,145,Circuito 145,422,False,True,00145,Bragado,362,False
AR-02-015-148,AR-02-015,AR-02,2,Buenos Aires,15,BRANDSEN,148,Circuito 148,18600,False,True,00148,Brandsen,21782,False
AR-02-015-149,AR-02-015,AR-02,2,Buenos Aires,15,BRANDSEN,149,Circuito 149,205,False,True,00149,Brandsen,289,False
AR-02-015-150,AR-02-015,AR-02,2,Buenos Aires,15,BRANDSEN,150,Circuito 150,2071,False,True,00150,Brandsen,2328,False
AR-02-015-151,AR-02-015,AR-02,2,Buenos Aires,15,BRANDSEN,151,Circuito 151,892,False,True,00151,Brandsen,1176,False
AR-02-015-152,AR-02-015,AR-02,2,Buenos Aires,15,BRANDSEN,152,Circuito 152,304,False,True,00152,Brandsen,323,False
AR-02-015-153,AR-02-015,AR-02,2,Buenos Aires,15,BRANDSEN,153,Circuito 153,272,False,True,00153,Brandsen,305,False
AR-02-015-153A,AR-02-015,AR-02,2,Buenos Aires,15,BRANDSEN,153A,Circuito 153A,213,False,True,0153A,Brandsen,256,False
AR-02-016-155,AR-02-016,AR-02,2,Buenos Aires,16,CAMPANA,155,Campana (Parte) y Sec.Islas,19537,True,True,00155,Campana,20272,False
AR-02-016-155A,AR-02-016,AR-02,2,Buenos Aires,16,CAMPANA,155A,Campana (Parte),17076,True,True,0155A,Campana,17439,False
AR-02-016-156,AR-02-016,AR-02,2,Buenos Aires,16,CAMPANA,156,Campana (Parte),14797,True,True,00156,Campana,17527,False
AR-02-016-156A,AR-02-016,AR-02,2,Buenos Aires,16,CAMPANA,156A,Campana (Parte),15298,True,True,0156A,Campana,19191,False
AR-02-016-156B,AR-02-016,AR-02,2,Buenos Aires,16,CAMPANA,156B,Campana (Parte),11197,True,True,0156B,Campana,12272,False
AR-02-017-157,AR-02-017,AR-02,2,Buenos Aires,17,CAÑUELAS,157,Circuito 157,27861,False,True,00157,Cañuelas,32558,False
AR-02-017-158,AR-02-017,AR-02,2,Buenos Aires,17,CAÑUELAS,158,Circuito 158,3147,False,True,00158,Cañuelas,3900,False
AR-02-017-158A,AR-02-017,AR-02,2,Buenos Aires,17,CAÑUELAS,158A,Circuito 158A,5814,False,True,0158A,Cañuelas,7929,False
AR-02-017-158B,AR-02-017,AR-02,2,Buenos Aires,17,CAÑUELAS,158B,Circuito 158B,3945,False,True,0158B,Cañuelas,5162,False
AR-02-017-159,AR-02-017,AR-02,2,Buenos Aires,17,CAÑUELAS,159,Circuito 159,1177,False,True,00159,Cañuelas,1389,False
AR-02-017-160,AR-02-017,AR-02,2,Buenos Aires,17,CAÑUELAS,160,Circuito 160,116,False,True,00160,Cañuelas,168,False
AR-02-017-161,AR-02-017,AR-02,2,Buenos Aires,17,CAÑUELAS,161,Circuito 161,11,False,False,,,,False
AR-02-017-162,AR-02-017,AR-02,2,Buenos Aires,17,CAÑUELAS,162,Circuito 162,156,False,True,00162,Cañuelas,197,False
AR-02-018-121,AR-02-018,AR-02,2,Buenos Aires,18,CAPITAN SARMIENTO,121,Circuito 121,12130,False,True,00121,Capitán Sarmiento,13267,False
AR-02-018-122,AR-02-018,AR-02,2,Buenos Aires,18,CAPITAN SARMIENTO,122,Circuito 122,282,False,True,00122,Capitán Sarmiento,295,False
AR-02-019-164,AR-02-019,AR-02,2,Buenos Aires,19,CARLOS CASARES,164,Circuito 164,16515,False,True,00164,Carlos Casares,17877,False
AR-02-019-164A,AR-02-019,AR-02,2,Buenos Aires,19,CARLOS CASARES,164A,Circuito 164A,33,False,True,0164A,Carlos Casares,35,False
AR-02-019-165,AR-02-019,AR-02,2,Buenos Aires,19,CARLOS CASARES,165,Circuito 165,578,False,True,00165,Carlos Casares,591,False
AR-02-019-165A,AR-02-019,AR-02,2,Buenos Aires,19,CARLOS CASARES,165A,Circuito 165A,101,False,True,0165A,Carlos Casares,90,False
AR-02-019-165B,AR-02-019,AR-02,2,Buenos Aires,19,CARLOS CASARES,165B,Circuito 165B,471,False,True,0165B,Carlos Casares,474,False
AR-02-019-166,AR-02-019,AR-02,2,Buenos Aires,19,CARLOS CASARES,166,Circuito 166,194,False,True,00166,Carlos Casares,186,False
AR-02-019-166A,AR-02-019,AR-02,2,Buenos Aires,19,CARLOS CASARES,166A,Circuito 166A,141,False,True,0166A,Carlos Casares,136,False
AR-02-019-167,AR-02-019,AR-02,2,Buenos Aires,19,CARLOS CASARES,167,Circuito 167,496,False,True,00167,Carlos Casares,506,False
AR-02-019-167A,AR-02-019,AR-02,2,Buenos Aires,19,CARLOS CASARES,167A,Circuito 167A,287,False,True,0167A,Carlos Casares,247,False
AR-02-020-169,AR-02-020,AR-02,2,Buenos Aires,20,CARLOS TEJEDOR,169,Circuito 169,5240,False,True,00169,Carlos Tejedor,5442,False
AR-02-020-170,AR-02-020,AR-02,2,Buenos Aires,20,CARLOS TEJEDOR,170,Circuito 170,523,False,True,00170,Carlos Tejedor,512,False
AR-02-020-171,AR-02-020,AR-02,2,Buenos Aires,20,CARLOS TEJEDOR,171,Circuito 171,356,False,True,00171,Carlos Tejedor,427,False
AR-02-020-171A,AR-02-020,AR-02,2,Buenos Aires,20,CARLOS TEJEDOR,171A,Circuito 171A,5,False,False,,,,False
AR-02-020-172,AR-02-020,AR-02,2,Buenos Aires,20,CARLOS TEJEDOR,172,Circuito 172,651,False,True,00172,Carlos Tejedor,638,False
AR-02-020-173,AR-02-020,AR-02,2,Buenos Aires,20,CARLOS TEJEDOR,173,Circuito 173,3020,False,True,00173,Carlos Tejedor,3170,False
AR-02-021-175,AR-02-021,AR-02,2,Buenos Aires,21,CARMEN DE ARECO,175,Circuito 175,11811,False,True,00175,Carmen de Areco,13076,False
AR-02-021-176,AR-02-021,AR-02,2,Buenos Aires,21,CARMEN DE ARECO,176,Circuito 176,587,False,True,00176,Carmen de Areco,549,False
AR-02-021-177,AR-02-021,AR-02,2,Buenos Aires,21,CARMEN DE ARECO,177,Circuito 177,204,False,True,00177,Carmen de Areco,190,False
AR-02-022-729,AR-02-022,AR-02,2,Buenos Aires,22,PATAGONES,729,Circuito 729,18465,False,True,00729,Patagones,20134,False
AR-02-022-730,AR-02-022,AR-02,2,Buenos Aires,22,PATAGONES,730,Circuito 730,118,False,True,00730,Patagones,120,False
AR-02-022-731,AR-02-022,AR-02,2,Buenos Aires,22,PATAGONES,731,Circuito 731,2147,False,True,00731,Patagones,2154,False
AR-02-022-731A,AR-02-022,AR-02,2,Buenos Aires,22,PATAGONES,731A,Circuito 731A,593,False,True,0731A,Patagones,832,False
AR-02-022-732,AR-02-022,AR-02,2,Buenos Aires,22,PATAGONES,732,Circuito 732,3938,False,True,00732,Patagones,4226,False
AR-02-022-733,AR-02-022,AR-02,2,Buenos Aires,22,PATAGONES,733,Circuito 733,918,False,True,00733,Patagones,1149,False
AR-02-023-185,AR-02-023,AR-02,2,Buenos Aires,23,CASTELLI,185,Circuito 185,7261,False,True,00185,Castelli,7780,False
AR-02-023-186,AR-02-023,AR-02,2,Buenos Aires,23,CASTELLI,186,Circuito 186,59,False,False,,,,False
AR-02-023-187,AR-02-023,AR-02,2,Buenos Aires,23,CASTELLI,187,Circuito 187,147,False,True,00187,Castelli,154,False
AR-02-024-230,AR-02-024,AR-02,2,Buenos Aires,24,COLON,230,Circuito 230,20431,False,True,00230,Colón,21627,False
AR-02-024-230A,AR-02-024,AR-02,2,Buenos Aires,24,COLON,230A,Circuito 230A,96,False,True,0230A,Colón,82,False
AR-02-024-231,AR-02-024,AR-02,2,Buenos Aires,24,COLON,231,Circuito 231,211,False,True,00231,Colón,243,False
AR-02-024-231A,AR-02-024,AR-02,2,Buenos Aires,24,COLON,231A,Circuito 231A,251,False,True,0231A,Colón,258,False
AR-02-025-232,AR-02-025,AR-02,2,Buenos Aires,25,CORONEL DORREGO,232,Circuito 232,10579,False,True,00232,Coronel Dorrego,10781,False
AR-02-025-232A,AR-02-025,AR-02,2,Buenos Aires,25,CORONEL DORREGO,232A,Circuito 232A,30,False,False,,,,False
AR-02-025-233,AR-02-025,AR-02,2,Buenos Aires,25,CORONEL DORREGO,233,Circuito 233,49,False,True,00233,Coronel Dorrego,61,False
AR-02-025-234,AR-02-025,AR-02,2,Buenos Aires,25,CORONEL DORREGO,234,Circuito 234,171,False,True,00234,Coronel Dorrego,145,False
AR-02-025-235,AR-02-025,AR-02,2,Buenos Aires,25,CORONEL DORREGO,235,Circuito 235,28,False,True,00235,Coronel Dorrego,27,False
AR-02-025-236,AR-02-025,AR-02,2,Buenos Aires,25,CORONEL DORREGO,236,Circuito 236,137,False,True,00236,Coronel Dorrego,136,False
AR-02-025-236A,AR-02-025,AR-02,2,Buenos Aires,25,CORONEL DORREGO,236A,Circuito 236A,18,False,True,0236A,Coronel Dorrego,27,False
AR-02-025-237,AR-02-025,AR-02,2,Buenos Aires,25,CORONEL DORREGO,237,Circuito 237,882,False,True,00237,Coronel Dorrego,890,False
AR-02-025-237A,AR-02-025,AR-02,2,Buenos Aires,25,CORONEL DORREGO,237A,Circuito 237A,71,False,True,0237A,Coronel Dorrego,67,False
AR-02-025-238,AR-02-025,AR-02,2,Buenos Aires,25,CORONEL DORREGO,238,Circuito 238,1698,False,True,00238,Coronel Dorrego,1787,False
AR-02-026-240,AR-02-026,AR-02,2,Buenos Aires,26,CORONEL PRINGLES,240,Circuito 240,19042,False,True,00240,Coronel Pringles,19556,False
AR-02-026-241,AR-02-026,AR-02,2,Buenos Aires,26,CORONEL PRINGLES,241,Circuito 241,6,False,False,,,,False
AR-02-026-242,AR-02-026,AR-02,2,Buenos Aires,26,CORONEL PRINGLES,242,Circuito 242,13,False,False,,,,False
AR-02-026-243,AR-02-026,AR-02,2,Buenos Aires,26,CORONEL PRINGLES,243,Circuito 243,991,False,True,00243,Coronel Pringles,941,False
AR-02-026-244,AR-02-026,AR-02,2,Buenos Aires,26,CORONEL PRINGLES,244,Circuito 244,17,False,False,,,,False
AR-02-026-245,AR-02-026,AR-02,2,Buenos Aires,26,CORONEL PRINGLES,245,Circuito 245,18,False,False,,,,False
AR-02-026-246,AR-02-026,AR-02,2,Buenos Aires,26,CORONEL PRINGLES,246,Circuito 246,89,False,True,00246,Coronel Pringles,73,False
AR-02-027-248,AR-02-027,AR-02,2,Buenos Aires,27,CORONEL ROSALES,248,Punta Alta (Parte),16899,True,True,00248,Coronel de Marina L. Rosales,16219,False
AR-02-027-248A,AR-02-027,AR-02,2,Buenos Aires,27,CORONEL ROSALES,248A,Circuito 248A,450,False,True,0248A,Coronel de Marina L. Rosales,547,False
AR-02-027-248B,AR-02-027,AR-02,2,Buenos Aires,27,CORONEL ROSALES,248B,Circuito 248B,139,False,True,0248B,Coronel de Marina L. Rosales,125,False
AR-02-027-248C,AR-02-027,AR-02,2,Buenos Aires,27,CORONEL ROSALES,248C,Punta Alta (Parte),12323,True,True,0248C,Coronel de Marina L. Rosales,12997,False
AR-02-027-248D,AR-02-027,AR-02,2,Buenos Aires,27,CORONEL ROSALES,248D,Punta Alta (Parte),5249,True,True,0248D,Coronel de Marina L. Rosales,5682,False
AR-02-027-248E,AR-02-027,AR-02,2,Buenos Aires,27,CORONEL ROSALES,248E,Punta Alta (Parte),10656,True,True,0248E,Coronel de Marina L. Rosales,10338,False
AR-02-027-248F,AR-02-027,AR-02,2,Buenos Aires,27,CORONEL ROSALES,248F,Punta Alta (Parte),1496,True,True,0248F,Coronel de Marina L. Rosales,1160,False
AR-02-027-249,AR-02-027,AR-02,2,Buenos Aires,27,CORONEL ROSALES,249,Circuito 249,269,False,True,00249,Coronel de Marina L. Rosales,262,False
AR-02-027-249A,AR-02-027,AR-02,2,Buenos Aires,27,CORONEL ROSALES,249A,Circuito 249A,1538,False,True,0249A,Coronel de Marina L. Rosales,1639,False
AR-02-027-249B,AR-02-027,AR-02,2,Buenos Aires,27,CORONEL ROSALES,249B,Villa del Mar,261,True,True,0249B,Coronel de Marina L. Rosales,280,False
AR-02-028-252,AR-02-028,AR-02,2,Buenos Aires,28,CORONEL SUAREZ,252,Circuito 252,23057,False,True,00252,Coronel Suárez,23290,False
AR-02-028-253,AR-02-028,AR-02,2,Buenos Aires,28,CORONEL SUAREZ,253,Circuito 253,1682,False,True,00253,Coronel Suárez,1687,False
AR-02-028-254,AR-02-028,AR-02,2,Buenos Aires,28,CORONEL SUAREZ,254,Circuito 254,4700,False,True,00254,Coronel Suárez,4785,False
AR-02-028-255,AR-02-028,AR-02,2,Buenos Aires,28,CORONEL SUAREZ,255,Circuito 255,36,False,True,00255,Coronel Suárez,44,False
AR-02-028-255A,AR-02-028,AR-02,2,Buenos Aires,28,CORONEL SUAREZ,255A,Circuito 255A,25,False,True,0255A,Coronel Suárez,48,False
AR-02-028-256,AR-02-028,AR-02,2,Buenos Aires,28,CORONEL SUAREZ,256,Circuito 256,33,False,False,,,,False
AR-02-028-256A,AR-02-028,AR-02,2,Buenos Aires,28,CORONEL SUAREZ,256A,Circuito 256A,200,False,True,0256A,Coronel Suárez,232,False
AR-02-028-257,AR-02-028,AR-02,2,Buenos Aires,28,CORONEL SUAREZ,257,Circuito 257,10,False,False,,,,False
AR-02-028-258,AR-02-028,AR-02,2,Buenos Aires,28,CORONEL SUAREZ,258,Circuito 258,193,False,True,00258,Coronel Suárez,216,False
AR-02-028-258A,AR-02-028,AR-02,2,Buenos Aires,28,CORONEL SUAREZ,258A,Circuito 258A,2121,False,True,0258A,Coronel Suárez,2285,False
AR-02-028-258B,AR-02-028,AR-02,2,Buenos Aires,28,CORONEL SUAREZ,258B,Circuito 258B,1657,False,True,0258B,Coronel Suárez,2330,False
AR-02-028-258C,AR-02-028,AR-02,2,Buenos Aires,28,CORONEL SUAREZ,258C,Circuito 258C,151,False,True,0258C,Coronel Suárez,157,False
AR-02-029-189,AR-02-029,AR-02,2,Buenos Aires,29,CHACABUCO,189,Circuito 189,36831,False,True,00189,Chacabuco,39212,False
AR-02-029-190,AR-02-029,AR-02,2,Buenos Aires,29,CHACABUCO,190,Circuito 190,1226,False,True,00190,Chacabuco,1238,False
AR-02-029-191,AR-02-029,AR-02,2,Buenos Aires,29,CHACABUCO,191,Circuito 191,56,False,True,00191,Chacabuco,73,False
AR-02-029-192,AR-02-029,AR-02,2,Buenos Aires,29,CHACABUCO,192,Circuito 192,33,False,False,,,,False
AR-02-029-193,AR-02-029,AR-02,2,Buenos Aires,29,CHACABUCO,193,Circuito 193,96,False,True,00193,Chacabuco,135,False
AR-02-029-194,AR-02-029,AR-02,2,Buenos Aires,29,CHACABUCO,194,Circuito 194,96,False,False,,,,False
AR-02-029-195,AR-02-029,AR-02,2,Buenos Aires,29,CHACABUCO,195,Circuito 195,67,False,True,00195,Chacabuco,92,False
AR-02-029-196,AR-02-029,AR-02,2,Buenos Aires,29,CHACABUCO,196,Circuito 196,70,False,False,,,,False
AR-02-029-196A,AR-02-029,AR-02,2,Buenos Aires,29,CHACABUCO,196A,Circuito 196A,81,False,True,0196A,Chacabuco,67,False
AR-02-029-197,AR-02-029,AR-02,2,Buenos Aires,29,CHACABUCO,197,Circuito 197,1933,False,True,00197,Chacabuco,1825,False
AR-02-029-198,AR-02-029,AR-02,2,Buenos Aires,29,CHACABUCO,198,Circuito 198,612,False,True,00198,Chacabuco,579,False
AR-02-030-201,AR-02-030,AR-02,2,Buenos Aires,30,CHASCOMUS,201,Circuito 201,28072,False,True,00201,Chascomús,31737,False
AR-02-030-202,AR-02-030,AR-02,2,Buenos Aires,30,CHASCOMUS,202,Circuito 202,677,False,True,00202,Chascomús,1073,False
AR-02-030-203,AR-02-030,AR-02,2,Buenos Aires,30,CHASCOMUS,203,Circuito 203,2984,False,True,00203,Chascomús,1817,False
AR-02-030-204,AR-02-030,AR-02,2,Buenos Aires,30,CHASCOMUS,204,Circuito 204,153,False,True,00204,Chascomús,101,False
AR-02-030-205,AR-02-030,AR-02,2,Buenos Aires,30,CHASCOMUS,205,Circuito 205,57,False,True,00205,Chascomús,143,False
AR-02-030-206,AR-02-030,AR-02,2,Buenos Aires,30,CHASCOMUS,206,Circuito 206,110,False,False,,,,False
AR-02-030-208,AR-02-030,AR-02,2,Buenos Aires,30,CHASCOMUS,208,Circuito 208,52,False,False,,,,False
AR-02-030-209,AR-02-030,AR-02,2,Buenos Aires,30,CHASCOMUS,209,Circuito 209,235,False,True,00209,Chascomús,448,False
AR-02-030-209A,AR-02-030,AR-02,2,Buenos Aires,30,CHASCOMUS,209A,Circuito 209A,10,False,False,,,,False
AR-02-031-211,AR-02-031,AR-02,2,Buenos Aires,31,CHIVILCOY,211,Circuito 211,53473,False,True,00211,Chivilcoy,56633,False
AR-02-031-212,AR-02-031,AR-02,2,Buenos Aires,31,CHIVILCOY,212,Circuito 212,121,False,True,00212,Chivilcoy,141,False
AR-02-031-213,AR-02-031,AR-02,2,Buenos Aires,31,CHIVILCOY,213,Circuito 213,18,False,False,,,,False
AR-02-031-214,AR-02-031,AR-02,2,Buenos Aires,31,CHIVILCOY,214,Circuito 214,22,False,False,,,,False
AR-02-031-215,AR-02-031,AR-02,2,Buenos Aires,31,CHIVILCOY,215,Circuito 215,141,False,True,00215,Chivilcoy,124,False
AR-02-031-216,AR-02-031,AR-02,2,Buenos Aires,31,CHIVILCOY,216,Circuito 216,150,False,True,00216,Chivilcoy,117,False
AR-02-031-217,AR-02-031,AR-02,2,Buenos Aires,31,CHIVILCOY,217,Circuito 217,9,False,False,,,,False
AR-02-031-218,AR-02-031,AR-02,2,Buenos Aires,31,CHIVILCOY,218,Circuito 218,354,False,True,00218,Chivilcoy,404,False
AR-02-031-219,AR-02-031,AR-02,2,Buenos Aires,31,CHIVILCOY,219,Circuito 219,88,False,True,00219,Chivilcoy,75,False
AR-02-031-220,AR-02-031,AR-02,2,Buenos Aires,31,CHIVILCOY,220,Circuito 220,171,False,True,00220,Chivilcoy,156,False
AR-02-031-221,AR-02-031,AR-02,2,Buenos Aires,31,CHIVILCOY,221,Circuito 221,206,False,True,00221,Chivilcoy,166,False
AR-02-031-222,AR-02-031,AR-02,2,Buenos Aires,31,CHIVILCOY,222,Circuito 222,2222,False,True,00222,Chivilcoy,2341,False
AR-02-031-223,AR-02-031,AR-02,2,Buenos Aires,31,CHIVILCOY,223,Circuito 223,20,False,False,,,,False
AR-02-031-224,AR-02-031,AR-02,2,Buenos Aires,31,CHIVILCOY,224,Circuito 224,272,False,True,00224,Chivilcoy,255,False
AR-02-031-225,AR-02-031,AR-02,2,Buenos Aires,31,CHIVILCOY,225,Circuito 225,22,False,False,,,,False
AR-02-031-226,AR-02-031,AR-02,2,Buenos Aires,31,CHIVILCOY,226,Circuito 226,58,False,True,00226,Chivilcoy,44,False
AR-02-032-179,AR-02-032,AR-02,2,Buenos Aires,32,DAIREAUX,179,Circuito 179,11560,False,True,00179,Daireaux,12436,False
AR-02-032-180,AR-02-032,AR-02,2,Buenos Aires,32,DAIREAUX,180,Circuito 180,553,False,True,00180,Daireaux,594,False
AR-02-032-181,AR-02-032,AR-02,2,Buenos Aires,32,DAIREAUX,181,Circuito 181,202,False,True,00181,Daireaux,152,False
AR-02-032-182,AR-02-032,AR-02,2,Buenos Aires,32,DAIREAUX,182,Circuito 182,86,False,True,00182,Daireaux,67,False
AR-02-032-183,AR-02-032,AR-02,2,Buenos Aires,32,DAIREAUX,183,Circuito 183,1965,False,True,00183,Daireaux,2004,False
AR-02-033-282,AR-02-033,AR-02,2,Buenos Aires,33,DOLORES,282,Circuito 282,23613,False,True,00282,Dolores,25339,False
AR-02-033-283,AR-02-033,AR-02,2,Buenos Aires,33,DOLORES,283,Circuito 283,57,False,False,,,,False
AR-02-033-284,AR-02-033,AR-02,2,Buenos Aires,33,DOLORES,284,Circuito 284,3,False,False,,,,False
AR-02-033-285,AR-02-033,AR-02,2,Buenos Aires,33,DOLORES,285,Circuito 285,213,False,True,00285,Dolores,171,False
AR-02-034-490,AR-02-034,AR-02,2,Buenos Aires,34,ENSENADA,490,El Dique,11542,True,True,00490,Ensenada,12727,False
AR-02-034-491,AR-02-034,AR-02,2,Buenos Aires,34,ENSENADA,491,Ensenada Planta Urbana,31159,True,True,00491,Ensenada,32977,False
AR-02-034-491A,AR-02-034,AR-02,2,Buenos Aires,34,ENSENADA,491A,Punta Lara,9129,True,True,0491A,Ensenada,12260,False
AR-02-034-492,AR-02-034,AR-02,2,Buenos Aires,34,ENSENADA,492,Rio Santiago,178,True,True,00492,Ensenada,193,False
AR-02-035-773,AR-02-035,AR-02,2,Buenos Aires,35,ESCOBAR,773,Circuito 773,22692,False,True,00773,Escobar,30742,False
AR-02-035-773A,AR-02-035,AR-02,2,Buenos Aires,35,ESCOBAR,773A,Circuito 773A,60154,False,True,0773A,Escobar,68662,False
AR-02-035-773B,AR-02-035,AR-02,2,Buenos Aires,35,ESCOBAR,773B,Maquinista Savio,21236,True,True,0773B,Escobar,23921,False
AR-02-035-774,AR-02-035,AR-02,2,Buenos Aires,35,ESCOBAR,774,Escobar,50370,True,True,00774,Escobar,56177,False
AR-02-035-775,AR-02-035,AR-02,2,Buenos Aires,35,ESCOBAR,775,Ing.Maschwitz,17034,True,True,00775,Escobar,17371,False
AR-02-035-775A,AR-02-035,AR-02,2,Buenos Aires,35,ESCOBAR,775A,Seccion 1° de Islas,63,True,False,,,,False
AR-02-036-286,AR-02-036,AR-02,2,Buenos Aires,36,ESTEBAN ECHEVERRIA,286,9 de Abril (Parte),3732,True,True,00286,Esteban Echeverría,4912,False
AR-02-036-286A,AR-02-036,AR-02,2,Buenos Aires,36,ESTEBAN ECHEVERRIA,286A,9 de Abril (Parte),27760,True,True,0286A,Esteban Echeverría,31533,False
AR-02-036-287,AR-02-036,AR-02,2,Buenos Aires,36,ESTEBAN ECHEVERRIA,287,El Jagüel (Parte),22414,True,True,00287,Esteban Echeverría,24693,False
AR-02-036-287A,AR-02-036,AR-02,2,Buenos Aires,36,ESTEBAN ECHEVERRIA,287A,El Jagüel (Parte),17370,True,True,0287A,Esteban Echeverría,19145,False
AR-02-036-287B,AR-02-036,AR-02,2,Buenos Aires,36,ESTEBAN ECHEVERRIA,287B,Jorge Canning (Parte),4664,True,True,0287B,Esteban Echeverría,6662,False
AR-02-036-287C,AR-02-036,AR-02,2,Buenos Aires,36,ESTEBAN ECHEVERRIA,287C,Monte Grande (Parte),14201,True,True,0287C,Esteban Echeverría,17974,False
AR-02-036-287D,AR-02-036,AR-02,2,Buenos Aires,36,ESTEBAN ECHEVERRIA,287D,Monte Grande (Parte),21098,True,True,0287D,Esteban Echeverría,24316,False
AR-02-036-288,AR-02-036,AR-02,2,Buenos Aires,36,ESTEBAN ECHEVERRIA,288,Monte Grande (Parte),27524,True,True,00288,Esteban Echeverría,26526,False
AR-02-036-288A,AR-02-036,AR-02,2,Buenos Aires,36,ESTEBAN ECHEVERRIA,288A,Monte Grande (Parte),16661,True,True,0288A,Esteban Echeverría,17410,False
AR-02-036-288B,AR-02-036,AR-02,2,Buenos Aires,36,ESTEBAN ECHEVERRIA,288B,Monte Grande (Parte),25929,True,True,0288B,Esteban Echeverría,30517,False
AR-02-036-291,AR-02-036,AR-02,2,Buenos Aires,36,ESTEBAN ECHEVERRIA,291,Luis Guillon (Parte),15274,True,True,00291,Esteban Echeverría,15358,False
AR-02-036-291A,AR-02-036,AR-02,2,Buenos Aires,36,ESTEBAN ECHEVERRIA,291A,Luis Guillon (Parte),20789,True,True,0291A,Esteban Echeverría,20605,False
AR-02-037-292,AR-02-037,AR-02,2,Buenos Aires,37,EXALTACION DE LA CRUZ,292,Circuito 292,9146,False,True,00292,Exaltación de la Cruz,10392,False
AR-02-037-293,AR-02-037,AR-02,2,Buenos Aires,37,EXALTACION DE LA CRUZ,293,Circuito 293,10017,False,True,00293,Exaltación de la Cruz,11727,False
AR-02-037-294,AR-02-037,AR-02,2,Buenos Aires,37,EXALTACION DE LA CRUZ,294,Circuito 294,1963,False,True,00294,Exaltación de la Cruz,3592,False
AR-02-037-295,AR-02-037,AR-02,2,Buenos Aires,37,EXALTACION DE LA CRUZ,295,Circuito 295,4456,False,True,00295,Exaltación de la Cruz,5850,False
AR-02-037-296,AR-02-037,AR-02,2,Buenos Aires,37,EXALTACION DE LA CRUZ,296,Circuito 296,395,False,False,,,,False
AR-02-037-297,AR-02-037,AR-02,2,Buenos Aires,37,EXALTACION DE LA CRUZ,297,Circuito 297,538,False,True,00297,Exaltación de la Cruz,549,False
AR-02-037-298,AR-02-037,AR-02,2,Buenos Aires,37,EXALTACION DE LA CRUZ,298,Circuito 298,269,False,True,00298,Exaltación de la Cruz,318,False
AR-02-038-302,AR-02-038,AR-02,2,Buenos Aires,38,FLORENCIO VARELA,302,Florencio Varela,105515,True,True,00302,Florencio Varela,110688,False
AR-02-038-302A,AR-02-038,AR-02,2,Buenos Aires,38,FLORENCIO VARELA,302A,Gob.Julio A. Costa,39287,True,True,0302A,Florencio Varela,45125,False
AR-02-038-302B,AR-02-038,AR-02,2,Buenos Aires,38,FLORENCIO VARELA,302B,Santa Rosa,22484,True,True,0302B,Florencio Varela,25329,False
AR-02-038-302C,AR-02-038,AR-02,2,Buenos Aires,38,FLORENCIO VARELA,302C,Villa Vatteone,31786,True,True,0302C,Florencio Varela,33891,False
AR-02-038-302D,AR-02-038,AR-02,2,Buenos Aires,38,FLORENCIO VARELA,302D,Zeballos,17414,True,True,0302D,Florencio Varela,18958,False
AR-02-038-302E,AR-02-038,AR-02,2,Buenos Aires,38,FLORENCIO VARELA,302E,Bosques,44673,True,True,0302E,Florencio Varela,50366,False
AR-02-038-302F,AR-02-038,AR-02,2,Buenos Aires,38,FLORENCIO VARELA,302F,Villa Brown,5225,True,True,0302F,Florencio Varela,6237,False
AR-02-038-303,AR-02-038,AR-02,2,Buenos Aires,38,FLORENCIO VARELA,303,Circuito 303,3951,False,True,00303,Florencio Varela,4816,False
AR-02-038-303A,AR-02-038,AR-02,2,Buenos Aires,38,FLORENCIO VARELA,303A,Villa San Luis,8697,True,True,0303A,Florencio Varela,9892,False
AR-02-038-303B,AR-02-038,AR-02,2,Buenos Aires,38,FLORENCIO VARELA,303B,Ingeniero Allan,25207,True,True,0303B,Florencio Varela,30389,False
AR-02-039-305,AR-02-039,AR-02,2,Buenos Aires,39,GENERAL ALVARADO,305,Circuito 305,26246,False,True,00305,General Alvarado,29905,False
AR-02-039-306,AR-02-039,AR-02,2,Buenos Aires,39,GENERAL ALVARADO,306,Circuito 306,6036,False,True,00306,General Alvarado,6438,False
AR-02-039-307,AR-02-039,AR-02,2,Buenos Aires,39,GENERAL ALVARADO,307,Circuito 307,1490,False,True,00307,General Alvarado,1475,False
AR-02-039-308,AR-02-039,AR-02,2,Buenos Aires,39,GENERAL ALVARADO,308,Circuito 308,561,False,True,00308,General Alvarado,755,False
AR-02-039-309,AR-02-039,AR-02,2,Buenos Aires,39,GENERAL ALVARADO,309,Circuito 309,88,False,True,00309,General Alvarado,71,False
AR-02-040-310,AR-02-040,AR-02,2,Buenos Aires,40,GENERAL ALVEAR,310,Circuito 310,8204,False,True,00310,General Alvear,8802,False
AR-02-040-311,AR-02-040,AR-02,2,Buenos Aires,40,GENERAL ALVEAR,311,Circuito 311,69,False,True,00311,General Alvear,80,False
AR-02-040-312,AR-02-040,AR-02,2,Buenos Aires,40,GENERAL ALVEAR,312,Circuito 312,132,False,True,00312,General Alvear,103,False
AR-02-040-313,AR-02-040,AR-02,2,Buenos Aires,40,GENERAL ALVEAR,313,Circuito 313,19,False,False,,,,False
AR-02-041-314,AR-02-041,AR-02,2,Buenos Aires,41,GENERAL ARENALES,314,Circuito 314,4702,False,True,00314,General Arenales,5322,False
AR-02-041-314A,AR-02-041,AR-02,2,Buenos Aires,41,GENERAL ARENALES,314A,Circuito 314A,36,False,False,,,,False
AR-02-041-315,AR-02-041,AR-02,2,Buenos Aires,41,GENERAL ARENALES,315,Circuito 315,189,False,True,00315,General Arenales,166,False
AR-02-041-316,AR-02-041,AR-02,2,Buenos Aires,41,GENERAL ARENALES,316,Circuito 316,4248,False,True,00316,General Arenales,4476,False
AR-02-041-316A,AR-02-041,AR-02,2,Buenos Aires,41,GENERAL ARENALES,316A,Circuito 316A,330,False,True,0316A,General Arenales,323,False
AR-02-041-317,AR-02-041,AR-02,2,Buenos Aires,41,GENERAL ARENALES,317,Circuito 317,2103,False,True,00317,General Arenales,2148,False
AR-02-041-318,AR-02-041,AR-02,2,Buenos Aires,41,GENERAL ARENALES,318,Circuito 318,2873,False,True,00318,General Arenales,2882,False
AR-02-042-320,AR-02-042,AR-02,2,Buenos Aires,42,GENERAL BELGRANO,320,Circuito 320,15231,False,True,00320,General Belgrano,16357,False
AR-02-042-321,AR-02-042,AR-02,2,Buenos Aires,42,GENERAL BELGRANO,321,Circuito 321,21,False,False,,,,False
AR-02-042-322,AR-02-042,AR-02,2,Buenos Aires,42,GENERAL BELGRANO,322,Circuito 322,120,False,True,00322,General Belgrano,118,False
AR-02-042-323,AR-02-042,AR-02,2,Buenos Aires,42,GENERAL BELGRANO,323,Circuito 323,27,False,False,,,,False
AR-02-042-324,AR-02-042,AR-02,2,Buenos Aires,42,GENERAL BELGRANO,324,Circuito 324,266,False,True,00324,General Belgrano,294,False
AR-02-043-326,AR-02-043,AR-02,2,Buenos Aires,43,GENERAL GUIDO,326,Circuito 326,1512,False,True,00326,General Guido,1832,False
AR-02-043-327,AR-02-043,AR-02,2,Buenos Aires,43,GENERAL GUIDO,327,Circuito 327,903,False,True,00327,General Guido,1068,False
AR-02-043-328,AR-02-043,AR-02,2,Buenos Aires,43,GENERAL GUIDO,328,Circuito 328,20,False,False,,,,False
AR-02-044-330,AR-02-044,AR-02,2,Buenos Aires,44,GENERAL LAMADRID,330,Circuito 330,8127,False,True,00330,General La Madrid,8591,False
AR-02-044-331,AR-02-044,AR-02,2,Buenos Aires,44,GENERAL LAMADRID,331,Circuito 331,7,False,False,,,,False
AR-02-044-332,AR-02-044,AR-02,2,Buenos Aires,44,GENERAL LAMADRID,332,Circuito 332,279,False,True,00332,General La Madrid,266,False
AR-02-044-333,AR-02-044,AR-02,2,Buenos Aires,44,GENERAL LAMADRID,333,Circuito 333,10,False,False,,,,False
AR-02-044-334,AR-02-044,AR-02,2,Buenos Aires,44,GENERAL LAMADRID,334,Circuito 334,606,False,True,00334,General La Madrid,607,False
AR-02-044-335,AR-02-044,AR-02,2,Buenos Aires,44,GENERAL LAMADRID,335,Circuito 335,336,False,True,00335,General La Madrid,313,False
AR-02-044-336,AR-02-044,AR-02,2,Buenos Aires,44,GENERAL LAMADRID,336,Circuito 336,66,False,True,00336,General La Madrid,58,False
AR-02-045-547,AR-02-045,AR-02,2,Buenos Aires,45,LAS HERAS,547,Circuito 547,11253,False,True,00547,General Las Heras,12503,False
AR-02-045-548,AR-02-045,AR-02,2,Buenos Aires,45,LAS HERAS,548,Circuito 548,1079,False,True,00548,General Las Heras,1376,False
AR-02-045-548A,AR-02-045,AR-02,2,Buenos Aires,45,LAS HERAS,548A,Circuito 548A,293,False,True,0548A,General Las Heras,314,False
AR-02-045-548B,AR-02-045,AR-02,2,Buenos Aires,45,LAS HERAS,548B,Circuito 548B,87,False,False,,,,False
AR-02-046-338,AR-02-046,AR-02,2,Buenos Aires,46,GENERAL LAVALLE,338,Circuito 338,2633,False,True,00338,General Lavalle,3008,False
AR-02-046-338A,AR-02-046,AR-02,2,Buenos Aires,46,GENERAL LAVALLE,338A,Circuito 338A,1056,False,True,0338A,General Lavalle,1601,False
AR-02-046-338B,AR-02-046,AR-02,2,Buenos Aires,46,GENERAL LAVALLE,338B,Circuito 338B,285,False,True,0338B,General Lavalle,545,False
AR-02-047-340,AR-02-047,AR-02,2,Buenos Aires,47,GENERAL MADARIAGA,340,Circuito 340,17236,False,True,00340,General Juan Madariaga,19216,False
AR-02-047-341,AR-02-047,AR-02,2,Buenos Aires,47,GENERAL MADARIAGA,341,Circuito 341,31,False,True,00341,General Juan Madariaga,35,False
AR-02-047-342,AR-02-047,AR-02,2,Buenos Aires,47,GENERAL MADARIAGA,342,Circuito 342,63,False,True,00342,General Juan Madariaga,65,False
AR-02-047-343,AR-02-047,AR-02,2,Buenos Aires,47,GENERAL MADARIAGA,343,Circuito 343,132,False,True,00343,General Juan Madariaga,103,False
AR-02-048-345,AR-02-048,AR-02,2,Buenos Aires,48,GENERAL PAZ,345,Circuito 345,8079,False,True,00345,General Paz,9506,False
AR-02-048-346,AR-02-048,AR-02,2,Buenos Aires,48,GENERAL PAZ,346,Circuito 346,105,False,False,,,,False
AR-02-048-347,AR-02-048,AR-02,2,Buenos Aires,48,GENERAL PAZ,347,Circuito 347,306,False,False,,,,False
AR-02-048-348,AR-02-048,AR-02,2,Buenos Aires,48,GENERAL PAZ,348,Circuito 348,823,False,True,00348,General Paz,868,False
AR-02-048-349,AR-02-048,AR-02,2,Buenos Aires,48,GENERAL PAZ,349,Circuito 349,71,False,True,00349,General Paz,59,False
AR-02-048-350,AR-02-048,AR-02,2,Buenos Aires,48,GENERAL PAZ,350,Circuito 350,59,False,True,00350,General Paz,42,False
AR-02-048-351,AR-02-048,AR-02,2,Buenos Aires,48,GENERAL PAZ,351,Circuito 351,924,False,True,00351,General Paz,1075,False
AR-02-048-352,AR-02-048,AR-02,2,Buenos Aires,48,GENERAL PAZ,352,Circuito 352,145,False,True,00352,General Paz,126,False
AR-02-049-354,AR-02-049,AR-02,2,Buenos Aires,49,GENERAL PINTO,354,Circuito 354,6420,False,True,00354,General Pinto,7000,False
AR-02-049-356,AR-02-049,AR-02,2,Buenos Aires,49,GENERAL PINTO,356,Circuito 356,24,False,False,,,,False
AR-02-049-357,AR-02-049,AR-02,2,Buenos Aires,49,GENERAL PINTO,357,Circuito 357,1339,False,True,00357,General Pinto,1385,False
AR-02-049-358,AR-02-049,AR-02,2,Buenos Aires,49,GENERAL PINTO,358,Circuito 358,89,False,True,00358,General Pinto,65,False
AR-02-049-359,AR-02-049,AR-02,2,Buenos Aires,49,GENERAL PINTO,359,Circuito 359,1108,False,True,00359,General Pinto,1088,False
AR-02-049-360,AR-02-049,AR-02,2,Buenos Aires,49,GENERAL PINTO,360,Circuito 360,674,False,True,00360,General Pinto,702,False
AR-02-050-364,AR-02-050,AR-02,2,Buenos Aires,50,GENERAL PUEYRREDON,364,Circuito 364,133747,False,True,00364,General Pueyrredón,7359,False
AR-02-050-365,AR-02-050,AR-02,2,Buenos Aires,50,GENERAL PUEYRREDON,365,Circuito 365,116791,False,True,00365,General Pueyrredón,22481,False
AR-02-050-366,AR-02-050,AR-02,2,Buenos Aires,50,GENERAL PUEYRREDON,366,Circuito 366,86240,False,True,00366,General Pueyrredón,84246,False
AR-02-050-366A,AR-02-050,AR-02,2,Buenos Aires,50,GENERAL PUEYRREDON,366A,Circuito 366A,59503,False,True,0366A,General Pueyrredón,56533,False
AR-02-050-367,AR-02-050,AR-02,2,Buenos Aires,50,GENERAL PUEYRREDON,367,Circuito 367,70430,False,True,00367,General Pueyrredón,70240,False
AR-02-050-368,AR-02-050,AR-02,2,Buenos Aires,50,GENERAL PUEYRREDON,368,Circuito 368,21183,False,True,00368,General Pueyrredón,10648,False
AR-02-050-369,AR-02-050,AR-02,2,Buenos Aires,50,GENERAL PUEYRREDON,369,Circuito 369,5607,False,True,00369,General Pueyrredón,8051,False
AR-02-050-370,AR-02-050,AR-02,2,Buenos Aires,50,GENERAL PUEYRREDON,370,Circuito 370,56285,False,True,00370,General Pueyrredón,21407,False
AR-02-051-374,AR-02-051,AR-02,2,Buenos Aires,51,GENERAL RODRIGUEZ,374,Circuito 374,72939,False,True,00374,General Rodríguez,92628,False
AR-02-052-376,AR-02-052,AR-02,2,Buenos Aires,52,GENERAL SAN MARTIN,376,Ciudad Libert.S.Martin (Parte),25765,True,True,00376,General San Martín,28005,False
AR-02-052-377,AR-02-052,AR-02,2,Buenos Aires,52,GENERAL SAN MARTIN,377,Circuito 377,35940,False,True,00377,General San Martín,35933,False
AR-02-052-377A,AR-02-052,AR-02,2,Buenos Aires,52,GENERAL SAN MARTIN,377A,Circuito 377A,54170,False,True,0377A,General San Martín,56608,False
AR-02-052-378,AR-02-052,AR-02,2,Buenos Aires,52,GENERAL SAN MARTIN,378,Circuito 378,28645,False,True,00378,General San Martín,29480,False
AR-02-052-379,AR-02-052,AR-02,2,Buenos Aires,52,GENERAL SAN MARTIN,379,Circuito 379,22127,False,True,00379,General San Martín,24231,False
AR-02-052-380,AR-02-052,AR-02,2,Buenos Aires,52,GENERAL SAN MARTIN,380,Circuito 380,16739,False,True,00380,General San Martín,18257,False
AR-02-052-381,AR-02-052,AR-02,2,Buenos Aires,52,GENERAL SAN MARTIN,381,Circuito 381,44434,False,True,00381,General San Martín,48325,False
AR-02-052-382,AR-02-052,AR-02,2,Buenos Aires,52,GENERAL SAN MARTIN,382,Circuito 382,6787,False,True,00382,General San Martín,8134,False
AR-02-052-383,AR-02-052,AR-02,2,Buenos Aires,52,GENERAL SAN MARTIN,383,V.Juan Gregorio Las Heras(Pte),6455,True,True,00383,General San Martín,6903,False
AR-02-052-384,AR-02-052,AR-02,2,Buenos Aires,52,GENERAL SAN MARTIN,384,Circuito 384,17682,False,True,00384,General San Martín,18199,False
AR-02-052-388,AR-02-052,AR-02,2,Buenos Aires,52,GENERAL SAN MARTIN,388,Circuito 388,69292,False,True,00388,General San Martín,77764,False
AR-02-053-397,AR-02-053,AR-02,2,Buenos Aires,53,SAN MIGUEL,397,San Miguel,49318,True,True,00397,San Miguel,53910,False
AR-02-053-397A,AR-02-053,AR-02,2,Buenos Aires,53,SAN MIGUEL,397A,Santa María,22114,True,True,0397A,San Miguel,23982,False
AR-02-053-397B,AR-02-053,AR-02,2,Buenos Aires,53,SAN MIGUEL,397B,Santa María,35362,True,True,0397B,San Miguel,38123,False
AR-02-053-397C,AR-02-053,AR-02,2,Buenos Aires,53,SAN MIGUEL,397C,Santa María,32740,True,True,0397C,San Miguel,34449,False
AR-02-053-400,AR-02-053,AR-02,2,Buenos Aires,53,SAN MIGUEL,400,-,24550,True,True,00400,San Miguel,26832,False
AR-02-053-401,AR-02-053,AR-02,2,Buenos Aires,53,SAN MIGUEL,401,Campo de Mayo,1841,True,True,00401,San Miguel,919,False
AR-02-053-401A,AR-02-053,AR-02,2,Buenos Aires,53,SAN MIGUEL,401A,Bella Vista,33744,True,True,0401A,San Miguel,35031,False
AR-02-053-402,AR-02-053,AR-02,2,Buenos Aires,53,SAN MIGUEL,402,Bella Vista,25596,True,True,00402,San Miguel,30205,False
AR-02-054-404,AR-02-054,AR-02,2,Buenos Aires,54,GENERAL VIAMONTE,404,Circuito 404,13012,False,True,00404,General Viamonte,13357,False
AR-02-054-405,AR-02-054,AR-02,2,Buenos Aires,54,GENERAL VIAMONTE,405,Circuito 405,243,False,True,00405,General Viamonte,186,False
AR-02-054-406,AR-02-054,AR-02,2,Buenos Aires,54,GENERAL VIAMONTE,406,Circuito 406,275,False,True,00406,General Viamonte,235,False
AR-02-054-407,AR-02-054,AR-02,2,Buenos Aires,54,GENERAL VIAMONTE,407,Circuito 407,77,False,True,00407,General Viamonte,90,False
AR-02-054-408,AR-02-054,AR-02,2,Buenos Aires,54,GENERAL VIAMONTE,408,Circuito 408,1639,False,True,00408,General Viamonte,1688,False
AR-02-054-409,AR-02-054,AR-02,2,Buenos Aires,54,GENERAL VIAMONTE,409,Circuito 409,357,False,True,00409,General Viamonte,331,False
AR-02-054-410,AR-02-054,AR-02,2,Buenos Aires,54,GENERAL VIAMONTE,410,Circuito 410,24,False,False,,,,False
AR-02-055-411,AR-02-055,AR-02,2,Buenos Aires,55,GENERAL VILLEGAS,411,Circuito 411,16467,False,True,00411,General Villegas,17708,False
AR-02-055-412,AR-02-055,AR-02,2,Buenos Aires,55,GENERAL VILLEGAS,412,Circuito 412,68,False,True,00412,General Villegas,66,False
AR-02-055-413,AR-02-055,AR-02,2,Buenos Aires,55,GENERAL VILLEGAS,413,Circuito 413,1097,False,True,00413,General Villegas,1058,False
AR-02-055-414,AR-02-055,AR-02,2,Buenos Aires,55,GENERAL VILLEGAS,414,Circuito 414,283,False,True,00414,General Villegas,221,False
AR-02-055-415,AR-02-055,AR-02,2,Buenos Aires,55,GENERAL VILLEGAS,415,Circuito 415,1832,False,True,00415,General Villegas,1828,False
AR-02-055-416,AR-02-055,AR-02,2,Buenos Aires,55,GENERAL VILLEGAS,416,Circuito 416,2088,False,True,00416,General Villegas,2063,False
AR-02-055-417,AR-02-055,AR-02,2,Buenos Aires,55,GENERAL VILLEGAS,417,Circuito 417,303,False,True,00417,General Villegas,282,False
AR-02-055-418,AR-02-055,AR-02,2,Buenos Aires,55,GENERAL VILLEGAS,418,Circuito 418,1187,False,True,00418,General Villegas,1131,False
AR-02-055-419,AR-02-055,AR-02,2,Buenos Aires,55,GENERAL VILLEGAS,419,Circuito 419,474,False,True,00419,General Villegas,400,False
AR-02-055-420,AR-02-055,AR-02,2,Buenos Aires,55,GENERAL VILLEGAS,420,Circuito 420,615,False,True,00420,General Villegas,622,False
AR-02-055-421,AR-02-055,AR-02,2,Buenos Aires,55,GENERAL VILLEGAS,421,Circuito 421,232,False,True,00421,General Villegas,204,False
AR-02-055-422,AR-02-055,AR-02,2,Buenos Aires,55,GENERAL VILLEGAS,422,Circuito 422,5,False,False,,,,False
AR-02-056-424,AR-02-056,AR-02,2,Buenos Aires,56,GONZALES CHAVES,424,Circuito 424,8542,False,True,00424,Adolfo Gonzales Chaves,8900,False
AR-02-056-427,AR-02-056,AR-02,2,Buenos Aires,56,GONZALES CHAVES,427,Circuito 427,1666,False,True,00427,Adolfo Gonzales Chaves,1729,False
AR-02-056-428,AR-02-056,AR-02,2,Buenos Aires,56,GONZALES CHAVES,428,Circuito 428,207,False,True,00428,Adolfo Gonzales Chaves,232,False
AR-02-057-430,AR-02-057,AR-02,2,Buenos Aires,57,GUAMINI,430,Circuito 430,2742,False,True,00430,Guaminí,2929,False
AR-02-057-431,AR-02-057,AR-02,2,Buenos Aires,57,GUAMINI,431,Circuito 431,4314,False,True,00431,Guaminí,4455,False
AR-02-057-432,AR-02-057,AR-02,2,Buenos Aires,57,GUAMINI,432,Circuito 432,1621,False,True,00432,Guaminí,1683,False
AR-02-057-433,AR-02-057,AR-02,2,Buenos Aires,57,GUAMINI,433,Circuito 433,180,False,True,00433,Guaminí,153,False
AR-02-057-434,AR-02-057,AR-02,2,Buenos Aires,57,GUAMINI,434,Circuito 434,909,False,True,00434,Guaminí,879,False
AR-02-058-742,AR-02-058,AR-02,2,Buenos Aires,58,HIPOLITO YRIGOYEN,742,Circuito 742,7863,False,True,00742,Hipólito Yrigoyen,8140,False
AR-02-058-742A,AR-02-058,AR-02,2,Buenos Aires,58,HIPOLITO YRIGOYEN,742A,Circuito 742A,17,False,False,,,,False
AR-02-058-742B,AR-02-058,AR-02,2,Buenos Aires,58,HIPOLITO YRIGOYEN,742B,Circuito 742B,68,False,True,0742B,Hipólito Yrigoyen,106,False
AR-02-059-436,AR-02-059,AR-02,2,Buenos Aires,59,JUAREZ,436,Circuito 436,13898,False,True,00436,Benito Juárez,14597,False
AR-02-059-437,AR-02-059,AR-02,2,Buenos Aires,59,JUAREZ,437,Circuito 437,69,False,True,00437,Benito Juárez,123,False
AR-02-059-438,AR-02-059,AR-02,2,Buenos Aires,59,JUAREZ,438,Circuito 438,19,False,False,,,,False
AR-02-059-439,AR-02-059,AR-02,2,Buenos Aires,59,JUAREZ,439,Circuito 439,2803,False,True,00439,Benito Juárez,2850,False
AR-02-059-440,AR-02-059,AR-02,2,Buenos Aires,59,JUAREZ,440,Circuito 440,169,False,True,00440,Benito Juárez,203,False
AR-02-059-441,AR-02-059,AR-02,2,Buenos Aires,59,JUAREZ,441,Circuito 441,154,False,True,00441,Benito Juárez,170,False
AR-02-059-442,AR-02-059,AR-02,2,Buenos Aires,59,JUAREZ,442,Circuito 442,49,False,False,,,,False
AR-02-060-444,AR-02-060,AR-02,2,Buenos Aires,60,JUNIN,444,Circuito 444,71265,False,True,00444,Junín,70137,False
AR-02-060-445,AR-02-060,AR-02,2,Buenos Aires,60,JUNIN,445,Circuito 445,1923,False,True,00445,Junín,4404,False
AR-02-060-446,AR-02-060,AR-02,2,Buenos Aires,60,JUNIN,446,Circuito 446,1391,False,True,00446,Junín,2879,False
AR-02-060-447,AR-02-060,AR-02,2,Buenos Aires,60,JUNIN,447,Circuito 447,905,False,True,00447,Junín,1751,False
AR-02-060-448,AR-02-060,AR-02,2,Buenos Aires,60,JUNIN,448,Circuito 448,76,False,True,00448,Junín,137,False
AR-02-060-449,AR-02-060,AR-02,2,Buenos Aires,60,JUNIN,449,Circuito 449,55,False,True,00449,Junín,51,False
AR-02-060-450,AR-02-060,AR-02,2,Buenos Aires,60,JUNIN,450,Circuito 450,966,False,True,00450,Junín,874,False
AR-02-060-451,AR-02-060,AR-02,2,Buenos Aires,60,JUNIN,451,Circuito 451,964,False,True,00451,Junín,994,False
AR-02-060-452,AR-02-060,AR-02,2,Buenos Aires,60,JUNIN,452,Circuito 452,445,False,True,00452,Junín,420,False
AR-02-060-453,AR-02-060,AR-02,2,Buenos Aires,60,JUNIN,453,Circuito 453,53,False,True,00453,Junín,35,False
AR-02-060-454,AR-02-060,AR-02,2,Buenos Aires,60,JUNIN,454,Circuito 454,133,False,True,00454,Junín,107,False
AR-02-060-455,AR-02-060,AR-02,2,Buenos Aires,60,JUNIN,455,Circuito 455,28,False,False,,,,False
AR-02-060-456,AR-02-060,AR-02,2,Buenos Aires,60,JUNIN,456,Circuito 456,326,False,True,00456,Junín,277,False
AR-02-061-626,AR-02-061,AR-02,2,Buenos Aires,61,MATANZA,626,Circuito 626,53874,False,True,00626,La Matanza,51639,False
AR-02-061-626A,AR-02-061,AR-02,2,Buenos Aires,61,MATANZA,626A,Circuito 626A,38911,False,True,0626A,La Matanza,38012,False
AR-02-061-627,AR-02-061,AR-02,2,Buenos Aires,61,MATANZA,627,Circuito 627,17618,False,True,00627,La Matanza,17002,False
AR-02-061-628,AR-02-061,AR-02,2,Buenos Aires,61,MATANZA,628,Circuito 628,50876,False,True,00628,La Matanza,50248,False
AR-02-061-629,AR-02-061,AR-02,2,Buenos Aires,61,MATANZA,629,Villa Luzuriaga,30224,True,True,00629,La Matanza,31258,False
AR-02-061-629A,AR-02-061,AR-02,2,Buenos Aires,61,MATANZA,629A,Circuito 629A,52141,False,True,0629A,La Matanza,54363,False
AR-02-061-629B,AR-02-061,AR-02,2,Buenos Aires,61,MATANZA,629B,Isidro Casanova,38316,True,True,0629B,La Matanza,40807,False
AR-02-061-630,AR-02-061,AR-02,2,Buenos Aires,61,MATANZA,630,Circuito 630,35568,False,True,00630,La Matanza,34823,False
AR-02-061-631,AR-02-061,AR-02,2,Buenos Aires,61,MATANZA,631,Circuito 631,30126,False,True,00631,La Matanza,29298,False
AR-02-061-631A,AR-02-061,AR-02,2,Buenos Aires,61,MATANZA,631A,Ciudad Evita,41558,True,True,0631A,La Matanza,42676,False
AR-02-061-631B,AR-02-061,AR-02,2,Buenos Aires,61,MATANZA,631B,Ciudad Evita,8226,True,True,0631B,La Matanza,9671,False
AR-02-061-631C,AR-02-061,AR-02,2,Buenos Aires,61,MATANZA,631C,Isidro Casanova,17541,True,True,0631C,La Matanza,18706,False
AR-02-061-631D,AR-02-061,AR-02,2,Buenos Aires,61,MATANZA,631D,San Justo,36903,True,True,0631D,La Matanza,38152,False
AR-02-061-632,AR-02-061,AR-02,2,Buenos Aires,61,MATANZA,632,Aldo Bonzi,10821,True,True,00632,La Matanza,11199,False
AR-02-061-632A,AR-02-061,AR-02,2,Buenos Aires,61,MATANZA,632A,Tablada,11745,True,True,0632A,La Matanza,12414,False
AR-02-061-632B,AR-02-061,AR-02,2,Buenos Aires,61,MATANZA,632B,San Justo,3298,True,True,0632B,La Matanza,3615,False
AR-02-061-633,AR-02-061,AR-02,2,Buenos Aires,61,MATANZA,633,Circuito 633,56116,False,True,00633,La Matanza,57318,False
AR-02-061-634,AR-02-061,AR-02,2,Buenos Aires,61,MATANZA,634,Circuito 634,30124,False,True,00634,La Matanza,29810,False
AR-02-061-635,AR-02-061,AR-02,2,Buenos Aires,61,MATANZA,635,Circuito 635,95000,False,True,00635,La Matanza,104433,False
AR-02-061-635A,AR-02-061,AR-02,2,Buenos Aires,61,MATANZA,635A,Gonzalez Catan,92367,True,True,0635A,La Matanza,98637,False
AR-02-061-635B,AR-02-061,AR-02,2,Buenos Aires,61,MATANZA,635B,Laferrere,103639,True,True,0635B,La Matanza,111420,False
AR-02-061-635C,AR-02-061,AR-02,2,Buenos Aires,61,MATANZA,635C,Gonzalez Catan,51655,True,True,0635C,La Matanza,59042,False
AR-02-061-635D,AR-02-061,AR-02,2,Buenos Aires,61,MATANZA,635D,Virrey del Pino,38450,True,True,0635D,La Matanza,49819,False
AR-02-061-635E,AR-02-061,AR-02,2,Buenos Aires,61,MATANZA,635E,Virrey del Pino,42170,True,True,0635E,La Matanza,51315,False
AR-02-061-635F,AR-02-061,AR-02,2,Buenos Aires,61,MATANZA,635F,20 de Junio,963,True,True,0635F,La Matanza,1246,False
AR-02-062-259,AR-02-062,AR-02,2,Buenos Aires,62,LANUS,259,Gerli (Parte),9704,True,True,00259,Lanús,9127,False
AR-02-062-260,AR-02-062,AR-02,2,Buenos Aires,62,LANUS,260,Circuito 260,33251,False,True,00260,Lanús,33762,False
AR-02-062-261,AR-02-062,AR-02,2,Buenos Aires,62,LANUS,261,Circuito 261,33186,False,True,00261,Lanús,34034,False
AR-02-062-262,AR-02-062,AR-02,2,Buenos Aires,62,LANUS,262,Monte Chingolo (Parte),58748,True,True,00262,Lanús,59709,False
AR-02-062-263,AR-02-062,AR-02,2,Buenos Aires,62,LANUS,263,Remedios de Escalada (Parte),20668,True,True,00263,Lanús,20757,False
AR-02-062-264,AR-02-062,AR-02,2,Buenos Aires,62,LANUS,264,Remedios de Escalada (Parte),7655,True,True,00264,Lanús,7446,False
AR-02-062-265,AR-02-062,AR-02,2,Buenos Aires,62,LANUS,265,Remedios de Escalada (Parte),25669,True,True,00265,Lanús,25273,False
AR-02-062-271,AR-02-062,AR-02,2,Buenos Aires,62,LANUS,271,Gerli (Parte),13053,True,True,00271,Lanús,12371,False
AR-02-062-272,AR-02-062,AR-02,2,Buenos Aires,62,LANUS,272,Valentin Alsina (Parte),16944,True,True,00272,Lanús,16665,False
AR-02-062-273,AR-02-062,AR-02,2,Buenos Aires,62,LANUS,273,Circuito 273,55696,False,True,00273,Lanús,56716,False
AR-02-062-274,AR-02-062,AR-02,2,Buenos Aires,62,LANUS,274,Lanus Oeste (Parte),43963,True,True,00274,Lanús,44012,False
AR-02-062-275,AR-02-062,AR-02,2,Buenos Aires,62,LANUS,275,Circuito 275,27020,False,True,00275,Lanús,27044,False
AR-02-062-276,AR-02-062,AR-02,2,Buenos Aires,62,LANUS,276,Lanus Oeste (Parte),30268,True,True,00276,Lanús,30097,False
AR-02-063-460,AR-02-063,AR-02,2,Buenos Aires,63,LA PLATA,460,Circuito 460,1922,False,True,00460,La Plata,1858,False
AR-02-063-461,AR-02-063,AR-02,2,Buenos Aires,63,LA PLATA,461,Circuito 461,1570,False,True,00461,La Plata,1488,False
AR-02-063-462,AR-02-063,AR-02,2,Buenos Aires,63,LA PLATA,462,Circuito 462,1769,False,True,00462,La Plata,1658,False
AR-02-063-463,AR-02-063,AR-02,2,Buenos Aires,63,LA PLATA,463,Circuito 463,1051,False,True,00463,La Plata,999,False
AR-02-063-464,AR-02-063,AR-02,2,Buenos Aires,63,LA PLATA,464,Circuito 464,2243,False,True,00464,La Plata,2286,False
AR-02-063-465,AR-02-063,AR-02,2,Buenos Aires,63,LA PLATA,465,Circuito 465,1904,False,True,00465,La Plata,1956,False
AR-02-063-466,AR-02-063,AR-02,2,Buenos Aires,63,LA PLATA,466,Circuito 466,2193,False,True,00466,La Plata,2111,False
AR-02-063-467,AR-02-063,AR-02,2,Buenos Aires,63,LA PLATA,467,Circuito 467,2056,False,True,00467,La Plata,1897,False
AR-02-063-468,AR-02-063,AR-02,2,Buenos Aires,63,LA PLATA,468,Circuito 468,2109,False,True,00468,La Plata,1863,False
AR-02-063-469,AR-02-063,AR-02,2,Buenos Aires,63,LA PLATA,469,Circuito 469,2176,False,True,00469,La Plata,2085,False
AR-02-063-471,AR-02-063,AR-02,2,Buenos Aires,63,LA PLATA,471,Circuito 471,1899,False,True,00471,La Plata,1769,False
AR-02-063-472,AR-02-063,AR-02,2,Buenos Aires,63,LA PLATA,472,Circuito 472,1369,False,True,00472,La Plata,1279,False
AR-02-063-473,AR-02-063,AR-02,2,Buenos Aires,63,LA PLATA,473,Circuito 473,4447,False,True,00473,La Plata,4075,False
AR-02-063-474,AR-02-063,AR-02,2,Buenos Aires,63,LA PLATA,474,Circuito 474,5068,False,True,00474,La Plata,4830,False
AR-02-063-475,AR-02-063,AR-02,2,Buenos Aires,63,LA PLATA,475,Circuito 475,16242,False,True,00475,La Plata,15831,False
AR-02-063-476,AR-02-063,AR-02,2,Buenos Aires,63,LA PLATA,476,Circuito 476,2953,False,True,00476,La Plata,2861,False
AR-02-063-477,AR-02-063,AR-02,2,Buenos Aires,63,LA PLATA,477,Circuito 477,7093,False,True,00477,La Plata,6826,False
AR-02-063-480,AR-02-063,AR-02,2,Buenos Aires,63,LA PLATA,480,Circuito 480,2855,False,True,00480,La Plata,2652,False
AR-02-063-481,AR-02-063,AR-02,2,Buenos Aires,63,LA PLATA,481,Circuito 481,3235,False,True,00481,La Plata,3110,False
AR-02-063-482,AR-02-063,AR-02,2,Buenos Aires,63,LA PLATA,482,Circuito 482,2902,False,True,00482,La Plata,2771,False
AR-02-063-483,AR-02-063,AR-02,2,Buenos Aires,63,LA PLATA,483,Circuito 483,2748,False,True,00483,La Plata,2701,False
AR-02-063-484,AR-02-063,AR-02,2,Buenos Aires,63,LA PLATA,484,Circuito 484,2882,False,True,00484,La Plata,2697,False
AR-02-063-485,AR-02-063,AR-02,2,Buenos Aires,63,LA PLATA,485,Circuito 485,2457,False,True,00485,La Plata,2277,False
AR-02-063-486,AR-02-063,AR-02,2,Buenos Aires,63,LA PLATA,486,Circuito 486,2848,False,True,00486,La Plata,2773,False
AR-02-063-487,AR-02-063,AR-02,2,Buenos Aires,63,LA PLATA,487,Circuito 487,2438,False,True,00487,La Plata,2288,False
AR-02-063-488,AR-02-063,AR-02,2,Buenos Aires,63,LA PLATA,488,Circuito 488,3338,False,True,00488,La Plata,3203,False
AR-02-063-493,AR-02-063,AR-02,2,Buenos Aires,63,LA PLATA,493,Circuito 493,95,False,True,00493,La Plata,109,False
AR-02-063-495,AR-02-063,AR-02,2,Buenos Aires,63,LA PLATA,495,Circuito 495,26118,False,True,00495,La Plata,25297,False
AR-02-063-496,AR-02-063,AR-02,2,Buenos Aires,63,LA PLATA,496,Villa Elvira (Parte),29324,True,True,00496,La Plata,29388,False
AR-02-063-496A,AR-02-063,AR-02,2,Buenos Aires,63,LA PLATA,496A,Villa Elvira (Parte),11686,True,True,0496A,La Plata,13336,False
AR-02-063-496B,AR-02-063,AR-02,2,Buenos Aires,63,LA PLATA,496B,Villa Elvira (Parte),10740,True,True,0496B,La Plata,12961,False
AR-02-063-496C,AR-02-063,AR-02,2,Buenos Aires,63,LA PLATA,496C,San Lorenzo (Parte),12639,True,True,0496C,La Plata,14503,False
AR-02-063-496D,AR-02-063,AR-02,2,Buenos Aires,63,LA PLATA,496D,San Lorenzo (Parte),16253,True,True,0496D,La Plata,17903,False
AR-02-063-496E,AR-02-063,AR-02,2,Buenos Aires,63,LA PLATA,496E,Villa Elvira (Parte),3442,True,True,0496E,La Plata,5354,False
AR-02-063-496F,AR-02-063,AR-02,2,Buenos Aires,63,LA PLATA,496F,Villa Elvira (Parte),173,True,True,0496F,La Plata,275,False
AR-02-063-497,AR-02-063,AR-02,2,Buenos Aires,63,LA PLATA,497,Los Hornos (Parte),13993,True,True,00497,La Plata,13612,False
AR-02-063-497A,AR-02-063,AR-02,2,Buenos Aires,63,LA PLATA,497A,Circuito 497A,495,False,True,0497A,La Plata,739,False
AR-02-063-497B,AR-02-063,AR-02,2,Buenos Aires,63,LA PLATA,497B,Los Hornos (Parte),9061,True,True,0497B,La Plata,10283,False
AR-02-063-497C,AR-02-063,AR-02,2,Buenos Aires,63,LA PLATA,497C,Los Hornos (Parte),9005,True,True,0497C,La Plata,9833,False
AR-02-063-497D,AR-02-063,AR-02,2,Buenos Aires,63,LA PLATA,497D,Los Hornos (Parte),9743,True,True,0497D,La Plata,10558,False
AR-02-063-497E,AR-02-063,AR-02,2,Buenos Aires,63,LA PLATA,497E,Los Hornos (Parte),10116,True,True,0497E,La Plata,12087,False
AR-02-063-497F,AR-02-063,AR-02,2,Buenos Aires,63,LA PLATA,497F,-,3004,True,True,0497F,La Plata,3468,False
AR-02-063-498,AR-02-063,AR-02,2,Buenos Aires,63,LA PLATA,498,Circuito 498,965,False,True,00498,La Plata,1440,False
AR-02-063-501,AR-02-063,AR-02,2,Buenos Aires,63,LA PLATA,501,Circuito 501,45591,False,True,00501,La Plata,45582,False
AR-02-063-502,AR-02-063,AR-02,2,Buenos Aires,63,LA PLATA,502,Circuito 502,42953,False,True,00502,La Plata,43016,False
AR-02-063-503,AR-02-063,AR-02,2,Buenos Aires,63,LA PLATA,503,Circuito 503,4867,False,True,00503,La Plata,6390,False
AR-02-063-503A,AR-02-063,AR-02,2,Buenos Aires,63,LA PLATA,503A,Circuito 503A,7287,False,True,0503A,La Plata,9176,False
AR-02-063-504,AR-02-063,AR-02,2,Buenos Aires,63,LA PLATA,504,Circuito 504,32717,False,True,00504,La Plata,36320,False
AR-02-063-504A,AR-02-063,AR-02,2,Buenos Aires,63,LA PLATA,504A,Circuito 504A,24980,False,True,0504A,La Plata,27134,False
AR-02-063-505,AR-02-063,AR-02,2,Buenos Aires,63,LA PLATA,505,Villa Elisa (Parte),16052,True,True,00505,La Plata,16542,False
AR-02-063-505A,AR-02-063,AR-02,2,Buenos Aires,63,LA PLATA,505A,Circuito 505A,8635,False,True,0505A,La Plata,11216,False
AR-02-063-505B,AR-02-063,AR-02,2,Buenos Aires,63,LA PLATA,505B,Circuito 505B,2589,False,True,0505B,La Plata,3483,False
AR-02-063-508,AR-02-063,AR-02,2,Buenos Aires,63,LA PLATA,508,San Carlos (Parte),9482,True,True,00508,La Plata,11291,False
AR-02-063-508A,AR-02-063,AR-02,2,Buenos Aires,63,LA PLATA,508A,San Carlos (Parte),12328,True,True,0508A,La Plata,13081,False
AR-02-063-508B,AR-02-063,AR-02,2,Buenos Aires,63,LA PLATA,508B,Melchor Romero (Parte),6850,True,True,0508B,La Plata,8494,False
AR-02-063-508C,AR-02-063,AR-02,2,Buenos Aires,63,LA PLATA,508C,Circuito 508C,7544,False,True,0508C,La Plata,9091,False
AR-02-063-508D,AR-02-063,AR-02,2,Buenos Aires,63,LA PLATA,508D,Melchor Romero (Parte),8934,True,True,0508D,La Plata,11106,False
AR-02-063-508E,AR-02-063,AR-02,2,Buenos Aires,63,LA PLATA,508E,Circuito 508E,6499,False,True,0508E,La Plata,8358,False
AR-02-063-508F,AR-02-063,AR-02,2,Buenos Aires,63,LA PLATA,508F,Circuito 508F,2167,False,True,0508F,La Plata,2250,False
AR-02-063-508G,AR-02-063,AR-02,2,Buenos Aires,63,LA PLATA,508G,Abasto (Parte),518,True,True,0508G,La Plata,656,False
AR-02-063-509,AR-02-063,AR-02,2,Buenos Aires,63,LA PLATA,509,Abasto (Parte),5413,True,True,00509,La Plata,6910,False
AR-02-063-509A,AR-02-063,AR-02,2,Buenos Aires,63,LA PLATA,509A,Circuito 509A,7943,False,True,0509A,La Plata,9369,False
AR-02-063-516,AR-02-063,AR-02,2,Buenos Aires,63,LA PLATA,516,Circuito 516,2856,False,True,00516,La Plata,3174,False
AR-02-063-517,AR-02-063,AR-02,2,Buenos Aires,63,LA PLATA,517,Circuito 517,3725,False,True,00517,La Plata,3345,False
AR-02-063-518,AR-02-063,AR-02,2,Buenos Aires,63,LA PLATA,518,Circuito 518,2987,False,True,00518,La Plata,2728,False
AR-02-063-519,AR-02-063,AR-02,2,Buenos Aires,63,LA PLATA,519,Circuito 519,6227,False,True,00519,La Plata,5621,False
AR-02-063-520,AR-02-063,AR-02,2,Buenos Aires,63,LA PLATA,520,Circuito 520,8986,False,True,00520,La Plata,8346,False
AR-02-063-521,AR-02-063,AR-02,2,Buenos Aires,63,LA PLATA,521,Circuito 521,3873,False,True,00521,La Plata,3614,False
AR-02-064-524,AR-02-064,AR-02,2,Buenos Aires,64,LAPRIDA,524,Circuito 524,9001,False,True,00524,Laprida,9613,False
AR-02-064-525,AR-02-064,AR-02,2,Buenos Aires,64,LAPRIDA,525,Circuito 525,20,False,False,,,,False
AR-02-064-526,AR-02-064,AR-02,2,Buenos Aires,64,LAPRIDA,526,Circuito 526,21,False,False,,,,False
AR-02-064-527,AR-02-064,AR-02,2,Buenos Aires,64,LAPRIDA,527,Circuito 527,7,False,False,,,,False
AR-02-064-528,AR-02-064,AR-02,2,Buenos Aires,64,LAPRIDA,528,Circuito 528,266,False,True,00528,Laprida,270,False
AR-02-065-538,AR-02-065,AR-02,2,Buenos Aires,65,LAS FLORES,538,Circuito 538,20366,False,True,00538,Las Flores,21754,False
AR-02-065-539,AR-02-065,AR-02,2,Buenos Aires,65,LAS FLORES,539,Circuito 539,110,False,True,00539,Las Flores,91,False
AR-02-065-540,AR-02-065,AR-02,2,Buenos Aires,65,LAS FLORES,540,Circuito 540,107,False,True,00540,Las Flores,101,False
AR-02-065-541,AR-02-065,AR-02,2,Buenos Aires,65,LAS FLORES,541,Circuito 541,47,False,True,00541,Las Flores,49,False
AR-02-065-542,AR-02-065,AR-02,2,Buenos Aires,65,LAS FLORES,542,Circuito 542,48,False,True,00542,Las Flores,54,False
AR-02-065-543,AR-02-065,AR-02,2,Buenos Aires,65,LAS FLORES,543,Circuito 543,286,False,True,00543,Las Flores,249,False
AR-02-065-544,AR-02-065,AR-02,2,Buenos Aires,65,LAS FLORES,544,Circuito 544,37,False,True,00544,Las Flores,37,False
AR-02-065-545,AR-02-065,AR-02,2,Buenos Aires,65,LAS FLORES,545,Circuito 545,97,False,True,00545,Las Flores,96,False
AR-02-066-549,AR-02-066,AR-02,2,Buenos Aires,66,LEANDRO N. ALEM,549,Circuito 549,8368,False,True,00549,Leandro N. Alem,8846,False
AR-02-066-550,AR-02-066,AR-02,2,Buenos Aires,66,LEANDRO N. ALEM,550,Circuito 550,104,False,True,00550,Leandro N. Alem,97,False
AR-02-066-551,AR-02-066,AR-02,2,Buenos Aires,66,LEANDRO N. ALEM,551,Circuito 551,2401,False,True,00551,Leandro N. Alem,2358,False
AR-02-066-552,AR-02-066,AR-02,2,Buenos Aires,66,LEANDRO N. ALEM,552,Circuito 552,3470,False,True,00552,Leandro N. Alem,3507,False
AR-02-066-553,AR-02-066,AR-02,2,Buenos Aires,66,LEANDRO N. ALEM,553,Circuito 553,328,False,True,00553,Leandro N. Alem,314,False
AR-02-067-554,AR-02-067,AR-02,2,Buenos Aires,67,LINCOLN,554,Circuito 554,25902,False,True,00554,Lincoln,27973,False
AR-02-067-555,AR-02-067,AR-02,2,Buenos Aires,67,LINCOLN,555,Circuito 555,81,False,False,,,,False
AR-02-067-556,AR-02-067,AR-02,2,Buenos Aires,67,LINCOLN,556,Circuito 556,94,False,True,00556,Lincoln,80,False
AR-02-067-557,AR-02-067,AR-02,2,Buenos Aires,67,LINCOLN,557,Circuito 557,115,False,True,00557,Lincoln,80,False
AR-02-067-558,AR-02-067,AR-02,2,Buenos Aires,67,LINCOLN,558,Circuito 558,81,False,True,00558,Lincoln,60,False
AR-02-067-559,AR-02-067,AR-02,2,Buenos Aires,67,LINCOLN,559,Circuito 559,590,False,True,00559,Lincoln,606,False
AR-02-067-560,AR-02-067,AR-02,2,Buenos Aires,67,LINCOLN,560,Circuito 560,80,False,False,,,,False
AR-02-067-561,AR-02-067,AR-02,2,Buenos Aires,67,LINCOLN,561,Circuito 561,1396,False,True,00561,Lincoln,1527,False
AR-02-067-562,AR-02-067,AR-02,2,Buenos Aires,67,LINCOLN,562,Circuito 562,2839,False,True,00562,Lincoln,2930,False
AR-02-067-563,AR-02-067,AR-02,2,Buenos Aires,67,LINCOLN,563,Circuito 563,1686,False,True,00563,Lincoln,1648,False
AR-02-067-564,AR-02-067,AR-02,2,Buenos Aires,67,LINCOLN,564,Circuito 564,1046,False,True,00564,Lincoln,1040,False
AR-02-067-565,AR-02-067,AR-02,2,Buenos Aires,67,LINCOLN,565,Circuito 565,197,False,True,00565,Lincoln,190,False
AR-02-067-566,AR-02-067,AR-02,2,Buenos Aires,67,LINCOLN,566,Circuito 566,1880,False,True,00566,Lincoln,1853,False
AR-02-067-567,AR-02-067,AR-02,2,Buenos Aires,67,LINCOLN,567,Circuito 567,90,False,True,00567,Lincoln,83,False
AR-02-067-567A,AR-02-067,AR-02,2,Buenos Aires,67,LINCOLN,567A,Circuito 567A,462,False,True,0567A,Lincoln,421,False
AR-02-068-568,AR-02-068,AR-02,2,Buenos Aires,68,LOBERIA,568,Circuito 568,12106,False,True,00568,Lobería,12793,False
AR-02-068-568A,AR-02-068,AR-02,2,Buenos Aires,68,LOBERIA,568A,Circuito 568A,390,False,True,0568A,Lobería,413,False
AR-02-068-569,AR-02-068,AR-02,2,Buenos Aires,68,LOBERIA,569,Circuito 569,79,False,True,00569,Lobería,64,False
AR-02-068-569A,AR-02-068,AR-02,2,Buenos Aires,68,LOBERIA,569A,Circuito 569A,21,False,False,,,,False
AR-02-068-570,AR-02-068,AR-02,2,Buenos Aires,68,LOBERIA,570,Circuito 570,62,False,True,00570,Lobería,79,False
AR-02-068-571,AR-02-068,AR-02,2,Buenos Aires,68,LOBERIA,571,Circuito 571,15,False,False,,,,False
AR-02-068-572,AR-02-068,AR-02,2,Buenos Aires,68,LOBERIA,572,Circuito 572,1578,False,True,00572,Lobería,1576,False
AR-02-069-574,AR-02-069,AR-02,2,Buenos Aires,69,LOBOS,574,Circuito 574,23485,False,True,00574,Lobos,22397,False
AR-02-069-575,AR-02-069,AR-02,2,Buenos Aires,69,LOBOS,575,Circuito 575,4073,False,True,00575,Lobos,7547,False
AR-02-069-576,AR-02-069,AR-02,2,Buenos Aires,69,LOBOS,576,Circuito 576,373,False,True,00576,Lobos,317,False
AR-02-069-576A,AR-02-069,AR-02,2,Buenos Aires,69,LOBOS,576A,Circuito 576A,91,False,True,0576A,Lobos,144,False
AR-02-069-577,AR-02-069,AR-02,2,Buenos Aires,69,LOBOS,577,Circuito 577,633,False,True,00577,Lobos,536,False
AR-02-069-578,AR-02-069,AR-02,2,Buenos Aires,69,LOBOS,578,Circuito 578,933,False,True,00578,Lobos,1000,False
AR-02-069-579,AR-02-069,AR-02,2,Buenos Aires,69,LOBOS,579,Circuito 579,509,False,True,00579,Lobos,531,False
AR-02-069-580,AR-02-069,AR-02,2,Buenos Aires,69,LOBOS,580,Circuito 580,252,False,True,00580,Lobos,184,False
AR-02-069-581,AR-02-069,AR-02,2,Buenos Aires,69,LOBOS,581,Circuito 581,377,False,True,00581,Lobos,371,False
AR-02-070-583,AR-02-070,AR-02,2,Buenos Aires,70,LOMAS DE ZAMORA,583,Circuito 583,183307,False,True,00583,Lomas de Zamora,59018,False
AR-02-070-584,AR-02-070,AR-02,2,Buenos Aires,70,LOMAS DE ZAMORA,584,Banfield Oeste,19201,True,True,00584,Lomas de Zamora,19712,False
AR-02-070-585,AR-02-070,AR-02,2,Buenos Aires,70,LOMAS DE ZAMORA,585,Banfield Este,10266,True,True,00585,Lomas de Zamora,11555,False
AR-02-070-586,AR-02-070,AR-02,2,Buenos Aires,70,LOMAS DE ZAMORA,586,Lomas de Zamora Oeste,15790,True,True,00586,Lomas de Zamora,16998,False
AR-02-070-587,AR-02-070,AR-02,2,Buenos Aires,70,LOMAS DE ZAMORA,587,Circuito 587,90277,False,True,00587,Lomas de Zamora,96667,False
AR-02-070-588,AR-02-070,AR-02,2,Buenos Aires,70,LOMAS DE ZAMORA,588,Circuito 588,11097,False,True,00588,Lomas de Zamora,12567,False
AR-02-070-589,AR-02-070,AR-02,2,Buenos Aires,70,LOMAS DE ZAMORA,589,Circuito 589,20507,False,True,00589,Lomas de Zamora,22219,False
AR-02-070-590,AR-02-070,AR-02,2,Buenos Aires,70,LOMAS DE ZAMORA,590,Temperley Este,35910,True,True,00590,Lomas de Zamora,36765,False
AR-02-070-590A,AR-02-070,AR-02,2,Buenos Aires,70,LOMAS DE ZAMORA,590A,Temperley Este,42882,True,True,0590A,Lomas de Zamora,43700,False
AR-02-070-591,AR-02-070,AR-02,2,Buenos Aires,70,LOMAS DE ZAMORA,591,Circuito 591,15110,False,True,00591,Lomas de Zamora,15220,False
AR-02-070-592,AR-02-070,AR-02,2,Buenos Aires,70,LOMAS DE ZAMORA,592,Circuito 592,7003,False,True,00592,Lomas de Zamora,7089,False
AR-02-070-593,AR-02-070,AR-02,2,Buenos Aires,70,LOMAS DE ZAMORA,593,Llavallol Sur,21683,True,True,00593,Lomas de Zamora,21854,False
AR-02-070-593A,AR-02-070,AR-02,2,Buenos Aires,70,LOMAS DE ZAMORA,593A,Llavallol Norte,11538,True,True,0593A,Lomas de Zamora,11861,False
AR-02-071-596,AR-02-071,AR-02,2,Buenos Aires,71,LUJAN,596,Circuito 596,66199,False,True,00596,Luján,72125,False
AR-02-071-597,AR-02-071,AR-02,2,Buenos Aires,71,LUJAN,597,Circuito 597,284,False,True,00597,Luján,752,False
AR-02-071-598,AR-02-071,AR-02,2,Buenos Aires,71,LUJAN,598,Circuito 598,4470,False,True,00598,Luján,4044,False
AR-02-071-599,AR-02-071,AR-02,2,Buenos Aires,71,LUJAN,599,Circuito 599,6924,False,True,00599,Luján,7492,False
AR-02-071-600,AR-02-071,AR-02,2,Buenos Aires,71,LUJAN,600,Circuito 600,2469,False,True,00600,Luján,2331,False
AR-02-071-601,AR-02-071,AR-02,2,Buenos Aires,71,LUJAN,601,Circuito 601,816,False,True,00601,Luján,947,False
AR-02-071-602,AR-02-071,AR-02,2,Buenos Aires,71,LUJAN,602,Circuito 602,4788,False,True,00602,Luján,5775,False
AR-02-071-603,AR-02-071,AR-02,2,Buenos Aires,71,LUJAN,603,Circuito 603,1796,False,True,00603,Luján,2194,False
AR-02-072-604,AR-02-072,AR-02,2,Buenos Aires,72,MAGDALENA,604,Circuito 604,2723,False,True,00604,Magdalena,2770,False
AR-02-072-605,AR-02-072,AR-02,2,Buenos Aires,72,MAGDALENA,605,Circuito 605,789,False,True,00605,Magdalena,906,False
AR-02-072-606,AR-02-072,AR-02,2,Buenos Aires,72,MAGDALENA,606,Circuito 606,10458,False,True,00606,Magdalena,11390,False
AR-02-072-607,AR-02-072,AR-02,2,Buenos Aires,72,MAGDALENA,607,Circuito 607,96,False,True,00607,Magdalena,100,False
AR-02-072-608,AR-02-072,AR-02,2,Buenos Aires,72,MAGDALENA,608,Circuito 608,179,False,True,00608,Magdalena,170,False
AR-02-072-609,AR-02-072,AR-02,2,Buenos Aires,72,MAGDALENA,609,Circuito 609,371,False,True,00609,Magdalena,406,False
AR-02-072-610,AR-02-072,AR-02,2,Buenos Aires,72,MAGDALENA,610,Circuito 610,66,False,True,00610,Magdalena,43,False
AR-02-073-615,AR-02-073,AR-02,2,Buenos Aires,73,MAIPU,615,Circuito 615,9193,False,True,00615,Maipú,9565,False
AR-02-073-616,AR-02-073,AR-02,2,Buenos Aires,73,MAIPU,616,Circuito 616,482,False,True,00616,Maipú,514,False
AR-02-073-617,AR-02-073,AR-02,2,Buenos Aires,73,MAIPU,617,Circuito 617,142,False,True,00617,Maipú,134,False
AR-02-073-617A,AR-02-073,AR-02,2,Buenos Aires,73,MAIPU,617A,Circuito 617A,22,False,True,0617A,Maipú,26,False
AR-02-074-619,AR-02-074,AR-02,2,Buenos Aires,74,MAR CHIQUITA,619,Circuito 619,7564,False,True,00619,Mar Chiquita,8969,False
AR-02-074-620,AR-02-074,AR-02,2,Buenos Aires,74,MAR CHIQUITA,620,Circuito 620,2864,False,True,00620,Mar Chiquita,2954,False
AR-02-074-621,AR-02-074,AR-02,2,Buenos Aires,74,MAR CHIQUITA,621,Circuito 621,79,False,True,00621,Mar Chiquita,121,False
AR-02-074-621A,AR-02-074,AR-02,2,Buenos Aires,74,MAR CHIQUITA,621A,Circuito 621A,28,False,False,,,,False
AR-02-074-622,AR-02-074,AR-02,2,Buenos Aires,74,MAR CHIQUITA,622,Circuito 622,1320,False,True,00622,Mar Chiquita,1959,False
AR-02-074-622A,AR-02-074,AR-02,2,Buenos Aires,74,MAR CHIQUITA,622A,Circuito 622A,9514,False,True,0622A,Mar Chiquita,14587,False
AR-02-074-622B,AR-02-074,AR-02,2,Buenos Aires,74,MAR CHIQUITA,622B,Circuito 622B,1737,False,True,0622B,Mar Chiquita,2966,False
AR-02-075-624,AR-02-075,AR-02,2,Buenos Aires,75,MARCOS PAZ,624,Circuito 624,41989,False,True,00624,Marcos Paz,48157,False
AR-02-075-624A,AR-02-075,AR-02,2,Buenos Aires,75,MARCOS PAZ,624A,Circuito 624A,400,False,True,0624A,Marcos Paz,514,False
AR-02-076-638,AR-02-076,AR-02,2,Buenos Aires,76,MERCEDES,638,Mercedes (Parte),25128,True,True,00638,Mercedes,24627,False
AR-02-076-639,AR-02-076,AR-02,2,Buenos Aires,76,MERCEDES,639,Mercedes (Parte),5595,True,True,00639,Mercedes,7431,False
AR-02-076-640,AR-02-076,AR-02,2,Buenos Aires,76,MERCEDES,640,Mercedes (Parte),8398,True,True,00640,Mercedes,9715,False
AR-02-076-641,AR-02-076,AR-02,2,Buenos Aires,76,MERCEDES,641,Mercedes (Parte),2393,True,True,00641,Mercedes,2676,False
AR-02-076-642,AR-02-076,AR-02,2,Buenos Aires,76,MERCEDES,642,Mercedes (Parte),8240,True,True,00642,Mercedes,9664,False
AR-02-076-643,AR-02-076,AR-02,2,Buenos Aires,76,MERCEDES,643,Circuito 643,1785,False,True,00643,Mercedes,2541,False
AR-02-076-644,AR-02-076,AR-02,2,Buenos Aires,76,MERCEDES,644,Circuito 644,894,False,True,00644,Mercedes,816,False
AR-02-076-645,AR-02-076,AR-02,2,Buenos Aires,76,MERCEDES,645,Circuito 645,199,False,True,00645,Mercedes,176,False
AR-02-076-646,AR-02-076,AR-02,2,Buenos Aires,76,MERCEDES,646,Circuito 646,352,False,True,00646,Mercedes,269,False
AR-02-076-647,AR-02-076,AR-02,2,Buenos Aires,76,MERCEDES,647,Circuito 647,157,False,True,00647,Mercedes,124,False
AR-02-076-648,AR-02-076,AR-02,2,Buenos Aires,76,MERCEDES,648,Circuito 648,200,False,True,00648,Mercedes,209,False
AR-02-077-652,AR-02-077,AR-02,2,Buenos Aires,77,MERLO,652,Circuito 652,59943,False,True,00652,Merlo,61034,False
AR-02-077-652A,AR-02-077,AR-02,2,Buenos Aires,77,MERLO,652A,Circuito 652A,140661,False,True,0652A,Merlo,149391,False
AR-02-077-653,AR-02-077,AR-02,2,Buenos Aires,77,MERLO,653,Libertad (Parte),63469,True,True,00653,Merlo,66620,False
AR-02-077-654,AR-02-077,AR-02,2,Buenos Aires,77,MERLO,654,Circuito 654,30032,False,True,00654,Merlo,35625,False
AR-02-077-655,AR-02-077,AR-02,2,Buenos Aires,77,MERLO,655,Circuito 655,52187,False,True,00655,Merlo,53365,False
AR-02-077-655A,AR-02-077,AR-02,2,Buenos Aires,77,MERLO,655A,Circuito 655A,51388,False,True,0655A,Merlo,60382,False
AR-02-078-656,AR-02-078,AR-02,2,Buenos Aires,78,MONTE,656,Circuito 656,16655,False,True,00656,Monte,18757,False
AR-02-078-657,AR-02-078,AR-02,2,Buenos Aires,78,MONTE,657,Circuito 657,327,False,True,00657,Monte,329,False
AR-02-078-658,AR-02-078,AR-02,2,Buenos Aires,78,MONTE,658,Circuito 658,170,False,True,00658,Monte,152,False
AR-02-078-659,AR-02-078,AR-02,2,Buenos Aires,78,MONTE,659,Circuito 659,52,False,True,00659,Monte,44,False
AR-02-078-660,AR-02-078,AR-02,2,Buenos Aires,78,MONTE,660,Circuito 660,223,False,True,00660,Monte,227,False
AR-02-078-661,AR-02-078,AR-02,2,Buenos Aires,78,MONTE,661,Circuito 661,679,False,True,00661,Monte,726,False
AR-02-078-662,AR-02-078,AR-02,2,Buenos Aires,78,MONTE,662,Circuito 662,36,False,False,,,,False
AR-02-079-663,AR-02-079,AR-02,2,Buenos Aires,79,MORENO,663,Circuito 663,39799,False,True,00663,Moreno,41913,False
AR-02-079-663A,AR-02-079,AR-02,2,Buenos Aires,79,MORENO,663A,Circuito 663A,47832,False,True,0663A,Moreno,51060,False
AR-02-079-663B,AR-02-079,AR-02,2,Buenos Aires,79,MORENO,663B,Moreno,54209,True,True,0663B,Moreno,59210,False
AR-02-079-663C,AR-02-079,AR-02,2,Buenos Aires,79,MORENO,663C,Circuito 663C,81487,False,True,0663C,Moreno,86384,False
AR-02-079-663D,AR-02-079,AR-02,2,Buenos Aires,79,MORENO,663D,Cuartel V,29491,True,True,0663D,Moreno,33744,False
AR-02-079-664,AR-02-079,AR-02,2,Buenos Aires,79,MORENO,664,Francisco Alvarez,22723,True,True,00664,Moreno,27244,False
AR-02-079-664A,AR-02-079,AR-02,2,Buenos Aires,79,MORENO,664A,Circuito 664A,26969,False,True,0664A,Moreno,30887,False
AR-02-079-664B,AR-02-079,AR-02,2,Buenos Aires,79,MORENO,664B,Circuito 664B,28269,False,True,0664B,Moreno,32337,False
AR-02-080-665,AR-02-080,AR-02,2,Buenos Aires,80,MORON,665,Circuito 665,100841,False,True,00665,Morón,105153,False
AR-02-080-669,AR-02-080,AR-02,2,Buenos Aires,80,MORON,669,Circuito 669,35304,False,True,00669,Morón,35875,False
AR-02-080-670,AR-02-080,AR-02,2,Buenos Aires,80,MORON,670,Circuito 670,12005,False,True,00670,Morón,11942,False
AR-02-080-671,AR-02-080,AR-02,2,Buenos Aires,80,MORON,671,Circuito 671,44462,False,True,00671,Morón,45488,False
AR-02-080-672,AR-02-080,AR-02,2,Buenos Aires,80,MORON,672,Circuito 672,34753,False,True,00672,Morón,36211,False
AR-02-080-673,AR-02-080,AR-02,2,Buenos Aires,80,MORON,673,Circuito 673,40584,False,True,00673,Morón,43226,False
AR-02-081-675,AR-02-081,AR-02,2,Buenos Aires,81,NAVARRO,675,Circuito 675,11644,False,True,00675,Navarro,13537,False
AR-02-081-676,AR-02-081,AR-02,2,Buenos Aires,81,NAVARRO,676,Circuito 676,590,False,True,00676,Navarro,238,False
AR-02-081-677,AR-02-081,AR-02,2,Buenos Aires,81,NAVARRO,677,Circuito 677,167,False,True,00677,Navarro,127,False
AR-02-081-678,AR-02-081,AR-02,2,Buenos Aires,81,NAVARRO,678,Circuito 678,226,False,True,00678,Navarro,178,False
AR-02-081-679,AR-02-081,AR-02,2,Buenos Aires,81,NAVARRO,679,Circuito 679,107,False,True,00679,Navarro,90,False
AR-02-081-680,AR-02-081,AR-02,2,Buenos Aires,81,NAVARRO,680,Circuito 680,170,False,True,00680,Navarro,123,False
AR-02-081-681,AR-02-081,AR-02,2,Buenos Aires,81,NAVARRO,681,Circuito 681,688,False,True,00681,Navarro,632,False
AR-02-081-681A,AR-02-081,AR-02,2,Buenos Aires,81,NAVARRO,681A,Circuito 681A,214,False,True,0681A,Navarro,200,False
AR-02-081-682,AR-02-081,AR-02,2,Buenos Aires,81,NAVARRO,682,Circuito 682,95,False,True,00682,Navarro,77,False
AR-02-081-683,AR-02-081,AR-02,2,Buenos Aires,81,NAVARRO,683,Circuito 683,468,False,True,00683,Navarro,468,False
AR-02-082-686,AR-02-082,AR-02,2,Buenos Aires,82,NECOCHEA,686,Circuito 686,61721,False,True,00686,Necochea,65162,False
AR-02-082-686A,AR-02-082,AR-02,2,Buenos Aires,82,NECOCHEA,686A,Circuito 686A,14689,False,True,0686A,Necochea,15906,False
AR-02-082-687,AR-02-082,AR-02,2,Buenos Aires,82,NECOCHEA,687,Circuito 687,2018,False,True,00687,Necochea,1945,False
AR-02-082-688,AR-02-082,AR-02,2,Buenos Aires,82,NECOCHEA,688,Circuito 688,592,False,True,00688,Necochea,550,False
AR-02-082-689,AR-02-082,AR-02,2,Buenos Aires,82,NECOCHEA,689,Circuito 689,18,False,False,,,,False
AR-02-082-691,AR-02-082,AR-02,2,Buenos Aires,82,NECOCHEA,691,Circuito 691,2700,False,True,00691,Necochea,2656,False
AR-02-082-691A,AR-02-082,AR-02,2,Buenos Aires,82,NECOCHEA,691A,Circuito 691A,13,False,False,,,,False
AR-02-082-692,AR-02-082,AR-02,2,Buenos Aires,82,NECOCHEA,692,Circuito 692,573,False,True,00692,Necochea,576,False
AR-02-083-696,AR-02-083,AR-02,2,Buenos Aires,83,NUEVE DE JULIO,696,Circuito 696,32906,False,True,00696,9 de Julio,35170,False
AR-02-083-697,AR-02-083,AR-02,2,Buenos Aires,83,NUEVE DE JULIO,697,Circuito 697,149,False,True,00697,9 de Julio,131,False
AR-02-083-698,AR-02-083,AR-02,2,Buenos Aires,83,NUEVE DE JULIO,698,Circuito 698,674,False,True,00698,9 de Julio,753,False
AR-02-083-699,AR-02-083,AR-02,2,Buenos Aires,83,NUEVE DE JULIO,699,Circuito 699,824,False,True,00699,9 de Julio,762,False
AR-02-083-700,AR-02-083,AR-02,2,Buenos Aires,83,NUEVE DE JULIO,700,Circuito 700,557,False,True,00700,9 de Julio,516,False
AR-02-083-701,AR-02-083,AR-02,2,Buenos Aires,83,NUEVE DE JULIO,701,Circuito 701,544,False,True,00701,9 de Julio,503,False
AR-02-083-701A,AR-02-083,AR-02,2,Buenos Aires,83,NUEVE DE JULIO,701A,Circuito 701A,22,False,False,,,,False
AR-02-083-703,AR-02-083,AR-02,2,Buenos Aires,83,NUEVE DE JULIO,703,Circuito 703,1806,False,True,00703,9 de Julio,1757,False
AR-02-083-704,AR-02-083,AR-02,2,Buenos Aires,83,NUEVE DE JULIO,704,Circuito 704,47,False,True,00704,9 de Julio,57,False
AR-02-083-705,AR-02-083,AR-02,2,Buenos Aires,83,NUEVE DE JULIO,705,Circuito 705,56,False,True,00705,9 de Julio,50,False
AR-02-083-705A,AR-02-083,AR-02,2,Buenos Aires,83,NUEVE DE JULIO,705A,Circuito 705A,383,False,True,0705A,9 de Julio,529,False
AR-02-083-706,AR-02-083,AR-02,2,Buenos Aires,83,NUEVE DE JULIO,706,Circuito 706,2330,False,True,00706,9 de Julio,2312,False
AR-02-083-707,AR-02-083,AR-02,2,Buenos Aires,83,NUEVE DE JULIO,707,Circuito 707,348,False,True,00707,9 de Julio,352,False
AR-02-083-708,AR-02-083,AR-02,2,Buenos Aires,83,NUEVE DE JULIO,708,Circuito 708,71,False,True,00708,9 de Julio,45,False
AR-02-083-709,AR-02-083,AR-02,2,Buenos Aires,83,NUEVE DE JULIO,709,Circuito 709,273,False,True,00709,9 de Julio,271,False
AR-02-084-711,AR-02-084,AR-02,2,Buenos Aires,84,OLAVARRIA,711,Olavarria,12726,True,True,00711,Olavarría,12528,False
AR-02-084-711A,AR-02-084,AR-02,2,Buenos Aires,84,OLAVARRIA,711A,Olavarria,7649,True,True,0711A,Olavarría,7589,False
AR-02-084-711B,AR-02-084,AR-02,2,Buenos Aires,84,OLAVARRIA,711B,Olavarria,9064,True,True,0711B,Olavarría,9726,False
AR-02-084-711C,AR-02-084,AR-02,2,Buenos Aires,84,OLAVARRIA,711C,Olavarria,14302,True,True,0711C,Olavarría,15441,False
AR-02-084-711D,AR-02-084,AR-02,2,Buenos Aires,84,OLAVARRIA,711D,Olavarria,19214,True,True,0711D,Olavarría,20607,False
AR-02-084-711E,AR-02-084,AR-02,2,Buenos Aires,84,OLAVARRIA,711E,Olavarria,15663,True,True,0711E,Olavarría,16601,False
AR-02-084-712,AR-02-084,AR-02,2,Buenos Aires,84,OLAVARRIA,712,Circuito 712,199,False,True,00712,Olavarría,225,False
AR-02-084-713,AR-02-084,AR-02,2,Buenos Aires,84,OLAVARRIA,713,Circuito 713,9,False,False,,,,False
AR-02-084-714,AR-02-084,AR-02,2,Buenos Aires,84,OLAVARRIA,714,Circuito 714,1023,False,True,00714,Olavarría,1159,False
AR-02-084-715,AR-02-084,AR-02,2,Buenos Aires,84,OLAVARRIA,715,Hinojo,3527,True,True,00715,Olavarría,3640,False
AR-02-084-716,AR-02-084,AR-02,2,Buenos Aires,84,OLAVARRIA,716,Sierra Chica,2261,True,True,00716,Olavarría,2357,False
AR-02-084-717,AR-02-084,AR-02,2,Buenos Aires,84,OLAVARRIA,717,Sierras Bayas,3482,True,True,00717,Olavarría,3414,False
AR-02-084-718,AR-02-084,AR-02,2,Buenos Aires,84,OLAVARRIA,718,Circuito 718,536,False,True,00718,Olavarría,546,False
AR-02-084-718A,AR-02-084,AR-02,2,Buenos Aires,84,OLAVARRIA,718A,Colonia Nievas,40,True,True,0718A,Olavarría,31,False
AR-02-084-719,AR-02-084,AR-02,2,Buenos Aires,84,OLAVARRIA,719,Circuito 719,3311,False,True,00719,Olavarría,3329,False
AR-02-084-719A,AR-02-084,AR-02,2,Buenos Aires,84,OLAVARRIA,719A,Circuito 719A,37,False,True,0719A,Olavarría,26,False
AR-02-084-720,AR-02-084,AR-02,2,Buenos Aires,84,OLAVARRIA,720,Circuito 720,139,False,True,00720,Olavarría,120,False
AR-02-084-721,AR-02-084,AR-02,2,Buenos Aires,84,OLAVARRIA,721,Circuito 721,36,False,False,,,,False
AR-02-084-722,AR-02-084,AR-02,2,Buenos Aires,84,OLAVARRIA,722,Circuito 722,13,False,False,,,,False
AR-02-084-723,AR-02-084,AR-02,2,Buenos Aires,84,OLAVARRIA,723,Recalde,292,True,True,00723,Olavarría,287,False
AR-02-084-723A,AR-02-084,AR-02,2,Buenos Aires,84,OLAVARRIA,723A,Blanca Grande,118,True,True,0723A,Olavarría,105,False
AR-02-084-724,AR-02-084,AR-02,2,Buenos Aires,84,OLAVARRIA,724,Circuito 724,17,False,False,,,,False
AR-02-084-725,AR-02-084,AR-02,2,Buenos Aires,84,OLAVARRIA,725,Espigas,570,True,True,00725,Olavarría,508,False
AR-02-084-726,AR-02-084,AR-02,2,Buenos Aires,84,OLAVARRIA,726,Circuito 726,14,False,False,,,,False
AR-02-085-734,AR-02-085,AR-02,2,Buenos Aires,85,PEHUAJO,734,Circuito 734,28410,False,True,00734,Pehuajó,30111,False
AR-02-085-734A,AR-02-085,AR-02,2,Buenos Aires,85,PEHUAJO,734A,Circuito 734A,136,False,True,0734A,Pehuajó,126,False
AR-02-085-735,AR-02-085,AR-02,2,Buenos Aires,85,PEHUAJO,735,Circuito 735,231,False,True,00735,Pehuajó,248,False
AR-02-085-736,AR-02-085,AR-02,2,Buenos Aires,85,PEHUAJO,736,Circuito 736,236,False,True,00736,Pehuajó,233,False
AR-02-085-738,AR-02-085,AR-02,2,Buenos Aires,85,PEHUAJO,738,Circuito 738,1366,False,True,00738,Pehuajó,1417,False
AR-02-085-738A,AR-02-085,AR-02,2,Buenos Aires,85,PEHUAJO,738A,Circuito 738A,27,False,False,,,,False
AR-02-085-739,AR-02-085,AR-02,2,Buenos Aires,85,PEHUAJO,739,Circuito 739,1961,False,True,00739,Pehuajó,1868,False
AR-02-085-740,AR-02-085,AR-02,2,Buenos Aires,85,PEHUAJO,740,Circuito 740,301,False,True,00740,Pehuajó,346,False
AR-02-085-741,AR-02-085,AR-02,2,Buenos Aires,85,PEHUAJO,741,Circuito 741,1675,False,True,00741,Pehuajó,1674,False
AR-02-086-743,AR-02-086,AR-02,2,Buenos Aires,86,PELLEGRINI,743,Circuito 743,5100,False,True,00743,Pellegrini,5273,False
AR-02-087-747,AR-02-087,AR-02,2,Buenos Aires,87,PERGAMINO,747,Circuito 747,164,False,True,00747,Pergamino,191,False
AR-02-087-747A,AR-02-087,AR-02,2,Buenos Aires,87,PERGAMINO,747A,Circuito 747A,294,False,True,0747A,Pergamino,306,False
AR-02-087-748,AR-02-087,AR-02,2,Buenos Aires,87,PERGAMINO,748,Circuito 748,16439,False,True,00748,Pergamino,15373,False
AR-02-087-748A,AR-02-087,AR-02,2,Buenos Aires,87,PERGAMINO,748A,Circuito 748A,17457,False,True,0748A,Pergamino,17651,False
AR-02-087-748B,AR-02-087,AR-02,2,Buenos Aires,87,PERGAMINO,748B,Circuito 748B,15612,False,True,0748B,Pergamino,16207,False
AR-02-087-748C,AR-02-087,AR-02,2,Buenos Aires,87,PERGAMINO,748C,Circuito 748C,15000,False,True,0748C,Pergamino,16337,False
AR-02-087-748D,AR-02-087,AR-02,2,Buenos Aires,87,PERGAMINO,748D,Circuito 748D,15369,False,True,0748D,Pergamino,16944,False
AR-02-087-748E,AR-02-087,AR-02,2,Buenos Aires,87,PERGAMINO,748E,Circuito 748E,89,False,True,0748E,Pergamino,105,False
AR-02-087-749,AR-02-087,AR-02,2,Buenos Aires,87,PERGAMINO,749,Circuito 749,1093,False,True,00749,Pergamino,1114,False
AR-02-087-750,AR-02-087,AR-02,2,Buenos Aires,87,PERGAMINO,750,Circuito 750,47,False,True,00750,Pergamino,58,False
AR-02-087-751,AR-02-087,AR-02,2,Buenos Aires,87,PERGAMINO,751,Circuito 751,1478,False,True,00751,Pergamino,1478,False
AR-02-087-752,AR-02-087,AR-02,2,Buenos Aires,87,PERGAMINO,752,Circuito 752,195,False,True,00752,Pergamino,183,False
AR-02-087-753,AR-02-087,AR-02,2,Buenos Aires,87,PERGAMINO,753,Circuito 753,1220,False,True,00753,Pergamino,1198,False
AR-02-087-753A,AR-02-087,AR-02,2,Buenos Aires,87,PERGAMINO,753A,Circuito 753A,26,False,False,,,,False
AR-02-087-754,AR-02-087,AR-02,2,Buenos Aires,87,PERGAMINO,754,Circuito 754,463,False,True,00754,Pergamino,461,False
AR-02-087-754A,AR-02-087,AR-02,2,Buenos Aires,87,PERGAMINO,754A,Circuito 754A,940,False,True,0754A,Pergamino,918,False
AR-02-087-755,AR-02-087,AR-02,2,Buenos Aires,87,PERGAMINO,755,Circuito 755,783,False,True,00755,Pergamino,797,False
AR-02-087-756,AR-02-087,AR-02,2,Buenos Aires,87,PERGAMINO,756,Circuito 756,998,False,True,00756,Pergamino,1030,False
AR-02-087-757,AR-02-087,AR-02,2,Buenos Aires,87,PERGAMINO,757,Circuito 757,19,False,True,00757,Pergamino,13,False
AR-02-087-758,AR-02-087,AR-02,2,Buenos Aires,87,PERGAMINO,758,Circuito 758,740,False,True,00758,Pergamino,643,False
AR-02-087-759,AR-02-087,AR-02,2,Buenos Aires,87,PERGAMINO,759,Circuito 759,838,False,True,00759,Pergamino,846,False
AR-02-088-765,AR-02-088,AR-02,2,Buenos Aires,88,PILA,765,Circuito 765,2904,False,True,00765,Pila,3413,False
AR-02-088-765A,AR-02-088,AR-02,2,Buenos Aires,88,PILA,765A,Circuito 765A,43,False,False,,,,False
AR-02-088-766,AR-02-088,AR-02,2,Buenos Aires,88,PILA,766,Circuito 766,164,False,True,00766,Pila,205,False
AR-02-089-768,AR-02-089,AR-02,2,Buenos Aires,89,PILAR,768,Circuito 768,71148,False,True,00768,Pilar,23823,False
AR-02-089-769,AR-02-089,AR-02,2,Buenos Aires,89,PILAR,769,Circuito 769,8969,False,True,00769,Pilar,6523,False
AR-02-089-770,AR-02-089,AR-02,2,Buenos Aires,89,PILAR,770,Circuito 770,39690,False,True,00770,Pilar,4278,False
AR-02-089-770A,AR-02-089,AR-02,2,Buenos Aires,89,PILAR,770A,Circuito 770A,10807,False,True,0770A,Pilar,2924,False
AR-02-089-771,AR-02-089,AR-02,2,Buenos Aires,89,PILAR,771,Circuito 771,70131,False,True,00771,Pilar,14792,False
AR-02-089-772,AR-02-089,AR-02,2,Buenos Aires,89,PILAR,772,Circuito 772,27985,False,True,00772,Pilar,16232,False
AR-02-090-339,AR-02-090,AR-02,2,Buenos Aires,90,PINAMAR,339,Circuito 339,11914,False,True,00339,Pinamar,13268,False
AR-02-090-339A,AR-02-090,AR-02,2,Buenos Aires,90,PINAMAR,339A,.,8414,True,True,0339A,Pinamar,11711,False
AR-02-090-339B,AR-02-090,AR-02,2,Buenos Aires,90,PINAMAR,339B,.,3512,True,True,0339B,Pinamar,4571,False
AR-02-090-339C,AR-02-090,AR-02,2,Buenos Aires,90,PINAMAR,339C,.,517,True,True,0339C,Pinamar,713,False
AR-02-091-776,AR-02-091,AR-02,2,Buenos Aires,91,PUAN,776,Circuito 776,4732,False,True,00776,Puan,4811,False
AR-02-091-777,AR-02-091,AR-02,2,Buenos Aires,91,PUAN,777,Circuito 777,961,False,True,00777,Puan,953,False
AR-02-091-777A,AR-02-091,AR-02,2,Buenos Aires,91,PUAN,777A,Circuito 777A,144,False,True,0777A,Puan,150,False
AR-02-091-778,AR-02-091,AR-02,2,Buenos Aires,91,PUAN,778,Circuito 778,5277,False,True,00778,Puan,5333,False
AR-02-091-779,AR-02-091,AR-02,2,Buenos Aires,91,PUAN,779,Circuito 779,456,False,True,00779,Puan,458,False
AR-02-091-780,AR-02-091,AR-02,2,Buenos Aires,91,PUAN,780,Circuito 780,1892,False,True,00780,Puan,1828,False
AR-02-091-781,AR-02-091,AR-02,2,Buenos Aires,91,PUAN,781,Circuito 781,179,False,True,00781,Puan,164,False
AR-02-091-782,AR-02-091,AR-02,2,Buenos Aires,91,PUAN,782,Circuito 782,695,False,True,00782,Puan,668,False
AR-02-092-783,AR-02-092,AR-02,2,Buenos Aires,92,QUILMES,783,Quilmes,18870,True,True,00783,Quilmes,20160,False
AR-02-092-783A,AR-02-092,AR-02,2,Buenos Aires,92,QUILMES,783A,Quilmes,13802,True,True,0783A,Quilmes,18202,False
AR-02-092-784,AR-02-092,AR-02,2,Buenos Aires,92,QUILMES,784,Quilmes,23567,True,True,00784,Quilmes,25002,False
AR-02-092-785,AR-02-092,AR-02,2,Buenos Aires,92,QUILMES,785,Quilmes,37609,True,True,00785,Quilmes,39982,False
AR-02-092-785A,AR-02-092,AR-02,2,Buenos Aires,92,QUILMES,785A,Quilmes Oeste,21407,True,True,0785A,Quilmes,22834,False
AR-02-092-785B,AR-02-092,AR-02,2,Buenos Aires,92,QUILMES,785B,Quilmes Oeste,42395,True,True,0785B,Quilmes,41888,False
AR-02-092-786,AR-02-092,AR-02,2,Buenos Aires,92,QUILMES,786,Circuito 786,19561,False,True,00786,Quilmes,19273,False
AR-02-092-786A,AR-02-092,AR-02,2,Buenos Aires,92,QUILMES,786A,Bernal Oeste,15427,True,True,0786A,Quilmes,15024,False
AR-02-092-787,AR-02-092,AR-02,2,Buenos Aires,92,QUILMES,787,Bernal,14532,True,True,00787,Quilmes,17056,False
AR-02-092-787A,AR-02-092,AR-02,2,Buenos Aires,92,QUILMES,787A,Circuito 787A,25735,False,True,0787A,Quilmes,26491,False
AR-02-092-788,AR-02-092,AR-02,2,Buenos Aires,92,QUILMES,788,Bernal Oeste,32068,True,True,00788,Quilmes,33154,False
AR-02-092-788A,AR-02-092,AR-02,2,Buenos Aires,92,QUILMES,788A,San Francisco Solano,51283,True,True,0788A,Quilmes,55952,False
AR-02-092-788B,AR-02-092,AR-02,2,Buenos Aires,92,QUILMES,788B,Circuito 788B,28427,False,True,0788B,Quilmes,29589,False
AR-02-092-788C,AR-02-092,AR-02,2,Buenos Aires,92,QUILMES,788C,Quilmes Oeste,31668,True,True,0788C,Quilmes,32877,False
AR-02-092-791,AR-02-092,AR-02,2,Buenos Aires,92,QUILMES,791,Ezpeleta,20123,True,True,00791,Quilmes,21358,False
AR-02-092-791A,AR-02-092,AR-02,2,Buenos Aires,92,QUILMES,791A,Circuito 791A,27762,False,True,0791A,Quilmes,31032,False
AR-02-092-791B,AR-02-092,AR-02,2,Buenos Aires,92,QUILMES,791B,Circuito 791B,27293,False,True,0791B,Quilmes,26629,False
AR-02-093-797,AR-02-093,AR-02,2,Buenos Aires,93,RAMALLO,797,Circuito 797,11971,False,True,00797,Ramallo,12965,False
AR-02-093-798,AR-02-093,AR-02,2,Buenos Aires,93,RAMALLO,798,Circuito 798,9956,False,True,00798,Ramallo,11013,False
AR-02-093-800,AR-02-093,AR-02,2,Buenos Aires,93,RAMALLO,800,Circuito 800,1417,False,True,00800,Ramallo,1933,False
AR-02-093-801,AR-02-093,AR-02,2,Buenos Aires,93,RAMALLO,801,Circuito 801,78,False,True,00801,Ramallo,64,False
AR-02-093-802,AR-02-093,AR-02,2,Buenos Aires,93,RAMALLO,802,Circuito 802,19,False,False,,,,False
AR-02-093-803,AR-02-093,AR-02,2,Buenos Aires,93,RAMALLO,803,Circuito 803,3868,False,True,00803,Ramallo,4366,False
AR-02-093-804,AR-02-093,AR-02,2,Buenos Aires,93,RAMALLO,804,Circuito 804,592,False,True,00804,Ramallo,626,False
AR-02-094-806,AR-02-094,AR-02,2,Buenos Aires,94,RAUCH,806,Circuito 806,13024,False,True,00806,Rauch,13681,False
AR-02-094-807,AR-02-094,AR-02,2,Buenos Aires,94,RAUCH,807,Circuito 807,36,False,True,00807,Rauch,30,False
AR-02-094-808,AR-02-094,AR-02,2,Buenos Aires,94,RAUCH,808,Circuito 808,60,False,True,00808,Rauch,36,False
AR-02-094-809,AR-02-094,AR-02,2,Buenos Aires,94,RAUCH,809,Circuito 809,11,False,False,,,,False
AR-02-094-810,AR-02-094,AR-02,2,Buenos Aires,94,RAUCH,810,Circuito 810,63,False,True,00810,Rauch,48,False
AR-02-094-811,AR-02-094,AR-02,2,Buenos Aires,94,RAUCH,811,Circuito 811,126,False,True,00811,Rauch,117,False
AR-02-094-812,AR-02-094,AR-02,2,Buenos Aires,94,RAUCH,812,Circuito 812,38,False,True,00812,Rauch,32,False
AR-02-094-813,AR-02-094,AR-02,2,Buenos Aires,94,RAUCH,813,Circuito 813,137,False,True,00813,Rauch,110,False
AR-02-095-815,AR-02-095,AR-02,2,Buenos Aires,95,RIVADAVIA,815,Circuito 815,10707,False,True,00815,Rivadavia,11531,False
AR-02-095-816,AR-02-095,AR-02,2,Buenos Aires,95,RIVADAVIA,816,Circuito 816,445,False,True,00816,Rivadavia,479,False
AR-02-095-817,AR-02-095,AR-02,2,Buenos Aires,95,RIVADAVIA,817,Circuito 817,1220,False,True,00817,Rivadavia,1295,False
AR-02-095-818,AR-02-095,AR-02,2,Buenos Aires,95,RIVADAVIA,818,Circuito 818,39,False,True,00818,Rivadavia,42,False
AR-02-095-819,AR-02-095,AR-02,2,Buenos Aires,95,RIVADAVIA,819,Circuito 819,279,False,True,00819,Rivadavia,237,False
AR-02-095-820,AR-02-095,AR-02,2,Buenos Aires,95,RIVADAVIA,820,Circuito 820,1171,False,True,00820,Rivadavia,1166,False
AR-02-095-821,AR-02-095,AR-02,2,Buenos Aires,95,RIVADAVIA,821,Circuito 821,24,False,False,,,,False
AR-02-096-823,AR-02-096,AR-02,2,Buenos Aires,96,ROJAS,823,Circuito 823,17745,False,True,00823,Rojas,18653,False
AR-02-096-824,AR-02-096,AR-02,2,Buenos Aires,96,ROJAS,824,Circuito 824,67,False,True,00824,Rojas,61,False
AR-02-096-825,AR-02-096,AR-02,2,Buenos Aires,96,ROJAS,825,Circuito 825,123,False,True,00825,Rojas,98,False
AR-02-096-826,AR-02-096,AR-02,2,Buenos Aires,96,ROJAS,826,Circuito 826,140,False,True,00826,Rojas,131,False
AR-02-096-827,AR-02-096,AR-02,2,Buenos Aires,96,ROJAS,827,Circuito 827,934,False,True,00827,Rojas,867,False
AR-02-096-828,AR-02-096,AR-02,2,Buenos Aires,96,ROJAS,828,Circuito 828,62,False,True,00828,Rojas,60,False
AR-02-096-829,AR-02-096,AR-02,2,Buenos Aires,96,ROJAS,829,Circuito 829,51,False,True,00829,Rojas,46,False
AR-02-096-830,AR-02-096,AR-02,2,Buenos Aires,96,ROJAS,830,Circuito 830,1104,False,True,00830,Rojas,1077,False
AR-02-097-832,AR-02-097,AR-02,2,Buenos Aires,97,ROQUE PEREZ,832,Circuito 832,9343,False,True,00832,Roque Pérez,10426,False
AR-02-097-833,AR-02-097,AR-02,2,Buenos Aires,97,ROQUE PEREZ,833,Circuito 833,245,False,True,00833,Roque Pérez,258,False
AR-02-097-834,AR-02-097,AR-02,2,Buenos Aires,97,ROQUE PEREZ,834,Circuito 834,292,False,True,00834,Roque Pérez,224,False
AR-02-097-835,AR-02-097,AR-02,2,Buenos Aires,97,ROQUE PEREZ,835,Circuito 835,174,False,True,00835,Roque Pérez,148,False
AR-02-097-836,AR-02-097,AR-02,2,Buenos Aires,97,ROQUE PEREZ,836,Circuito 836,372,False,True,00836,Roque Pérez,392,False
AR-02-097-837,AR-02-097,AR-02,2,Buenos Aires,97,ROQUE PEREZ,837,Circuito 837,123,False,False,,,,False
AR-02-098-839,AR-02-098,AR-02,2,Buenos Aires,98,SAAVEDRA,839,Circuito 839,2155,False,True,00839,Saavedra,2088,False
AR-02-098-840,AR-02-098,AR-02,2,Buenos Aires,98,SAAVEDRA,840,Circuito 840,13733,False,True,00840,Saavedra,14037,False
AR-02-098-841,AR-02-098,AR-02,2,Buenos Aires,98,SAAVEDRA,841,Circuito 841,515,False,True,00841,Saavedra,534,False
AR-02-098-842,AR-02-098,AR-02,2,Buenos Aires,98,SAAVEDRA,842,Circuito 842,860,False,True,00842,Saavedra,833,False
AR-02-098-843,AR-02-098,AR-02,2,Buenos Aires,98,SAAVEDRA,843,Circuito 843,508,False,True,00843,Saavedra,499,False
AR-02-098-844,AR-02-098,AR-02,2,Buenos Aires,98,SAAVEDRA,844,Circuito 844,279,False,True,00844,Saavedra,256,False
AR-02-099-846,AR-02-099,AR-02,2,Buenos Aires,99,SALADILLO,846,Circuito 846,24634,False,True,00846,Saladillo,26184,False
AR-02-099-847,AR-02-099,AR-02,2,Buenos Aires,99,SALADILLO,847,Circuito 847,356,False,True,00847,Saladillo,366,False
AR-02-099-848,AR-02-099,AR-02,2,Buenos Aires,99,SALADILLO,848,Circuito 848,95,False,True,00848,Saladillo,94,False
AR-02-099-849,AR-02-099,AR-02,2,Buenos Aires,99,SALADILLO,849,Circuito 849,1210,False,True,00849,Saladillo,1236,False
AR-02-099-849A,AR-02-099,AR-02,2,Buenos Aires,99,SALADILLO,849A,Circuito 849A,511,False,True,0849A,Saladillo,484,False
AR-02-099-850,AR-02-099,AR-02,2,Buenos Aires,99,SALADILLO,850,Circuito 850,400,False,True,00850,Saladillo,397,False
AR-02-099-851,AR-02-099,AR-02,2,Buenos Aires,99,SALADILLO,851,Circuito 851,91,False,True,00851,Saladillo,72,False
AR-02-099-852,AR-02-099,AR-02,2,Buenos Aires,99,SALADILLO,852,Circuito 852,164,False,True,00852,Saladillo,133,False
AR-02-100-746,AR-02-100,AR-02,2,Buenos Aires,100,SALLIQUELO,746,Circuito 746,7094,False,True,00746,Salliqueló,7305,False
AR-02-100-746A,AR-02-100,AR-02,2,Buenos Aires,100,SALLIQUELO,746A,Circuito 746A,612,False,True,0746A,Salliqueló,535,False
AR-02-101-854,AR-02-101,AR-02,2,Buenos Aires,101,SALTO,854,Circuito 854,24435,False,True,00854,Salto,26794,False
AR-02-101-855,AR-02-101,AR-02,2,Buenos Aires,101,SALTO,855,Circuito 855,1684,False,True,00855,Salto,1600,False
AR-02-101-855A,AR-02-101,AR-02,2,Buenos Aires,101,SALTO,855A,Circuito 855A,62,False,True,0855A,Salto,49,False
AR-02-101-856,AR-02-101,AR-02,2,Buenos Aires,101,SALTO,856,Circuito 856,654,False,True,00856,Salto,676,False
AR-02-101-857,AR-02-101,AR-02,2,Buenos Aires,101,SALTO,857,Circuito 857,1002,False,True,00857,Salto,911,False
AR-02-101-857A,AR-02-101,AR-02,2,Buenos Aires,101,SALTO,857A,Circuito 857A,35,False,True,0857A,Salto,24,False
AR-02-101-857B,AR-02-101,AR-02,2,Buenos Aires,101,SALTO,857B,Circuito 857B,131,False,True,0857B,Salto,120,False
AR-02-101-858,AR-02-101,AR-02,2,Buenos Aires,101,SALTO,858,Circuito 858,226,False,True,00858,Salto,211,False
AR-02-102-860,AR-02-102,AR-02,2,Buenos Aires,102,SAN ANDRES DE GILES,860,Circuito 860,15780,False,True,00860,San Andrés de Giles,17069,False
AR-02-102-861,AR-02-102,AR-02,2,Buenos Aires,102,SAN ANDRES DE GILES,861,Circuito 861,527,False,True,00861,San Andrés de Giles,635,False
AR-02-102-862,AR-02-102,AR-02,2,Buenos Aires,102,SAN ANDRES DE GILES,862,Circuito 862,99,False,False,,,,False
AR-02-102-862A,AR-02-102,AR-02,2,Buenos Aires,102,SAN ANDRES DE GILES,862A,Circuito 862A,189,False,True,0862A,San Andrés de Giles,250,False
AR-02-102-863,AR-02-102,AR-02,2,Buenos Aires,102,SAN ANDRES DE GILES,863,Circuito 863,834,False,True,00863,San Andrés de Giles,1009,False
AR-02-102-863A,AR-02-102,AR-02,2,Buenos Aires,102,SAN ANDRES DE GILES,863A,Circuito 863A,405,False,True,0863A,San Andrés de Giles,445,False
AR-02-102-864,AR-02-102,AR-02,2,Buenos Aires,102,SAN ANDRES DE GILES,864,Circuito 864,1218,False,True,00864,San Andrés de Giles,964,False
AR-02-103-866,AR-02-103,AR-02,2,Buenos Aires,103,SAN ANTONIO DE ARECO,866,Circuito 866,16904,False,True,00866,San Antonio de Areco,17922,False
AR-02-103-867,AR-02-103,AR-02,2,Buenos Aires,103,SAN ANTONIO DE ARECO,867,Circuito 867,654,False,True,00867,San Antonio de Areco,970,False
AR-02-103-868,AR-02-103,AR-02,2,Buenos Aires,103,SAN ANTONIO DE ARECO,868,Circuito 868,41,False,False,,,,False
AR-02-103-869,AR-02-103,AR-02,2,Buenos Aires,103,SAN ANTONIO DE ARECO,869,Circuito 869,763,False,True,00869,San Antonio de Areco,787,False
AR-02-103-870,AR-02-103,AR-02,2,Buenos Aires,103,SAN ANTONIO DE ARECO,870,Circuito 870,1187,False,True,00870,San Antonio de Areco,1257,False
AR-02-104-871,AR-02-104,AR-02,2,Buenos Aires,104,SAN CAYETANO,871,Circuito 871,6926,False,True,00871,San Cayetano,7183,False
AR-02-104-871A,AR-02-104,AR-02,2,Buenos Aires,104,SAN CAYETANO,871A,Circuito 871A,62,False,True,0871A,San Cayetano,56,False
AR-02-104-871B,AR-02-104,AR-02,2,Buenos Aires,104,SAN CAYETANO,871B,Circuito 871B,79,False,True,0871B,San Cayetano,79,False
AR-02-104-871C,AR-02-104,AR-02,2,Buenos Aires,104,SAN CAYETANO,871C,Circuito 871C,79,False,True,0871C,San Cayetano,75,False
AR-02-104-871D,AR-02-104,AR-02,2,Buenos Aires,104,SAN CAYETANO,871D,Circuito 871D,2,False,False,,,,False
AR-02-105-872,AR-02-105,AR-02,2,Buenos Aires,105,SAN FERNANDO,872,San Fernando,6162,True,True,00872,San Fernando,6577,False
AR-02-105-873,AR-02-105,AR-02,2,Buenos Aires,105,SAN FERNANDO,873,San Fernando,3542,True,True,00873,San Fernando,3745,False
AR-02-105-874,AR-02-105,AR-02,2,Buenos Aires,105,SAN FERNANDO,874,Circuito 874,2370,False,True,00874,San Fernando,2456,False
AR-02-105-875,AR-02-105,AR-02,2,Buenos Aires,105,SAN FERNANDO,875,San Fernando,1725,True,True,00875,San Fernando,1901,False
AR-02-105-876,AR-02-105,AR-02,2,Buenos Aires,105,SAN FERNANDO,876,San Fernando,2209,True,True,00876,San Fernando,2522,False
AR-02-105-877,AR-02-105,AR-02,2,Buenos Aires,105,SAN FERNANDO,877,San Fernando,18449,True,True,00877,San Fernando,18891,False
AR-02-105-878,AR-02-105,AR-02,2,Buenos Aires,105,SAN FERNANDO,878,Circuito 878,18503,False,True,00878,San Fernando,19619,False
AR-02-105-878A,AR-02-105,AR-02,2,Buenos Aires,105,SAN FERNANDO,878A,Circuito 878A,13961,False,True,0878A,San Fernando,16095,False
AR-02-105-879,AR-02-105,AR-02,2,Buenos Aires,105,SAN FERNANDO,879,Circuito 879,18611,False,True,00879,San Fernando,19206,False
AR-02-105-879A,AR-02-105,AR-02,2,Buenos Aires,105,SAN FERNANDO,879A,Circuito 879A,18404,False,True,0879A,San Fernando,20093,False
AR-02-105-880,AR-02-105,AR-02,2,Buenos Aires,105,SAN FERNANDO,880,Circuito 880,15837,False,True,00880,San Fernando,15460,False
AR-02-105-880A,AR-02-105,AR-02,2,Buenos Aires,105,SAN FERNANDO,880A,Victoria,2658,True,True,0880A,San Fernando,3167,False
AR-02-105-880B,AR-02-105,AR-02,2,Buenos Aires,105,SAN FERNANDO,880B,Victoria,3038,True,True,0880B,San Fernando,3329,False
AR-02-105-881,AR-02-105,AR-02,2,Buenos Aires,105,SAN FERNANDO,881,Circuito 881,793,False,False,,,,False
AR-02-105-882,AR-02-105,AR-02,2,Buenos Aires,105,SAN FERNANDO,882,Circuito 882,406,False,True,00882,San Fernando,1183,False
AR-02-105-882A,AR-02-105,AR-02,2,Buenos Aires,105,SAN FERNANDO,882A,Circuito 882A,1111,False,True,0882A,San Fernando,1255,False
AR-02-106-887,AR-02-106,AR-02,2,Buenos Aires,106,SAN ISIDRO,887,San Isidro,13390,True,True,00887,San Isidro,13313,False
AR-02-106-888,AR-02-106,AR-02,2,Buenos Aires,106,SAN ISIDRO,888,San Isidro,17671,True,True,00888,San Isidro,17421,False
AR-02-106-889,AR-02-106,AR-02,2,Buenos Aires,106,SAN ISIDRO,889,Beccar,26004,True,True,00889,San Isidro,26587,False
AR-02-106-890,AR-02-106,AR-02,2,Buenos Aires,106,SAN ISIDRO,890,Beccar,3022,True,True,00890,San Isidro,3551,False
AR-02-106-891,AR-02-106,AR-02,2,Buenos Aires,106,SAN ISIDRO,891,Circuito 891,49082,False,True,00891,San Isidro,48146,False
AR-02-106-892,AR-02-106,AR-02,2,Buenos Aires,106,SAN ISIDRO,892,Boulogne,64699,True,True,00892,San Isidro,66352,False
AR-02-106-892A,AR-02-106,AR-02,2,Buenos Aires,106,SAN ISIDRO,892A,Circuito 892A,34696,False,True,0892A,San Isidro,36309,False
AR-02-106-893,AR-02-106,AR-02,2,Buenos Aires,106,SAN ISIDRO,893,Circuito 893,36195,False,True,00893,San Isidro,36862,False
AR-02-106-894,AR-02-106,AR-02,2,Buenos Aires,106,SAN ISIDRO,894,Acassuso,5268,True,True,00894,San Isidro,5245,False
AR-02-106-895,AR-02-106,AR-02,2,Buenos Aires,106,SAN ISIDRO,895,Circuito 895,19030,False,True,00895,San Isidro,18572,False
AR-02-107-901,AR-02-107,AR-02,2,Buenos Aires,107,SAN NICOLAS,901,San Nicolas,35838,True,True,00901,San Nicolás,33430,False
AR-02-107-901A,AR-02-107,AR-02,2,Buenos Aires,107,SAN NICOLAS,901A,San Nicolas,11818,True,True,0901A,San Nicolás,12372,False
AR-02-107-901B,AR-02-107,AR-02,2,Buenos Aires,107,SAN NICOLAS,901B,San Nicolas,18921,True,True,0901B,San Nicolás,19715,False
AR-02-107-902,AR-02-107,AR-02,2,Buenos Aires,107,SAN NICOLAS,902,San Nicolas,7496,True,True,00902,San Nicolás,8432,False
AR-02-107-903,AR-02-107,AR-02,2,Buenos Aires,107,SAN NICOLAS,903,San Nicolas,6549,True,True,00903,San Nicolás,7428,False
AR-02-107-904,AR-02-107,AR-02,2,Buenos Aires,107,SAN NICOLAS,904,San Nicolas,20183,True,True,00904,San Nicolás,22639,False
AR-02-107-905,AR-02-107,AR-02,2,Buenos Aires,107,SAN NICOLAS,905,San Nicolas,9711,True,True,00905,San Nicolás,11301,False
AR-02-107-906,AR-02-107,AR-02,2,Buenos Aires,107,SAN NICOLAS,906,General Rojo,2477,True,True,00906,San Nicolás,2448,False
AR-02-107-907,AR-02-107,AR-02,2,Buenos Aires,107,SAN NICOLAS,907,Colombini,1306,True,True,00907,San Nicolás,1409,False
AR-02-107-908,AR-02-107,AR-02,2,Buenos Aires,107,SAN NICOLAS,908,Campo Salles,1230,True,True,00908,San Nicolás,1377,False
AR-02-107-909,AR-02-107,AR-02,2,Buenos Aires,107,SAN NICOLAS,909,Erezcano,489,True,True,00909,San Nicolás,424,False
AR-02-107-910,AR-02-107,AR-02,2,Buenos Aires,107,SAN NICOLAS,910,Conesa,1888,True,True,00910,San Nicolás,1841,False
AR-02-107-911,AR-02-107,AR-02,2,Buenos Aires,107,SAN NICOLAS,911,La Emilia,4958,True,True,00911,San Nicolás,5010,False
AR-02-108-913,AR-02-108,AR-02,2,Buenos Aires,108,SAN PEDRO,913,Circuito 913,40412,False,True,00913,San Pedro,43328,False
AR-02-108-914,AR-02-108,AR-02,2,Buenos Aires,108,SAN PEDRO,914,Circuito 914,1963,False,True,00914,San Pedro,2179,False
AR-02-108-915,AR-02-108,AR-02,2,Buenos Aires,108,SAN PEDRO,915,Circuito 915,1256,False,True,00915,San Pedro,2776,False
AR-02-108-916,AR-02-108,AR-02,2,Buenos Aires,108,SAN PEDRO,916,Circuito 916,83,False,False,,,,False
AR-02-108-917,AR-02-108,AR-02,2,Buenos Aires,108,SAN PEDRO,917,Circuito 917,2454,False,True,00917,San Pedro,2770,False
AR-02-108-918,AR-02-108,AR-02,2,Buenos Aires,108,SAN PEDRO,918,Circuito 918,270,False,True,00918,San Pedro,170,False
AR-02-108-919,AR-02-108,AR-02,2,Buenos Aires,108,SAN PEDRO,919,Circuito 919,68,False,True,00919,San Pedro,79,False
AR-02-108-920,AR-02-108,AR-02,2,Buenos Aires,108,SAN PEDRO,920,Circuito 920,647,False,True,00920,San Pedro,648,False
AR-02-108-921,AR-02-108,AR-02,2,Buenos Aires,108,SAN PEDRO,921,Circuito 921,26,False,False,,,,False
AR-02-108-922,AR-02-108,AR-02,2,Buenos Aires,108,SAN PEDRO,922,Circuito 922,2238,False,True,00922,San Pedro,2466,False
AR-02-108-922A,AR-02-108,AR-02,2,Buenos Aires,108,SAN PEDRO,922A,Circuito 922A,6,False,False,,,,False
AR-02-109-924,AR-02-109,AR-02,2,Buenos Aires,109,SAN VICENTE,924,San Vicente,22960,True,True,00924,San Vicente,28237,False
AR-02-109-925,AR-02-109,AR-02,2,Buenos Aires,109,SAN VICENTE,925,Alejandro Korn,27530,True,True,00925,San Vicente,33946,False
AR-02-109-926,AR-02-109,AR-02,2,Buenos Aires,109,SAN VICENTE,926,Domselaar,2255,True,True,00926,San Vicente,3091,False
AR-02-109-927,AR-02-109,AR-02,2,Buenos Aires,109,SAN VICENTE,927,Samborombon,53,True,True,00927,San Vicente,48,False
AR-02-110-929,AR-02-110,AR-02,2,Buenos Aires,110,SUIPACHA,929,Circuito 929,8256,False,True,00929,Suipacha,9115,False
AR-02-110-929A,AR-02-110,AR-02,2,Buenos Aires,110,SUIPACHA,929A,Circuito 929A,102,False,False,,,,False
AR-02-110-930,AR-02-110,AR-02,2,Buenos Aires,110,SUIPACHA,930,Circuito 930,101,False,True,00930,Suipacha,76,False
AR-02-110-931,AR-02-110,AR-02,2,Buenos Aires,110,SUIPACHA,931,Circuito 931,702,False,True,00931,Suipacha,656,False
AR-02-111-933,AR-02-111,AR-02,2,Buenos Aires,111,TANDIL,933,Circuito 933,102809,False,False,,,,False
AR-02-111-934,AR-02-111,AR-02,2,Buenos Aires,111,TANDIL,934,Circuito 934,194,False,True,00934,Tandil,351,False
AR-02-111-935,AR-02-111,AR-02,2,Buenos Aires,111,TANDIL,935,Circuito 935,98,False,False,,,,False
AR-02-111-936,AR-02-111,AR-02,2,Buenos Aires,111,TANDIL,936,Circuito 936,31,False,False,,,,False
AR-02-111-937,AR-02-111,AR-02,2,Buenos Aires,111,TANDIL,937,Circuito 937,1989,False,True,00937,Tandil,1900,False
AR-02-111-938,AR-02-111,AR-02,2,Buenos Aires,111,TANDIL,938,Circuito 938,205,False,True,00938,Tandil,231,False
AR-02-111-939,AR-02-111,AR-02,2,Buenos Aires,111,TANDIL,939,Circuito 939,88,False,True,00939,Tandil,109,False
AR-02-111-940,AR-02-111,AR-02,2,Buenos Aires,111,TANDIL,940,Circuito 940,696,False,True,00940,Tandil,821,False
AR-02-112-944,AR-02-112,AR-02,2,Buenos Aires,112,TAPALQUE,944,Circuito 944,7709,False,True,00944,Tapalqué,8274,False
AR-02-112-945,AR-02-112,AR-02,2,Buenos Aires,112,TAPALQUE,945,Circuito 945,62,False,True,00945,Tapalqué,49,False
AR-02-112-946,AR-02-112,AR-02,2,Buenos Aires,112,TAPALQUE,946,Circuito 946,30,False,True,00946,Tapalqué,33,False
AR-02-112-947,AR-02-112,AR-02,2,Buenos Aires,112,TAPALQUE,947,Circuito 947,106,False,True,00947,Tapalqué,137,False
AR-02-112-948,AR-02-112,AR-02,2,Buenos Aires,112,TAPALQUE,948,Circuito 948,44,False,True,00948,Tapalqué,57,False
AR-02-112-949,AR-02-112,AR-02,2,Buenos Aires,112,TAPALQUE,949,Circuito 949,347,False,True,00949,Tapalqué,342,False
AR-02-113-530,AR-02-113,AR-02,2,Buenos Aires,113,TIGRE,530,Circuito 530,62413,False,True,00530,Tigre,66811,False
AR-02-113-533,AR-02-113,AR-02,2,Buenos Aires,113,TIGRE,533,Islas,5367,True,True,00533,Tigre,6808,False
AR-02-113-534,AR-02-113,AR-02,2,Buenos Aires,113,TIGRE,534,.,29602,True,True,00534,Tigre,36401,False
AR-02-113-534A,AR-02-113,AR-02,2,Buenos Aires,113,TIGRE,534A,Don Torcuato,56333,True,True,0534A,Tigre,60185,False
AR-02-113-535,AR-02-113,AR-02,2,Buenos Aires,113,TIGRE,535,Gral.Pacheco,44617,True,True,00535,Tigre,48613,False
AR-02-113-535A,AR-02-113,AR-02,2,Buenos Aires,113,TIGRE,535A,El Talar-R.Rojas,56172,True,True,0535A,Tigre,60024,False
AR-02-113-536,AR-02-113,AR-02,2,Buenos Aires,113,TIGRE,536,.,36781,True,True,00536,Tigre,44233,False
AR-02-113-536A,AR-02-113,AR-02,2,Buenos Aires,113,TIGRE,536A,.,4489,True,True,0536A,Tigre,7682,False
AR-02-114-953,AR-02-114,AR-02,2,Buenos Aires,114,TORNQUIST,953,Circuito 953,7420,False,True,00953,Tornquist,8851,False
AR-02-114-954,AR-02-114,AR-02,2,Buenos Aires,114,TORNQUIST,954,Circuito 954,525,False,True,00954,Tornquist,642,False
AR-02-114-955,AR-02-114,AR-02,2,Buenos Aires,114,TORNQUIST,955,Circuito 955,1584,False,True,00955,Tornquist,1913,False
AR-02-114-955A,AR-02-114,AR-02,2,Buenos Aires,114,TORNQUIST,955A,Sierra de la Ventana,2311,True,True,0955A,Tornquist,3121,False
AR-02-114-955B,AR-02-114,AR-02,2,Buenos Aires,114,TORNQUIST,955B,Villa Ventana,561,True,True,0955B,Tornquist,1019,False
AR-02-114-956,AR-02-114,AR-02,2,Buenos Aires,114,TORNQUIST,956,Circuito 956,243,False,True,00956,Tornquist,279,False
AR-02-115-957,AR-02-115,AR-02,2,Buenos Aires,115,TRENQUE LAUQUEN,957,Circuito 957,32208,False,True,00957,Trenque Lauquen,35108,False
AR-02-115-958,AR-02-115,AR-02,2,Buenos Aires,115,TRENQUE LAUQUEN,958,Circuito 958,922,False,True,00958,Trenque Lauquen,1053,False
AR-02-115-959,AR-02-115,AR-02,2,Buenos Aires,115,TRENQUE LAUQUEN,959,Circuito 959,12,False,False,,,,False
AR-02-115-959A,AR-02-115,AR-02,2,Buenos Aires,115,TRENQUE LAUQUEN,959A,Circuito 959A,5,False,False,,,,False
AR-02-115-960,AR-02-115,AR-02,2,Buenos Aires,115,TRENQUE LAUQUEN,960,Circuito 960,26,False,True,00960,Trenque Lauquen,20,False
AR-02-115-961,AR-02-115,AR-02,2,Buenos Aires,115,TRENQUE LAUQUEN,961,Circuito 961,4772,False,True,00961,Trenque Lauquen,5144,False
AR-02-115-961A,AR-02-115,AR-02,2,Buenos Aires,115,TRENQUE LAUQUEN,961A,Circuito 961A,49,False,True,0961A,Trenque Lauquen,54,False
AR-02-115-961B,AR-02-115,AR-02,2,Buenos Aires,115,TRENQUE LAUQUEN,961B,Circuito 961B,21,False,False,,,,False
AR-02-115-961C,AR-02-115,AR-02,2,Buenos Aires,115,TRENQUE LAUQUEN,961C,Circuito 961C,21,False,False,,,,False
AR-02-115-961D,AR-02-115,AR-02,2,Buenos Aires,115,TRENQUE LAUQUEN,961D,Circuito 961D,166,False,True,0961D,Trenque Lauquen,171,False
AR-02-116-951,AR-02-116,AR-02,2,Buenos Aires,116,TORDILLO,951,Circuito 951,1855,False,True,00951,Tordillo,2422,False
AR-02-117-964,AR-02-117,AR-02,2,Buenos Aires,117,TRES ARROYOS,964,Circuito 964,44542,False,True,00964,Tres Arroyos,46223,False
AR-02-117-968,AR-02-117,AR-02,2,Buenos Aires,117,TRES ARROYOS,968,Circuito 968,41,False,True,00968,Tres Arroyos,55,False
AR-02-117-969,AR-02-117,AR-02,2,Buenos Aires,117,TRES ARROYOS,969,Circuito 969,627,False,True,00969,Tres Arroyos,650,False
AR-02-117-970,AR-02-117,AR-02,2,Buenos Aires,117,TRES ARROYOS,970,Circuito 970,67,False,True,00970,Tres Arroyos,66,False
AR-02-117-972,AR-02-117,AR-02,2,Buenos Aires,117,TRES ARROYOS,972,Circuito 972,2158,False,True,00972,Tres Arroyos,2172,False
AR-02-117-973,AR-02-117,AR-02,2,Buenos Aires,117,TRES ARROYOS,973,Circuito 973,517,False,True,00973,Tres Arroyos,540,False
AR-02-117-973A,AR-02-117,AR-02,2,Buenos Aires,117,TRES ARROYOS,973A,Circuito 973A,1610,False,True,0973A,Tres Arroyos,2007,False
AR-02-117-974,AR-02-117,AR-02,2,Buenos Aires,117,TRES ARROYOS,974,Circuito 974,13,False,False,,,,False
AR-02-117-975,AR-02-117,AR-02,2,Buenos Aires,117,TRES ARROYOS,975,Circuito 975,1064,False,True,00975,Tres Arroyos,1026,False
AR-02-117-975A,AR-02-117,AR-02,2,Buenos Aires,117,TRES ARROYOS,975A,Circuito 975A,56,False,True,0975A,Tres Arroyos,53,False
AR-02-117-975B,AR-02-117,AR-02,2,Buenos Aires,117,TRES ARROYOS,975B,Reta,403,True,True,0975B,Tres Arroyos,681,False
AR-02-117-976,AR-02-117,AR-02,2,Buenos Aires,117,TRES ARROYOS,976,Circuito 976,4,False,False,,,,False
AR-02-117-977,AR-02-117,AR-02,2,Buenos Aires,117,TRES ARROYOS,977,Circuito 977,15,False,False,,,,False
AR-02-117-978,AR-02-117,AR-02,2,Buenos Aires,117,TRES ARROYOS,978,Circuito 978,4,False,False,,,,False
AR-02-118-389,AR-02-118,AR-02,2,Buenos Aires,118,TRES DE FEBRERO,389,Circuito 389,12841,False,True,00389,Tres de Febrero,12854,False
AR-02-118-390,AR-02-118,AR-02,2,Buenos Aires,118,TRES DE FEBRERO,390,Circuito 390,17446,False,True,00390,Tres de Febrero,17761,False
AR-02-118-391,AR-02-118,AR-02,2,Buenos Aires,118,TRES DE FEBRERO,391,Circuito 391,77751,False,True,00391,Tres de Febrero,78760,False
AR-02-118-392,AR-02-118,AR-02,2,Buenos Aires,118,TRES DE FEBRERO,392,Circuito 392,9655,False,True,00392,Tres de Febrero,10902,False
AR-02-118-393,AR-02-118,AR-02,2,Buenos Aires,118,TRES DE FEBRERO,393,Circuito 393,50735,False,True,00393,Tres de Febrero,51072,False
AR-02-118-394,AR-02-118,AR-02,2,Buenos Aires,118,TRES DE FEBRERO,394,Circuito 394,52246,False,True,00394,Tres de Febrero,54867,False
AR-02-118-394A,AR-02-118,AR-02,2,Buenos Aires,118,TRES DE FEBRERO,394A,Circuito 394A,13954,False,True,0394A,Tres de Febrero,13692,False
AR-02-118-395,AR-02-118,AR-02,2,Buenos Aires,118,TRES DE FEBRERO,395,Circuito 395,43237,False,True,00395,Tres de Febrero,44508,False
AR-02-119-337,AR-02-119,AR-02,2,Buenos Aires,119,LA COSTA,337,Circuito 337,11633,False,True,00337,La Costa,13253,False
AR-02-119-337A,AR-02-119,AR-02,2,Buenos Aires,119,LA COSTA,337A,Circuito 337A,4463,False,True,0337A,La Costa,6185,False
AR-02-119-337B,AR-02-119,AR-02,2,Buenos Aires,119,LA COSTA,337B,.,14473,True,True,0337B,La Costa,16601,False
AR-02-119-337C,AR-02-119,AR-02,2,Buenos Aires,119,LA COSTA,337C,Circuito 337C,8282,False,True,0337C,La Costa,10985,False
AR-02-119-337D,AR-02-119,AR-02,2,Buenos Aires,119,LA COSTA,337D,Circuito 337D,9857,False,True,0337D,La Costa,12085,False
AR-02-119-337E,AR-02-119,AR-02,2,Buenos Aires,119,LA COSTA,337E,Circuito 337E,17359,False,True,0337E,La Costa,20345,False
AR-02-120-239,AR-02-120,AR-02,2,Buenos Aires,120,MONTE HERMOSO,239,Circuito 239,7525,False,True,00239,Monte Hermoso,9312,False
AR-02-121-980,AR-02-121,AR-02,2,Buenos Aires,121,VEINTICINCO DE MAYO,980,Circuito 980,21821,False,True,00980,25 de Mayo,22822,False
AR-02-121-981,AR-02-121,AR-02,2,Buenos Aires,121,VEINTICINCO DE MAYO,981,Circuito 981,142,False,True,00981,25 de Mayo,125,False
AR-02-121-982,AR-02-121,AR-02,2,Buenos Aires,121,VEINTICINCO DE MAYO,982,Circuito 982,64,False,True,00982,25 de Mayo,72,False
AR-02-121-983,AR-02-121,AR-02,2,Buenos Aires,121,VEINTICINCO DE MAYO,983,Circuito 983,4406,False,True,00983,25 de Mayo,4713,False
AR-02-121-984,AR-02-121,AR-02,2,Buenos Aires,121,VEINTICINCO DE MAYO,984,Circuito 984,1634,False,True,00984,25 de Mayo,1688,False
AR-02-121-985,AR-02-121,AR-02,2,Buenos Aires,121,VEINTICINCO DE MAYO,985,Circuito 985,429,False,True,00985,25 de Mayo,410,False
AR-02-121-986,AR-02-121,AR-02,2,Buenos Aires,121,VEINTICINCO DE MAYO,986,Circuito 986,71,False,True,00986,25 de Mayo,65,False
AR-02-121-987,AR-02-121,AR-02,2,Buenos Aires,121,VEINTICINCO DE MAYO,987,Circuito 987,64,False,False,,,,False
AR-02-121-988,AR-02-121,AR-02,2,Buenos Aires,121,VEINTICINCO DE MAYO,988,Circuito 988,785,False,True,00988,25 de Mayo,714,False
AR-02-121-989,AR-02-121,AR-02,2,Buenos Aires,121,VEINTICINCO DE MAYO,989,Circuito 989,284,False,True,00989,25 de Mayo,296,False
AR-02-121-990,AR-02-121,AR-02,2,Buenos Aires,121,VEINTICINCO DE MAYO,990,Circuito 990,320,False,True,00990,25 de Mayo,281,False
AR-02-121-991,AR-02-121,AR-02,2,Buenos Aires,121,VEINTICINCO DE MAYO,991,Circuito 991,591,False,True,00991,25 de Mayo,568,False
AR-02-122-1000,AR-02-122,AR-02,2,Buenos Aires,122,VICENTE LOPEZ,1000,Circuito 1000,42987,False,True,01000,Vicente López,43122,False
AR-02-122-1001,AR-02-122,AR-02,2,Buenos Aires,122,VICENTE LOPEZ,1001,Circuito 1001,43181,False,True,01001,Vicente López,29548,False
AR-02-122-993,AR-02-122,AR-02,2,Buenos Aires,122,VICENTE LOPEZ,993,Circuito 993,26654,False,True,00993,Vicente López,23544,False
AR-02-122-994,AR-02-122,AR-02,2,Buenos Aires,122,VICENTE LOPEZ,994,Circuito 994,12694,False,True,00994,Vicente López,12353,False
AR-02-122-995,AR-02-122,AR-02,2,Buenos Aires,122,VICENTE LOPEZ,995,Circuito 995,16854,False,True,00995,Vicente López,14769,False
AR-02-122-996,AR-02-122,AR-02,2,Buenos Aires,122,VICENTE LOPEZ,996,Circuito 996,25840,False,True,00996,Vicente López,14370,False
AR-02-122-997,AR-02-122,AR-02,2,Buenos Aires,122,VICENTE LOPEZ,997,Circuito 997,10905,False,True,00997,Vicente López,11075,False
AR-02-122-998,AR-02-122,AR-02,2,Buenos Aires,122,VICENTE LOPEZ,998,Circuito 998,16932,False,True,00998,Vicente López,17052,False
AR-02-122-999,AR-02-122,AR-02,2,Buenos Aires,122,VICENTE LOPEZ,999,Circuito 999,34600,False,True,00999,Vicente López,35446,False
AR-02-123-344,AR-02-123,AR-02,2,Buenos Aires,123,VILLA GESELL,344,Circuito 344,27484,False,True,00344,Villa Gesell,32669,False
AR-02-124-1007,AR-02-124,AR-02,2,Buenos Aires,124,VILLARINO,1007,Circuito 1007,5886,False,True,01007,Villarino,6189,False
AR-02-124-1008,AR-02-124,AR-02,2,Buenos Aires,124,VILLARINO,1008,Circuito 1008,2030,False,True,01008,Villarino,2041,False
AR-02-124-1009,AR-02-124,AR-02,2,Buenos Aires,124,VILLARINO,1009,Circuito 1009,233,False,True,01009,Villarino,230,False
AR-02-124-1010,AR-02-124,AR-02,2,Buenos Aires,124,VILLARINO,1010,Circuito 1010,4588,False,True,01010,Villarino,4945,False
AR-02-124-1011,AR-02-124,AR-02,2,Buenos Aires,124,VILLARINO,1011,Circuito 1011,7480,False,True,01011,Villarino,8267,False
AR-02-124-1011A,AR-02-124,AR-02,2,Buenos Aires,124,VILLARINO,1011A,Circuito 1011A,2912,False,True,1011A,Villarino,3367,False
AR-02-125-1013,AR-02-125,AR-02,2,Buenos Aires,125,ZARATE,1013,Zarate,20586,True,True,01013,Zárate,18308,False
AR-02-125-1013A,AR-02-125,AR-02,2,Buenos Aires,125,ZARATE,1013A,Seccion Islas,185,True,False,,,,False
AR-02-125-1014,AR-02-125,AR-02,2,Buenos Aires,125,ZARATE,1014,Zarate,24700,True,True,01014,Zárate,28556,False
AR-02-125-1015,AR-02-125,AR-02,2,Buenos Aires,125,ZARATE,1015,Zarate,6864,True,True,01015,Zárate,7002,False
AR-02-125-1016,AR-02-125,AR-02,2,Buenos Aires,125,ZARATE,1016,Zarate,3274,True,True,01016,Zárate,4795,False
AR-02-125-1017,AR-02-125,AR-02,2,Buenos Aires,125,ZARATE,1017,Zarate,19285,True,True,01017,Zárate,22321,False
AR-02-125-1018,AR-02-125,AR-02,2,Buenos Aires,125,ZARATE,1018,Zarate,8775,True,True,01018,Zárate,9281,False
AR-02-125-1019,AR-02-125,AR-02,2,Buenos Aires,125,ZARATE,1019,Circuito 1019,376,False,True,01019,Zárate,447,False
AR-02-125-1020,AR-02-125,AR-02,2,Buenos Aires,125,ZARATE,1020,Circuito 1020,53,False,True,01020,Zárate,54,False
AR-02-125-1021,AR-02-125,AR-02,2,Buenos Aires,125,ZARATE,1021,Lima,9368,True,True,01021,Zárate,10613,False
AR-02-126-744,AR-02-126,AR-02,2,Buenos Aires,126,TRES LOMAS,744,Circuito 744,6403,False,True,00744,Tres Lomas,6719,False
AR-02-126-745,AR-02-126,AR-02,2,Buenos Aires,126,TRES LOMAS,745,Circuito 745,135,False,True,00745,Tres Lomas,125,False
AR-02-127-361,AR-02-127,AR-02,2,Buenos Aires,127,F.AMEGHINO,361,Circuito 361,7113,False,True,00361,Florentino Ameghino,7335,False
AR-02-127-361A,AR-02-127,AR-02,2,Buenos Aires,127,F.AMEGHINO,361A,Circuito 361A,145,False,True,0361A,Florentino Ameghino,151,False
AR-02-127-362,AR-02-127,AR-02,2,Buenos Aires,127,F.AMEGHINO,362,Circuito 362,662,False,True,00362,Florentino Ameghino,664,False
AR-02-128-304,AR-02-128,AR-02,2,Buenos Aires,128,PRESIDENTE PERON,304,Guernica (Parte),18072,True,True,00304,Presidente Perón,19943,False
AR-02-128-304A,AR-02-128,AR-02,2,Buenos Aires,128,PRESIDENTE PERON,304A,Guernica (Parte),25980,True,True,0304A,Presidente Perón,30168,False
AR-02-128-304B,AR-02-128,AR-02,2,Buenos Aires,128,PRESIDENTE PERON,304B,Guernica (Parte),12930,True,True,0304B,Presidente Perón,16577,False
AR-02-128-304C,AR-02-128,AR-02,2,Buenos Aires,128,PRESIDENTE PERON,304C,Guernica (Parte),3491,True,True,0304C,Presidente Perón,4254,False
AR-02-129-398,AR-02-129,AR-02,2,Buenos Aires,129,J.C.PAZ,398,Jose C.Paz Norte,73765,True,True,00398,José C. Paz,79975,False
AR-02-129-398A,AR-02-129,AR-02,2,Buenos Aires,129,J.C.PAZ,398A,Jose C.Paz Sur,75786,True,True,0398A,José C. Paz,85397,False
AR-02-129-398B,AR-02-129,AR-02,2,Buenos Aires,129,J.C.PAZ,398B,Jose C.Paz Este,60951,True,True,0398B,José C. Paz,64654,False
AR-02-130-399,AR-02-130,AR-02,2,Buenos Aires,130,MALVINAS ARGENTINAS,399,Grand Bourg,68392,True,True,00399,Malvinas Argentinas,73820,False
AR-02-130-399A,AR-02-130,AR-02,2,Buenos Aires,130,MALVINAS ARGENTINAS,399A,Pablo Nogues,34449,True,True,0399A,Malvinas Argentinas,38148,False
AR-02-130-399B,AR-02-130,AR-02,2,Buenos Aires,130,MALVINAS ARGENTINAS,399B,Tortuguitas,27128,True,True,0399B,Malvinas Argentinas,31583,False
AR-02-130-399C,AR-02-130,AR-02,2,Buenos Aires,130,MALVINAS ARGENTINAS,399C,El Triangulo,1697,True,True,0399C,Malvinas Argentinas,1868,False
AR-02-130-399D,AR-02-130,AR-02,2,Buenos Aires,130,MALVINAS ARGENTINAS,399D,Villa de Mayo,29383,True,True,0399D,Malvinas Argentinas,31688,False
AR-02-130-399E,AR-02-130,AR-02,2,Buenos Aires,130,MALVINAS ARGENTINAS,399E,Sourdeaux,20425,True,True,0399E,Malvinas Argentinas,21581,False
AR-02-130-399F,AR-02-130,AR-02,2,Buenos Aires,130,MALVINAS ARGENTINAS,399F,Los Polvorines,55176,True,True,0399F,Malvinas Argentinas,58656,False
AR-02-130-399G,AR-02-130,AR-02,2,Buenos Aires,130,MALVINAS ARGENTINAS,399G,Tierras Altas,20778,True,True,0399G,Malvinas Argentinas,22270,False
AR-02-131-611,AR-02-131,AR-02,2,Buenos Aires,131,PUNTA INDIO,611,Circuito 611,69,False,True,00611,Punta Indio,104,False
AR-02-131-612,AR-02-131,AR-02,2,Buenos Aires,131,PUNTA INDIO,612,Circuito 612,252,False,True,00612,Punta Indio,269,False
AR-02-131-613,AR-02-131,AR-02,2,Buenos Aires,131,PUNTA INDIO,613,Circuito 613,7243,False,True,00613,Punta Indio,7744,False
AR-02-131-613A,AR-02-131,AR-02,2,Buenos Aires,131,PUNTA INDIO,613A,Circuito 613A,1044,False,True,0613A,Punta Indio,1045,False
AR-02-131-613B,AR-02-131,AR-02,2,Buenos Aires,131,PUNTA INDIO,613B,Circuito 613B,690,False,True,0613B,Punta Indio,1006,False
AR-02-132-289,AR-02-132,AR-02,2,Buenos Aires,132,EZEIZA,289,Ezeiza,45956,True,True,00289,Ezeiza,50101,False
AR-02-132-290,AR-02-132,AR-02,2,Buenos Aires,132,EZEIZA,290,La Union,27217,True,True,00290,Ezeiza,32380,False
AR-02-132-290A,AR-02-132,AR-02,2,Buenos Aires,132,EZEIZA,290A,Tristan Suarez,28546,True,True,0290A,Ezeiza,35399,False
AR-02-132-290B,AR-02-132,AR-02,2,Buenos Aires,132,EZEIZA,290B,Carlos Spegazzini,20983,True,True,0290B,Ezeiza,25016,False
AR-02-133-666,AR-02-133,AR-02,2,Buenos Aires,133,ITUZAINGO,666,Ituzaingo (Parte),56501,True,True,00666,Ituzaingó,60010,False
AR-02-133-666A,AR-02-133,AR-02,2,Buenos Aires,133,ITUZAINGO,666A,Villa Gobernador Udaondo,29079,True,True,0666A,Ituzaingó,32514,False
AR-02-133-667,AR-02-133,AR-02,2,Buenos Aires,133,ITUZAINGO,667,Ituzaingo (Parte),54403,True,True,00667,Ituzaingó,55542,False
AR-02-134-668,AR-02-134,AR-02,2,Buenos Aires,134,HURLINGHAM,668,Hurlingham,52985,True,True,00668,Hurlingham,56859,False
AR-02-134-668A,AR-02-134,AR-02,2,Buenos Aires,134,HURLINGHAM,668A,William C. Morris,39780,True,True,0668A,Hurlingham,43197,False
AR-02-134-668B,AR-02-134,AR-02,2,Buenos Aires,134,HURLINGHAM,668B,Villa Santos Tesei,53445,True,True,0668B,Hurlingham,57868,False
AR-02-135-207L,AR-02-135,AR-02,2,Buenos Aires,135,LEZAMA,207L,Circuito 207L,4749,False,True,0207L,Lezama,4965,False
AR-03-001-1,AR-03-001,AR-03,3,Catamarca,1,CAPITAL,1,CIRCUITO 0001,2396,True,True,00001,Capital,2121,False
AR-03-001-2,AR-03-001,AR-03,3,Catamarca,1,CAPITAL,2,CIRCUITO 0002,9024,True,True,00002,Capital,8970,False
AR-03-001-3,AR-03-001,AR-03,3,Catamarca,1,CAPITAL,3,CIRCUITO 0003,37992,True,True,00003,Capital,39438,False
AR-03-001-4,AR-03-001,AR-03,3,Catamarca,1,CAPITAL,4,CIRCUITO 0004,4848,True,True,00004,Capital,4728,False
AR-03-001-5,AR-03-001,AR-03,3,Catamarca,1,CAPITAL,5,CIRCUITO 0005,10133,True,True,00005,Capital,11007,False
AR-03-001-6,AR-03-001,AR-03,3,Catamarca,1,CAPITAL,6,CIRCUITO 0006,4516,True,True,00006,Capital,4278,False
AR-03-001-7,AR-03-001,AR-03,3,Catamarca,1,CAPITAL,7,CIRCUITO 0007,43539,True,True,00007,Capital,46996,False
AR-03-001-8,AR-03-001,AR-03,3,Catamarca,1,CAPITAL,8,CIRCUITO 0008,15465,True,True,00008,Capital,15766,False
AR-03-001-9,AR-03-001,AR-03,3,Catamarca,1,CAPITAL,9,CIRCUITO 0009,4332,True,True,00009,Capital,4610,False
AR-03-002-10,AR-03-002,AR-03,3,Catamarca,2,CAPAYAN,10,CARRANZA,55,True,True,00010,Capayán,61,False
AR-03-002-11,AR-03-002,AR-03,3,Catamarca,2,CAPAYAN,11,CONCEPCION,539,True,True,00011,Capayán,602,False
AR-03-002-12,AR-03-002,AR-03,3,Catamarca,2,CAPAYAN,12,CONETA,3094,True,True,00012,Capayán,3691,False
AR-03-002-13,AR-03-002,AR-03,3,Catamarca,2,CAPAYAN,13,CHUMBICHA,3978,True,True,00013,Capayán,4374,False
AR-03-002-14,AR-03-002,AR-03,3,Catamarca,2,CAPAYAN,14,HUILLAPIMA,2408,True,True,00014,Capayán,2653,False
AR-03-002-15,AR-03-002,AR-03,3,Catamarca,2,CAPAYAN,15,LOS ANGELES,378,True,True,00015,Capayán,357,False
AR-03-002-16,AR-03-002,AR-03,3,Catamarca,2,CAPAYAN,16,MIRAFLORES,1730,True,True,00016,Capayán,1832,False
AR-03-002-17,AR-03-002,AR-03,3,Catamarca,2,CAPAYAN,17,PUNTA DEL RIO,34,True,True,00017,Capayán,36,False
AR-03-002-18,AR-03-002,AR-03,3,Catamarca,2,CAPAYAN,18,SAN MARTIN,308,True,True,00018,Capayán,344,False
AR-03-002-19,AR-03-002,AR-03,3,Catamarca,2,CAPAYAN,19,SAN PEDRO (CAPAYAN),327,True,True,00019,Capayán,361,False
AR-03-002-20,AR-03-002,AR-03,3,Catamarca,2,CAPAYAN,20,TELARITOS,271,True,True,00020,Capayán,314,False
AR-03-002-21,AR-03-002,AR-03,3,Catamarca,2,CAPAYAN,21,VILLA (CAPAYAN),529,True,True,00021,Capayán,582,False
AR-03-003-22,AR-03-003,AR-03,3,Catamarca,3,LA PAZ,22,ANJULI,86,True,True,00022,La Paz,113,False
AR-03-003-23,AR-03-003,AR-03,3,Catamarca,3,LA PAZ,23,EL QUIMILO,173,True,True,00023,La Paz,160,False
AR-03-003-24,AR-03-003,AR-03,3,Catamarca,3,LA PAZ,24,ESQUIU,1055,True,True,00024,La Paz,1088,False
AR-03-003-25,AR-03-003,AR-03,3,Catamarca,3,LA PAZ,25,ICAÑO,2673,True,True,00025,La Paz,2905,False
AR-03-003-26,AR-03-003,AR-03,3,Catamarca,3,LA PAZ,26,LA GUARDIA,836,True,True,00026,La Paz,874,False
AR-03-003-27,AR-03-003,AR-03,3,Catamarca,3,LA PAZ,27,LAS PALMITAS,250,True,True,00027,La Paz,303,False
AR-03-003-28,AR-03-003,AR-03,3,Catamarca,3,LA PAZ,28,QUIROS,1063,True,True,00028,La Paz,1143,False
AR-03-003-29,AR-03-003,AR-03,3,Catamarca,3,LA PAZ,29,RAMBLONES,328,True,True,00029,La Paz,356,False
AR-03-003-30,AR-03-003,AR-03,3,Catamarca,3,LA PAZ,30,RECREO,10697,True,True,00030,La Paz,11597,False
AR-03-003-31,AR-03-003,AR-03,3,Catamarca,3,LA PAZ,31,RIO DE LA DORADA,439,True,True,00031,La Paz,433,False
AR-03-003-32,AR-03-003,AR-03,3,Catamarca,3,LA PAZ,32,SAN ANTONIO (LA PAZ),1831,True,True,00032,La Paz,2046,False
AR-03-004-33,AR-03-004,AR-03,3,Catamarca,4,ANCASTI,33,ANQUINCILA,381,True,True,00033,Ancasti,428,False
AR-03-004-34,AR-03-004,AR-03,3,Catamarca,4,ANCASTI,34,LA CANDELARIA,260,True,True,00034,Ancasti,325,False
AR-03-004-35,AR-03-004,AR-03,3,Catamarca,4,ANCASTI,35,EL CHORRO,78,True,True,00035,Ancasti,102,False
AR-03-004-36,AR-03-004,AR-03,3,Catamarca,4,ANCASTI,36,EL TACO,168,True,True,00036,Ancasti,185,False
AR-03-004-37,AR-03-004,AR-03,3,Catamarca,4,ANCASTI,37,IPIZCA,272,True,True,00037,Ancasti,353,False
AR-03-004-38,AR-03-004,AR-03,3,Catamarca,4,ANCASTI,38,LA MAJADA,299,True,True,00038,Ancasti,357,False
AR-03-004-39,AR-03-004,AR-03,3,Catamarca,4,ANCASTI,39,LOS MOGOTES,149,True,True,00039,Ancasti,177,False
AR-03-004-40,AR-03-004,AR-03,3,Catamarca,4,ANCASTI,40,QUEBRACHAL,24,True,True,00040,Ancasti,60,False
AR-03-004-41,AR-03-004,AR-03,3,Catamarca,4,ANCASTI,41,TACANA,170,True,True,00041,Ancasti,164,False
AR-03-004-42,AR-03-004,AR-03,3,Catamarca,4,ANCASTI,42,VILLA (ANCASTI),701,True,True,00042,Ancasti,793,False
AR-03-004-43,AR-03-004,AR-03,3,Catamarca,4,ANCASTI,43,YERBA BUENA,222,True,True,00043,Ancasti,263,False
AR-03-005-44,AR-03-005,AR-03,3,Catamarca,5,EL ALTO,44,ACHALCO,214,True,True,00044,El Alto,322,False
AR-03-005-44A,AR-03-005,AR-03,3,Catamarca,5,EL ALTO,44A,TAPSO,978,True,True,0044A,El Alto,1202,False
AR-03-005-45,AR-03-005,AR-03,3,Catamarca,5,EL ALTO,45,CHAÑAR LAGUNA,150,True,True,00045,El Alto,187,False
AR-03-005-46,AR-03-005,AR-03,3,Catamarca,5,EL ALTO,46,GUAYAMBA,600,True,True,00046,El Alto,658,False
AR-03-005-47,AR-03-005,AR-03,3,Catamarca,5,EL ALTO,47,INFANZON,116,True,True,00047,El Alto,137,False
AR-03-005-48,AR-03-005,AR-03,3,Catamarca,5,EL ALTO,48,LOS MORTEROS,209,True,True,00048,El Alto,246,False
AR-03-005-49,AR-03-005,AR-03,3,Catamarca,5,EL ALTO,49,VILISMAN,377,True,True,00049,El Alto,400,False
AR-03-005-50,AR-03-005,AR-03,3,Catamarca,5,EL ALTO,50,VILLA (EL ALTO),1035,True,True,00050,El Alto,1191,False
AR-03-006-51,AR-03-006,AR-03,3,Catamarca,6,SANTA ROSA,51,ALIJILAN,1231,True,True,00051,Santa Rosa,1291,False
AR-03-006-52,AR-03-006,AR-03,3,Catamarca,6,SANTA ROSA,52,AMPOLLA,139,True,True,00052,Santa Rosa,162,False
AR-03-006-53,AR-03-006,AR-03,3,Catamarca,6,SANTA ROSA,53,BAÑADO DE OVANTA,1686,True,True,00053,Santa Rosa,1828,False
AR-03-006-54,AR-03-006,AR-03,3,Catamarca,6,SANTA ROSA,54,CORTADERAS,141,True,True,00054,Santa Rosa,153,False
AR-03-006-55,AR-03-006,AR-03,3,Catamarca,6,SANTA ROSA,55,LA BAJADA,233,True,True,00055,Santa Rosa,232,False
AR-03-006-56,AR-03-006,AR-03,3,Catamarca,6,SANTA ROSA,56,LAS CAÑAS,191,True,True,00056,Santa Rosa,210,False
AR-03-006-57,AR-03-006,AR-03,3,Catamarca,6,SANTA ROSA,57,LAVALLE,880,True,True,00057,Santa Rosa,967,False
AR-03-006-58,AR-03-006,AR-03,3,Catamarca,6,SANTA ROSA,58,LOS ALTOS,4177,True,True,00058,Santa Rosa,4871,False
AR-03-006-59,AR-03-006,AR-03,3,Catamarca,6,SANTA ROSA,59,MANANTIALES,528,True,True,00059,Santa Rosa,575,False
AR-03-006-60,AR-03-006,AR-03,3,Catamarca,6,SANTA ROSA,60,PTA. GRANDE,363,True,True,00060,Santa Rosa,323,False
AR-03-006-61,AR-03-006,AR-03,3,Catamarca,6,SANTA ROSA,61,SAN PEDRO (SANTA ROSA),529,True,True,00061,Santa Rosa,712,False
AR-03-007-62,AR-03-007,AR-03,3,Catamarca,7,PACLIN,62,AMADORES,194,True,True,00062,Paclín,230,False
AR-03-007-63,AR-03-007,AR-03,3,Catamarca,7,PACLIN,63,BALCOZNA,712,True,True,00063,Paclín,839,False
AR-03-007-64,AR-03-007,AR-03,3,Catamarca,7,PACLIN,64,LA HIGUERA,319,True,True,00064,Paclín,368,False
AR-03-007-65,AR-03-007,AR-03,3,Catamarca,7,PACLIN,65,LA MERCED,2019,True,True,00065,Paclín,2202,False
AR-03-007-66,AR-03-007,AR-03,3,Catamarca,7,PACLIN,66,LA VIÑA,159,True,True,00066,Paclín,201,False
AR-03-007-67,AR-03-007,AR-03,3,Catamarca,7,PACLIN,67,PALO LABRADO,292,True,True,00067,Paclín,372,False
AR-03-007-68,AR-03-007,AR-03,3,Catamarca,7,PACLIN,68,SAN ANTONIO (PACLIN),324,True,True,00068,Paclín,342,False
AR-03-008-69,AR-03-008,AR-03,3,Catamarca,8,VALLE VIEJO,69,HUAYCAMA,202,True,True,00069,Valle Viejo,228,False
AR-03-008-70,AR-03-008,AR-03,3,Catamarca,8,VALLE VIEJO,70,LAS TEJAS,545,True,True,00070,Valle Viejo,621,False
AR-03-008-71,AR-03-008,AR-03,3,Catamarca,8,VALLE VIEJO,71,EL PORTEZUELO,369,True,True,00071,Valle Viejo,420,False
AR-03-008-72,AR-03-008,AR-03,3,Catamarca,8,VALLE VIEJO,72,SAN ISIDRO,9389,True,True,00072,Valle Viejo,10556,False
AR-03-008-73,AR-03-008,AR-03,3,Catamarca,8,VALLE VIEJO,73,SANTA CRUZ,164,True,True,00073,Valle Viejo,223,False
AR-03-008-74,AR-03-008,AR-03,3,Catamarca,8,VALLE VIEJO,74,SANTA ROSA (VALLE VIEJO),6993,True,True,00074,Valle Viejo,8403,False
AR-03-008-75,AR-03-008,AR-03,3,Catamarca,8,VALLE VIEJO,75,SUMALAO,3177,True,True,00075,Valle Viejo,3918,False
AR-03-008-76,AR-03-008,AR-03,3,Catamarca,8,VALLE VIEJO,76,VILLA DOLORES,3518,True,True,00076,Valle Viejo,3784,False
AR-03-009-77,AR-03-009,AR-03,3,Catamarca,9,FRAY MAMERTO ESQUIU,77,LA CARRERA (F.M.ESQUIU),1625,True,True,00077,Fray Mamerto Esquiú,1858,False
AR-03-009-78,AR-03-009,AR-03,3,Catamarca,9,FRAY MAMERTO ESQUIU,78,LAS PIRQUITAS (F.M.ESQUIU),667,True,True,00078,Fray Mamerto Esquiú,730,False
AR-03-009-79,AR-03-009,AR-03,3,Catamarca,9,FRAY MAMERTO ESQUIU,79,POMANCILLO (F.M.ESQUIU),427,True,True,00079,Fray Mamerto Esquiú,477,False
AR-03-009-80,AR-03-009,AR-03,3,Catamarca,9,FRAY MAMERTO ESQUIU,80,SAN ANTONIO (F.M.ESQUIU),4003,True,True,00080,Fray Mamerto Esquiú,4672,False
AR-03-009-81,AR-03-009,AR-03,3,Catamarca,9,FRAY MAMERTO ESQUIU,81,SAN JOSE (F.M.ESQUIU),3980,True,True,00081,Fray Mamerto Esquiú,4498,False
AR-03-010-82,AR-03-010,AR-03,3,Catamarca,10,AMBATO,82,COLPES (AMBATO),67,True,True,00082,Ambato,83,False
AR-03-010-83,AR-03-010,AR-03,3,Catamarca,10,AMBATO,83,EL RODEO,1225,True,True,00083,Ambato,1534,False
AR-03-010-84,AR-03-010,AR-03,3,Catamarca,10,AMBATO,84,LA PUERTA,1043,True,True,00084,Ambato,1242,False
AR-03-010-85,AR-03-010,AR-03,3,Catamarca,10,AMBATO,85,LAS CHACRITAS,101,True,True,00085,Ambato,97,False
AR-03-010-86,AR-03-010,AR-03,3,Catamarca,10,AMBATO,86,LAS JUNTAS (AMBATO),584,True,True,00086,Ambato,755,False
AR-03-010-87,AR-03-010,AR-03,3,Catamarca,10,AMBATO,87,LOS CASTILLO,353,True,True,00087,Ambato,372,False
AR-03-010-88,AR-03-010,AR-03,3,Catamarca,10,AMBATO,88,LOS VARELA,884,True,True,00088,Ambato,987,False
AR-03-010-89,AR-03-010,AR-03,3,Catamarca,10,AMBATO,89,SINGUIL,383,True,True,00089,Ambato,425,False
AR-03-011-90,AR-03-011,AR-03,3,Catamarca,11,POMAN,90,COLANA,439,True,True,00090,Pomán,438,False
AR-03-011-91,AR-03-011,AR-03,3,Catamarca,11,POMAN,91,COLPES (POMAN),590,True,True,00091,Pomán,674,False
AR-03-011-92,AR-03-011,AR-03,3,Catamarca,11,POMAN,92,EL PAJONAL,480,True,True,00092,Pomán,504,False
AR-03-011-93,AR-03-011,AR-03,3,Catamarca,11,POMAN,93,MUTQUIN,1021,True,True,00093,Pomán,1043,False
AR-03-011-94,AR-03-011,AR-03,3,Catamarca,11,POMAN,94,RINCON,462,True,True,00094,Pomán,498,False
AR-03-011-95,AR-03-011,AR-03,3,Catamarca,11,POMAN,95,SAN MIGUEL,297,True,True,00095,Pomán,360,False
AR-03-011-96,AR-03-011,AR-03,3,Catamarca,11,POMAN,96,SAUJIL (POMAN),2194,True,True,00096,Pomán,2511,False
AR-03-011-97,AR-03-011,AR-03,3,Catamarca,11,POMAN,97,SIJAN,856,True,True,00097,Pomán,946,False
AR-03-011-98,AR-03-011,AR-03,3,Catamarca,11,POMAN,98,VILLA (POMAN),2446,True,True,00098,Pomán,2752,False
AR-03-012-100,AR-03-012,AR-03,3,Catamarca,12,ANDALGALA,100,AGUA DE LAS PALOMAS,95,True,True,00100,Andalgalá,90,False
AR-03-012-101,AR-03-012,AR-03,3,Catamarca,12,ANDALGALA,101,AMANAO,79,True,True,00101,Andalgalá,86,False
AR-03-012-102,AR-03-012,AR-03,3,Catamarca,12,ANDALGALA,102,CIUDAD (ANDALGALA),8589,True,True,00102,Andalgalá,9430,False
AR-03-012-103,AR-03-012,AR-03,3,Catamarca,12,ANDALGALA,103,CHAQUIAGO,1591,True,True,00103,Andalgalá,1633,False
AR-03-012-104,AR-03-012,AR-03,3,Catamarca,12,ANDALGALA,104,CHOYA,328,True,True,00104,Andalgalá,322,False
AR-03-012-105,AR-03-012,AR-03,3,Catamarca,12,ANDALGALA,105,EL POTRERO,193,True,True,00105,Andalgalá,210,False
AR-03-012-106,AR-03-012,AR-03,3,Catamarca,12,ANDALGALA,106,LA ALUMBRERA,233,True,True,00106,Andalgalá,179,False
AR-03-012-107,AR-03-012,AR-03,3,Catamarca,12,ANDALGALA,107,MALLI,1553,True,True,00107,Andalgalá,1677,False
AR-03-012-108,AR-03-012,AR-03,3,Catamarca,12,ANDALGALA,108,MINAS CAPILLITAS,45,True,True,00108,Andalgalá,36,False
AR-03-012-109,AR-03-012,AR-03,3,Catamarca,12,ANDALGALA,109,VILLA VIL (ANDALGALA),163,True,True,00109,Andalgalá,147,False
AR-03-012-99,AR-03-012,AR-03,3,Catamarca,12,ANDALGALA,99,ACONQUIJA,2169,True,True,00099,Andalgalá,2555,False
AR-03-013-110,AR-03-013,AR-03,3,Catamarca,13,BELEN,110,AMPUJACO,42,True,True,00110,Belén,33,False
AR-03-013-111,AR-03-013,AR-03,3,Catamarca,13,BELEN,111,CORRAL QUEMADO,1167,True,True,00111,Belén,1363,False
AR-03-013-112,AR-03-013,AR-03,3,Catamarca,13,BELEN,112,CULAMPAJA,106,True,True,00112,Belén,104,False
AR-03-013-113,AR-03-013,AR-03,3,Catamarca,13,BELEN,113,EL DURAZNO,711,True,True,00113,Belén,789,False
AR-03-013-114,AR-03-013,AR-03,3,Catamarca,13,BELEN,114,HUALFIN,1034,True,True,00114,Belén,1069,False
AR-03-013-115,AR-03-013,AR-03,3,Catamarca,13,BELEN,115,LA CIENAGA,662,True,True,00115,Belén,656,False
AR-03-013-116,AR-03-013,AR-03,3,Catamarca,13,BELEN,116,LAGUNA BLANCA,228,True,True,00116,Belén,235,False
AR-03-013-117,AR-03-013,AR-03,3,Catamarca,13,BELEN,117,LA P. DE S. JOSE,299,True,True,00117,Belén,377,False
AR-03-013-118,AR-03-013,AR-03,3,Catamarca,13,BELEN,118,LAS CUEVAS,98,True,True,00118,Belén,139,False
AR-03-013-119,AR-03-013,AR-03,3,Catamarca,13,BELEN,119,LAS JUNTAS (BELEN),1339,True,True,00119,Belén,1630,False
AR-03-013-120,AR-03-013,AR-03,3,Catamarca,13,BELEN,120,LONDRES,2487,True,True,00120,Belén,2734,False
AR-03-013-121,AR-03-013,AR-03,3,Catamarca,13,BELEN,121,LOS NACIMIENTOS,168,True,True,00121,Belén,155,False
AR-03-013-122,AR-03-013,AR-03,3,Catamarca,13,BELEN,122,P. DE CORRAL QUEMADO,501,True,True,00122,Belén,567,False
AR-03-013-123,AR-03-013,AR-03,3,Catamarca,13,BELEN,123,SAN FERNANDO,669,True,True,00123,Belén,805,False
AR-03-013-124,AR-03-013,AR-03,3,Catamarca,13,BELEN,124,CIUDAD (BELEN),11710,True,True,00124,Belén,12530,False
AR-03-013-125,AR-03-013,AR-03,3,Catamarca,13,BELEN,125,VILLA VIL (BELEN),967,True,True,00125,Belén,928,False
AR-03-014-126,AR-03-014,AR-03,3,Catamarca,14,ANTOFAGASTA DE LA SIERRA,126,ANTOF. DE LA SIERRA,1010,True,True,00126,Antofagasta de la Sierra,1385,False
AR-03-014-127,AR-03-014,AR-03,3,Catamarca,14,ANTOFAGASTA DE LA SIERRA,127,EL PEÑON,218,True,True,00127,Antofagasta de la Sierra,415,False
AR-03-015-128,AR-03-015,AR-03,3,Catamarca,15,TINOGASTA,128,BANDA DE LUCERO,189,True,True,00128,Tinogasta,214,False
AR-03-015-129,AR-03-015,AR-03,3,Catamarca,15,TINOGASTA,129,CERRO NEGRO,115,True,True,00129,Tinogasta,121,False
AR-03-015-130,AR-03-015,AR-03,3,Catamarca,15,TINOGASTA,130,COPACABANA,351,True,True,00130,Tinogasta,356,False
AR-03-015-131,AR-03-015,AR-03,3,Catamarca,15,TINOGASTA,131,EL PUESTO,573,True,True,00131,Tinogasta,595,False
AR-03-015-132,AR-03-015,AR-03,3,Catamarca,15,TINOGASTA,132,FIAMBALA,3744,True,True,00132,Tinogasta,4413,False
AR-03-015-133,AR-03-015,AR-03,3,Catamarca,15,TINOGASTA,133,LA MESADA,171,True,True,00133,Tinogasta,177,False
AR-03-015-134,AR-03-015,AR-03,3,Catamarca,15,TINOGASTA,134,LA PUNTILLA,182,True,True,00134,Tinogasta,175,False
AR-03-015-135,AR-03-015,AR-03,3,Catamarca,15,TINOGASTA,135,LA RAMADITA,42,True,True,00135,Tinogasta,71,False
AR-03-015-136,AR-03-015,AR-03,3,Catamarca,15,TINOGASTA,136,MEDANITOS,834,True,True,00136,Tinogasta,887,False
AR-03-015-137,AR-03-015,AR-03,3,Catamarca,15,TINOGASTA,137,PALO BLANCO,921,True,True,00137,Tinogasta,966,False
AR-03-015-138,AR-03-015,AR-03,3,Catamarca,15,TINOGASTA,138,SALADO,521,True,True,00138,Tinogasta,545,False
AR-03-015-139,AR-03-015,AR-03,3,Catamarca,15,TINOGASTA,139,SAN JOSE (TINOGASTA),146,True,True,00139,Tinogasta,127,False
AR-03-015-140,AR-03-015,AR-03,3,Catamarca,15,TINOGASTA,140,SANTA ROSA (TINOGASTA),673,True,True,00140,Tinogasta,600,False
AR-03-015-141,AR-03-015,AR-03,3,Catamarca,15,TINOGASTA,141,SAUJIL (TINOGASTA),233,True,True,00141,Tinogasta,258,False
AR-03-015-142,AR-03-015,AR-03,3,Catamarca,15,TINOGASTA,142,TATON,274,True,True,00142,Tinogasta,305,False
AR-03-015-143,AR-03-015,AR-03,3,Catamarca,15,TINOGASTA,143,CIUDAD (TINOGASTA),9100,True,True,00143,Tinogasta,9897,False
AR-03-016-144,AR-03-016,AR-03,3,Catamarca,16,SANTA MARIA,144,AGUA AMARILLA,180,True,True,00144,Santa María,166,False
AR-03-016-145,AR-03-016,AR-03,3,Catamarca,16,SANTA MARIA,145,ANDALHUALA,241,True,True,00145,Santa María,230,False
AR-03-016-146,AR-03-016,AR-03,3,Catamarca,16,SANTA MARIA,146,CASA DE PIEDRA,533,True,True,00146,Santa María,595,False
AR-03-016-147,AR-03-016,AR-03,3,Catamarca,16,SANTA MARIA,147,CHAÑAR PUNCO,1380,True,True,00147,Santa María,1435,False
AR-03-016-148,AR-03-016,AR-03,3,Catamarca,16,SANTA MARIA,148,EL CAJON,247,True,True,00148,Santa María,250,False
AR-03-016-149,AR-03-016,AR-03,3,Catamarca,16,SANTA MARIA,149,FUERTE QUEMADO,630,True,True,00149,Santa María,659,False
AR-03-016-150,AR-03-016,AR-03,3,Catamarca,16,SANTA MARIA,150,LA HOYADA,149,True,True,00150,Santa María,165,False
AR-03-016-151,AR-03-016,AR-03,3,Catamarca,16,SANTA MARIA,151,LORO HUASI,1518,True,True,00151,Santa María,1571,False
AR-03-016-152,AR-03-016,AR-03,3,Catamarca,16,SANTA MARIA,152,PUNTA DE BALASTO,209,True,True,00152,Santa María,214,False
AR-03-016-153,AR-03-016,AR-03,3,Catamarca,16,SANTA MARIA,153,SAN JOSE (SANTA MARIA),3299,True,True,00153,Santa María,3518,False
AR-03-016-154,AR-03-016,AR-03,3,Catamarca,16,SANTA MARIA,154,CIUDAD (SANTA MARIA),11721,True,True,00154,Santa María,12680,False
AR-04-001-1,AR-04-001,AR-04,4,Córdoba,1,CAPITAL,1,SECCIONAL PRIMERA,16095,True,True,00001,Capital,15782,False
AR-04-001-10,AR-04-001,AR-04,4,Córdoba,1,CAPITAL,10,BELLA VISTA,18191,True,True,00010,Capital,18148,False
AR-04-001-10A,AR-04-001,AR-04,4,Córdoba,1,CAPITAL,10A,CABILDO,5049,True,True,0010A,Capital,5154,False
AR-04-001-10B,AR-04-001,AR-04,4,Córdoba,1,CAPITAL,10B,CIUDADELA,12183,True,True,0010B,Capital,11746,False
AR-04-001-10C,AR-04-001,AR-04,4,Córdoba,1,CAPITAL,10C,COMERCIAL,7055,True,True,0010C,Capital,7505,False
AR-04-001-10D,AR-04-001,AR-04,4,Córdoba,1,CAPITAL,10D,CONGRESO,3496,True,True,0010D,Capital,4329,False
AR-04-001-10E,AR-04-001,AR-04,4,Córdoba,1,CAPITAL,10E,ESTACION FLORES,12899,True,True,0010E,Capital,15110,False
AR-04-001-10F,AR-04-001,AR-04,4,Córdoba,1,CAPITAL,10F,MATIENZO,12833,True,True,0010F,Capital,13135,False
AR-04-001-10G,AR-04-001,AR-04,4,Córdoba,1,CAPITAL,10G,OBSERVATORIO,21121,True,True,0010G,Capital,20809,False
AR-04-001-10H,AR-04-001,AR-04,4,Córdoba,1,CAPITAL,10H,PARQUE CAPITAL,12502,True,True,0010H,Capital,12255,False
AR-04-001-10I,AR-04-001,AR-04,4,Córdoba,1,CAPITAL,10I,PARQUE HORIZONTE,10449,True,True,0010I,Capital,11530,False
AR-04-001-10J,AR-04-001,AR-04,4,Córdoba,1,CAPITAL,10J,SANTA ISABEL,12620,True,True,0010J,Capital,12364,False
AR-04-001-10K,AR-04-001,AR-04,4,Córdoba,1,CAPITAL,10K,VICOR,5551,True,True,0010K,Capital,7397,False
AR-04-001-10L,AR-04-001,AR-04,4,Córdoba,1,CAPITAL,10L,VILLA EL LIBERTADOR,26710,True,True,0010L,Capital,27253,False
AR-04-001-10M,AR-04-001,AR-04,4,Córdoba,1,CAPITAL,10M,AMPLIACION CABILDO,1868,True,True,0010M,Capital,3221,False
AR-04-001-11,AR-04-001,AR-04,4,Córdoba,1,CAPITAL,11,AERONAUTICO,4728,True,True,00011,Capital,4981,False
AR-04-001-11A,AR-04-001,AR-04,4,Córdoba,1,CAPITAL,11A,ALTO ALBERDI,23555,True,True,0011A,Capital,23104,False
AR-04-001-11B,AR-04-001,AR-04,4,Córdoba,1,CAPITAL,11B,DON BOSCO,6739,True,True,0011B,Capital,6863,False
AR-04-001-11C,AR-04-001,AR-04,4,Córdoba,1,CAPITAL,11C,LAS PALMAS,14249,True,True,0011C,Capital,14186,False
AR-04-001-11D,AR-04-001,AR-04,4,Córdoba,1,CAPITAL,11D,LOS NARANJOS,13002,True,True,0011D,Capital,12247,False
AR-04-001-11E,AR-04-001,AR-04,4,Córdoba,1,CAPITAL,11E,LOS PLATANOS,16250,True,True,0011E,Capital,16051,False
AR-04-001-11F,AR-04-001,AR-04,4,Córdoba,1,CAPITAL,11F,LOS ROBLES,8340,True,True,0011F,Capital,8946,False
AR-04-001-11G,AR-04-001,AR-04,4,Córdoba,1,CAPITAL,11G,PARQUE REPUBLICA,13858,True,True,0011G,Capital,15250,False
AR-04-001-11H,AR-04-001,AR-04,4,Córdoba,1,CAPITAL,11H,QUEBRADA LAS ROSAS,6802,True,True,0011H,Capital,6949,False
AR-04-001-11I,AR-04-001,AR-04,4,Córdoba,1,CAPITAL,11I,RESIDENCIAL SAN ROQUE,16007,True,True,0011I,Capital,16755,False
AR-04-001-11J,AR-04-001,AR-04,4,Córdoba,1,CAPITAL,11J,SANTA ANA,17627,True,True,0011J,Capital,17097,False
AR-04-001-11K,AR-04-001,AR-04,4,Córdoba,1,CAPITAL,11K,VILLA GRAL URQUIZA,11327,True,True,0011K,Capital,11982,False
AR-04-001-11L,AR-04-001,AR-04,4,Córdoba,1,CAPITAL,11L,COUNTRYS DEL OESTE,2772,True,True,0011L,Capital,3114,False
AR-04-001-11M,AR-04-001,AR-04,4,Córdoba,1,CAPITAL,11M,VALLE ESCONDIDO,4742,True,True,0011M,Capital,6989,False
AR-04-001-12,AR-04-001,AR-04,4,Córdoba,1,CAPITAL,12,AVELLANEDA,9171,True,True,00012,Capital,10204,False
AR-04-001-12A,AR-04-001,AR-04,4,Córdoba,1,CAPITAL,12A,CARCANO,5820,True,True,0012A,Capital,6257,False
AR-04-001-12B,AR-04-001,AR-04,4,Córdoba,1,CAPITAL,12B,COLON,22935,True,True,0012B,Capital,22076,False
AR-04-001-12C,AR-04-001,AR-04,4,Córdoba,1,CAPITAL,12C,CORONEL OLMEDO,4632,True,True,0012C,Capital,4794,False
AR-04-001-12D,AR-04-001,AR-04,4,Córdoba,1,CAPITAL,12D,JOSE IGNACIO DIAZ,26913,True,True,0012D,Capital,28183,False
AR-04-001-12E,AR-04-001,AR-04,4,Córdoba,1,CAPITAL,12E,FERREYRA,5033,True,True,0012E,Capital,5450,False
AR-04-001-12F,AR-04-001,AR-04,4,Córdoba,1,CAPITAL,12F,JOSE HERNANDEZ,20222,True,True,0012F,Capital,20649,False
AR-04-001-12G,AR-04-001,AR-04,4,Córdoba,1,CAPITAL,12G,ITUZAINGO,11101,True,True,0012G,Capital,11562,False
AR-04-001-12H,AR-04-001,AR-04,4,Córdoba,1,CAPITAL,12H,LOS CERVECEROS,11415,True,True,0012H,Capital,12868,False
AR-04-001-12I,AR-04-001,AR-04,4,Córdoba,1,CAPITAL,12I,CIUDAD DE MIS SUEÑOS,2535,True,True,0012I,Capital,2886,False
AR-04-001-13,AR-04-001,AR-04,4,Córdoba,1,CAPITAL,13,LEANDRO N. ALEM,9268,True,True,00013,Capital,8807,False
AR-04-001-13A,AR-04-001,AR-04,4,Córdoba,1,CAPITAL,13A,AYACUCHO,17047,True,True,0013A,Capital,16034,False
AR-04-001-13B,AR-04-001,AR-04,4,Córdoba,1,CAPITAL,13B,EL GATEADO,128,True,True,0013B,Capital,113,False
AR-04-001-13C,AR-04-001,AR-04,4,Córdoba,1,CAPITAL,13C,GENERAL BUSTOS,13927,True,True,0013C,Capital,13224,False
AR-04-001-13D,AR-04-001,AR-04,4,Córdoba,1,CAPITAL,13D,JARDIN ARENALES,2733,True,True,0013D,Capital,3049,False
AR-04-001-13E,AR-04-001,AR-04,4,Córdoba,1,CAPITAL,13E,LA DOROTEA,1263,True,True,0013E,Capital,1352,False
AR-04-001-13F,AR-04-001,AR-04,4,Córdoba,1,CAPITAL,13F,NUEVA ITALIA,7940,True,True,0013F,Capital,7858,False
AR-04-001-13G,AR-04-001,AR-04,4,Córdoba,1,CAPITAL,13G,PARQUE LICEO,18982,True,True,0013G,Capital,20592,False
AR-04-001-13H,AR-04-001,AR-04,4,Córdoba,1,CAPITAL,13H,PATRICIOS,17543,True,True,0013H,Capital,17413,False
AR-04-001-13I,AR-04-001,AR-04,4,Córdoba,1,CAPITAL,13I,SAN JORGE,6206,True,True,0013I,Capital,5705,False
AR-04-001-13J,AR-04-001,AR-04,4,Córdoba,1,CAPITAL,13J,VILLA AZALAIS,31918,True,True,0013J,Capital,32106,False
AR-04-001-13K,AR-04-001,AR-04,4,Córdoba,1,CAPITAL,13K,VILLA ESQUIU,2307,True,True,0013K,Capital,2692,False
AR-04-001-13L,AR-04-001,AR-04,4,Córdoba,1,CAPITAL,13L,VILLA GRAN PARQUE,461,True,True,0013L,Capital,464,False
AR-04-001-13M,AR-04-001,AR-04,4,Córdoba,1,CAPITAL,13M,CAMINO A COLONIA TIROLESA,431,True,True,0013M,Capital,530,False
AR-04-001-13N,AR-04-001,AR-04,4,Córdoba,1,CAPITAL,13N,YOFRE,7591,True,True,0013N,Capital,7313,False
AR-04-001-13O,AR-04-001,AR-04,4,Córdoba,1,CAPITAL,13O,CHACHAPOYAS,1382,True,True,0013O,Capital,1651,False
AR-04-001-14,AR-04-001,AR-04,4,Córdoba,1,CAPITAL,14,ARGUELLO,7191,True,True,00014,Capital,7357,False
AR-04-001-14A,AR-04-001,AR-04,4,Córdoba,1,CAPITAL,14A,ARGUELLO NORTE,18293,True,True,0014A,Capital,20041,False
AR-04-001-14B,AR-04-001,AR-04,4,Córdoba,1,CAPITAL,14B,ARGUELLO PRIMERO,7171,True,True,0014B,Capital,7068,False
AR-04-001-14C,AR-04-001,AR-04,4,Córdoba,1,CAPITAL,14C,ARGUELLO SEGUNDO,5006,True,True,0014C,Capital,5238,False
AR-04-001-14D,AR-04-001,AR-04,4,Córdoba,1,CAPITAL,14D,CERRO DE LAS ROSAS,6594,True,True,0014D,Capital,5955,False
AR-04-001-14E,AR-04-001,AR-04,4,Córdoba,1,CAPITAL,14E,CERRO NORTE,6648,True,True,0014E,Capital,6701,False
AR-04-001-14F,AR-04-001,AR-04,4,Córdoba,1,CAPITAL,14F,GRANJA DE FUNES,6771,True,True,0014F,Capital,6838,False
AR-04-001-14G,AR-04-001,AR-04,4,Córdoba,1,CAPITAL,14G,LOS BOULEVARES,9437,True,True,0014G,Capital,9903,False
AR-04-001-14H,AR-04-001,AR-04,4,Córdoba,1,CAPITAL,14H,MERCANTIL,4663,True,True,0014H,Capital,6095,False
AR-04-001-14I,AR-04-001,AR-04,4,Córdoba,1,CAPITAL,14I,SANTA CECILIA,5406,True,True,0014I,Capital,6183,False
AR-04-001-14J,AR-04-001,AR-04,4,Córdoba,1,CAPITAL,14J,URCA,8049,True,True,0014J,Capital,7575,False
AR-04-001-14K,AR-04-001,AR-04,4,Córdoba,1,CAPITAL,14K,VILLA ALLENDE PARQUE,3658,True,True,0014K,Capital,3685,False
AR-04-001-14L,AR-04-001,AR-04,4,Córdoba,1,CAPITAL,14L,VILLA BELGRANO,5134,True,True,0014L,Capital,4990,False
AR-04-001-14M,AR-04-001,AR-04,4,Córdoba,1,CAPITAL,14M,VILLA CENTENARIO,9704,True,True,0014M,Capital,9015,False
AR-04-001-14N,AR-04-001,AR-04,4,Córdoba,1,CAPITAL,14N,VILLA CORNU,4679,True,True,0014N,Capital,4377,False
AR-04-001-14O,AR-04-001,AR-04,4,Córdoba,1,CAPITAL,14O,VILLA 9 DE JULIO,7703,True,True,0014O,Capital,8148,False
AR-04-001-14P,AR-04-001,AR-04,4,Córdoba,1,CAPITAL,14P,VILLA RIVERA INDARTE,3545,True,True,0014P,Capital,3662,False
AR-04-001-14Q,AR-04-001,AR-04,4,Córdoba,1,CAPITAL,14Q,VILLA WARCALDE,1266,True,True,0014Q,Capital,1423,False
AR-04-001-2,AR-04-001,AR-04,4,Córdoba,1,CAPITAL,2,SECCIONAL SEGUNDA,6145,True,True,00002,Capital,6246,False
AR-04-001-3,AR-04-001,AR-04,4,Córdoba,1,CAPITAL,3,SECCIONAL TERCERA,20676,True,True,00003,Capital,20207,False
AR-04-001-4,AR-04-001,AR-04,4,Córdoba,1,CAPITAL,4,NUEVA CORDOBA,21029,True,True,00004,Capital,21572,False
AR-04-001-4A,AR-04-001,AR-04,4,Córdoba,1,CAPITAL,4A,PUEBLO LAS FLORES,17963,True,True,0004A,Capital,18034,False
AR-04-001-4B,AR-04-001,AR-04,4,Córdoba,1,CAPITAL,4B,VILLA REVOL,15815,True,True,0004B,Capital,15316,False
AR-04-001-4C,AR-04-001,AR-04,4,Córdoba,1,CAPITAL,4C,INAUDI,4652,True,True,0004C,Capital,5183,False
AR-04-001-4D,AR-04-001,AR-04,4,Córdoba,1,CAPITAL,4D,VILLA EUCARISTICA,2225,True,True,0004D,Capital,3441,False
AR-04-001-4E,AR-04-001,AR-04,4,Córdoba,1,CAPITAL,4E,NUESTRO HOGAR III,2596,True,True,0004E,Capital,3467,False
AR-04-001-4F,AR-04-001,AR-04,4,Córdoba,1,CAPITAL,4F,CIUDAD OBISPO ANGELELLI,2679,True,True,0004F,Capital,3681,False
AR-04-001-5,AR-04-001,AR-04,4,Córdoba,1,CAPITAL,5,ALTAMIRA,13933,True,True,00005,Capital,13441,False
AR-04-001-5A,AR-04-001,AR-04,4,Córdoba,1,CAPITAL,5A,COLONIA LOLA,5322,True,True,0005A,Capital,5481,False
AR-04-001-5B,AR-04-001,AR-04,4,Córdoba,1,CAPITAL,5B,DEAN FUNES,1888,True,True,0005B,Capital,1816,False
AR-04-001-5C,AR-04-001,AR-04,4,Córdoba,1,CAPITAL,5C,EMPALME,18384,True,True,0005C,Capital,17998,False
AR-04-001-5D,AR-04-001,AR-04,4,Córdoba,1,CAPITAL,5D,MALDONADO,11243,True,True,0005D,Capital,12240,False
AR-04-001-5E,AR-04-001,AR-04,4,Córdoba,1,CAPITAL,5E,VILLA BUSTOS,4072,True,True,0005E,Capital,4210,False
AR-04-001-5F,AR-04-001,AR-04,4,Córdoba,1,CAPITAL,5F,RENACIMIENTO,4715,True,True,0005F,Capital,5065,False
AR-04-001-5G,AR-04-001,AR-04,4,Córdoba,1,CAPITAL,5G,SAN VICENTE,15742,True,True,0005G,Capital,15011,False
AR-04-001-5H,AR-04-001,AR-04,4,Córdoba,1,CAPITAL,5H,VILLA BOEDO,1944,True,True,0005H,Capital,2080,False
AR-04-001-5I,AR-04-001,AR-04,4,Córdoba,1,CAPITAL,5I,COLINAS DEL SUR,5111,True,True,0005I,Capital,5340,False
AR-04-001-6,AR-04-001,AR-04,4,Córdoba,1,CAPITAL,6,ALTO GRAL PAZ,5240,True,True,00006,Capital,5622,False
AR-04-001-6A,AR-04-001,AR-04,4,Córdoba,1,CAPITAL,6A,BAJADA DE PIEDRA,294,True,True,0006A,Capital,372,False
AR-04-001-6B,AR-04-001,AR-04,4,Córdoba,1,CAPITAL,6B,CHACRA DE LA MERCED,216,True,True,0006B,Capital,245,False
AR-04-001-6C,AR-04-001,AR-04,4,Córdoba,1,CAPITAL,6C,GRAL PAZ,12107,True,True,0006C,Capital,12444,False
AR-04-001-6D,AR-04-001,AR-04,4,Córdoba,1,CAPITAL,6D,JUNIORS,7449,True,True,0006D,Capital,6690,False
AR-04-001-6E,AR-04-001,AR-04,4,Córdoba,1,CAPITAL,6E,LA FLORESTA SUD,2291,True,True,0006E,Capital,2825,False
AR-04-001-6F,AR-04-001,AR-04,4,Córdoba,1,CAPITAL,6F,YAPEYU,8173,True,True,0006F,Capital,8145,False
AR-04-001-7,AR-04-001,AR-04,4,Córdoba,1,CAPITAL,7,AEROPUERTO,112,True,True,00007,Capital,130,False
AR-04-001-7A,AR-04-001,AR-04,4,Córdoba,1,CAPITAL,7A,GUIÑAZU,6787,True,True,0007A,Capital,6920,False
AR-04-001-7B,AR-04-001,AR-04,4,Córdoba,1,CAPITAL,7B,ALTA CORDOBA,22752,True,True,0007B,Capital,22035,False
AR-04-001-7C,AR-04-001,AR-04,4,Córdoba,1,CAPITAL,7C,CNO. A PAJAS BLANCAS,8,True,True,0007C,Capital,16,False
AR-04-001-7D,AR-04-001,AR-04,4,Córdoba,1,CAPITAL,7D,COFICO,9791,True,True,0007D,Capital,9966,False
AR-04-001-7E,AR-04-001,AR-04,4,Córdoba,1,CAPITAL,7E,MARQUES DE SOBREMONTE,16631,True,True,0007E,Capital,17257,False
AR-04-001-7F,AR-04-001,AR-04,4,Córdoba,1,CAPITAL,7F,JORGE NEWBERY,8251,True,True,0007F,Capital,8059,False
AR-04-001-7G,AR-04-001,AR-04,4,Córdoba,1,CAPITAL,7G,PANAMERICANO,12869,True,True,0007G,Capital,12857,False
AR-04-001-8,AR-04-001,AR-04,4,Córdoba,1,CAPITAL,8,LA FLORESTA NORTE,784,True,True,00008,Capital,720,False
AR-04-001-8A,AR-04-001,AR-04,4,Córdoba,1,CAPITAL,8A,PALMAR,4073,True,True,0008A,Capital,4300,False
AR-04-001-8B,AR-04-001,AR-04,4,Córdoba,1,CAPITAL,8B,PUEYRREDON,19927,True,True,0008B,Capital,19679,False
AR-04-001-8C,AR-04-001,AR-04,4,Córdoba,1,CAPITAL,8C,VILLA LOS PINOS,8468,True,True,0008C,Capital,8254,False
AR-04-001-9,AR-04-001,AR-04,4,Córdoba,1,CAPITAL,9,ESCOBAR,5916,True,True,00009,Capital,5696,False
AR-04-001-9A,AR-04-001,AR-04,4,Córdoba,1,CAPITAL,9A,LA FRANCE,4987,True,True,0009A,Capital,4744,False
AR-04-001-9B,AR-04-001,AR-04,4,Córdoba,1,CAPITAL,9B,LAS MARGARITAS,8009,True,True,0009B,Capital,7553,False
AR-04-001-9C,AR-04-001,AR-04,4,Córdoba,1,CAPITAL,9C,LOS PARAISOS,14098,True,True,0009C,Capital,13463,False
AR-04-001-9D,AR-04-001,AR-04,4,Córdoba,1,CAPITAL,9D,POETA LUGONES,9246,True,True,0009D,Capital,9264,False
AR-04-001-9E,AR-04-001,AR-04,4,Córdoba,1,CAPITAL,9E,PROVIDENCIA,5033,True,True,0009E,Capital,5037,False
AR-04-001-9F,AR-04-001,AR-04,4,Córdoba,1,CAPITAL,9F,SAN MARTIN,15282,True,True,0009F,Capital,14815,False
AR-04-001-9G,AR-04-001,AR-04,4,Córdoba,1,CAPITAL,9G,VILLA CABRERA,5859,True,True,0009G,Capital,5523,False
AR-04-002-15,AR-04-002,AR-04,4,Córdoba,2,CALAMUCHITA,15,AMBOY,253,True,True,00015,Calamuchita,401,False
AR-04-002-15A,AR-04-002,AR-04,4,Córdoba,2,CALAMUCHITA,15A,VILLA AMANCAY,567,True,True,0015A,Calamuchita,897,False
AR-04-002-16,AR-04-002,AR-04,4,Córdoba,2,CALAMUCHITA,16,ATHOS PAMPA,165,True,True,00016,Calamuchita,240,False
AR-04-002-16A,AR-04-002,AR-04,4,Córdoba,2,CALAMUCHITA,16A,VILLA LA MERCED,101,True,True,0016A,Calamuchita,123,False
AR-04-002-16B,AR-04-002,AR-04,4,Córdoba,2,CALAMUCHITA,16B,CHAMPAQUI,10,True,True,0016B,Calamuchita,20,False
AR-04-002-16C,AR-04-002,AR-04,4,Córdoba,2,CALAMUCHITA,16C,VILLA BERNA,99,True,True,0016C,Calamuchita,136,False
AR-04-002-17,AR-04-002,AR-04,4,Córdoba,2,CALAMUCHITA,17,EMBALSE,7463,True,True,00017,Calamuchita,7764,False
AR-04-002-18,AR-04-002,AR-04,4,Córdoba,2,CALAMUCHITA,18,LA CRUZ,1579,True,True,00018,Calamuchita,1613,False
AR-04-002-18A,AR-04-002,AR-04,4,Córdoba,2,CALAMUCHITA,18A,LUTTI,157,True,True,0018A,Calamuchita,152,False
AR-04-002-18B,AR-04-002,AR-04,4,Córdoba,2,CALAMUCHITA,18B,CALERAS DE CALAMUCHITA,210,True,True,0018B,Calamuchita,261,False
AR-04-002-18C,AR-04-002,AR-04,4,Córdoba,2,CALAMUCHITA,18C,VILLA CAÑADA DEL SAUCE,72,True,True,0018C,Calamuchita,152,False
AR-04-002-18D,AR-04-002,AR-04,4,Córdoba,2,CALAMUCHITA,18D,VILLA QUILLINZO,169,True,True,0018D,Calamuchita,499,False
AR-04-002-19,AR-04-002,AR-04,4,Córdoba,2,CALAMUCHITA,19,LOS CONDORES,2945,True,True,00019,Calamuchita,3098,False
AR-04-002-20,AR-04-002,AR-04,4,Córdoba,2,CALAMUCHITA,20,LOS REARTES,1513,True,True,00020,Calamuchita,2472,False
AR-04-002-20A,AR-04-002,AR-04,4,Córdoba,2,CALAMUCHITA,20A,VILLA GENERAL BELGRANO,8272,True,True,0020A,Calamuchita,9958,False
AR-04-002-20B,AR-04-002,AR-04,4,Córdoba,2,CALAMUCHITA,20B,VI.CIUD.PQUE.LOS REARTES,1368,True,True,0020B,Calamuchita,2168,False
AR-04-002-21,AR-04-002,AR-04,4,Córdoba,2,CALAMUCHITA,21,LAS BAJADAS,278,True,True,00021,Calamuchita,308,False
AR-04-002-22,AR-04-002,AR-04,4,Córdoba,2,CALAMUCHITA,22,RIO DE LOS SAUCES,1142,True,True,00022,Calamuchita,1419,False
AR-04-002-23,AR-04-002,AR-04,4,Córdoba,2,CALAMUCHITA,23,VILLA YACANTO,1673,True,True,00023,Calamuchita,2660,False
AR-04-002-24,AR-04-002,AR-04,4,Córdoba,2,CALAMUCHITA,24,RUMIPAL,2662,True,True,00024,Calamuchita,3479,False
AR-04-002-24A,AR-04-002,AR-04,4,Córdoba,2,CALAMUCHITA,24A,VILLA DEL DIQUE,3550,True,True,0024A,Calamuchita,4325,False
AR-04-002-25,AR-04-002,AR-04,4,Córdoba,2,CALAMUCHITA,25,SAN AGUSTIN,3165,True,True,00025,Calamuchita,3485,False
AR-04-002-25A,AR-04-002,AR-04,4,Córdoba,2,CALAMUCHITA,25A,CALMAYO,132,True,True,0025A,Calamuchita,178,False
AR-04-002-25B,AR-04-002,AR-04,4,Córdoba,2,CALAMUCHITA,25B,LOS MOLINOS,309,True,True,0025B,Calamuchita,368,False
AR-04-002-26,AR-04-002,AR-04,4,Córdoba,2,CALAMUCHITA,26,SANTA ROSA,12509,True,True,00026,Calamuchita,14878,False
AR-04-002-26A,AR-04-002,AR-04,4,Córdoba,2,CALAMUCHITA,26A,SEGUNDA USINA,167,True,True,0026A,Calamuchita,299,False
AR-04-002-26B,AR-04-002,AR-04,4,Córdoba,2,CALAMUCHITA,26B,SAN IGNACIO,153,True,True,0026B,Calamuchita,244,False
AR-04-002-328A,AR-04-002,AR-04,4,Córdoba,2,CALAMUCHITA,328A,LA CUMBRECITA,834,True,True,0328A,Calamuchita,973,False
AR-04-003-27,AR-04-003,AR-04,4,Córdoba,3,COLON,27,ASCOCHINGA,3327,True,True,00027,Colón,3889,False
AR-04-003-28,AR-04-003,AR-04,4,Córdoba,3,COLON,28,CALERA,18809,True,True,00028,Colón,21734,False
AR-04-003-28A,AR-04-003,AR-04,4,Córdoba,3,COLON,28A,CALERA CENTRAL,13522,True,True,0028A,Colón,15498,False
AR-04-003-29,AR-04-003,AR-04,4,Córdoba,3,COLON,29,COLONIA CAROYA,17415,True,True,00029,Colón,18787,False
AR-04-003-29A,AR-04-003,AR-04,4,Córdoba,3,COLON,29A,TINOCO,283,True,True,0029A,Colón,380,False
AR-04-003-30,AR-04-003,AR-04,4,Córdoba,3,COLON,30,COLONIA TIROLESA,6265,True,True,00030,Colón,8566,False
AR-04-003-31,AR-04-003,AR-04,4,Córdoba,3,COLON,31,EL MANZANO,1191,True,True,00031,Colón,1429,False
AR-04-003-31A,AR-04-003,AR-04,4,Córdoba,3,COLON,31A,AGUA DE ORO,2420,True,True,0031A,Colón,2883,False
AR-04-003-31B,AR-04-003,AR-04,4,Córdoba,3,COLON,31B,VILLA CERRO AZUL,382,True,True,0031B,Colón,538,False
AR-04-003-32,AR-04-003,AR-04,4,Córdoba,3,COLON,32,GENERAL PAZ,1973,True,True,00032,Colón,2068,False
AR-04-003-33,AR-04-003,AR-04,4,Córdoba,3,COLON,33,JESUS MARIA,29710,True,True,00033,Colón,29405,False
AR-04-003-33A,AR-04-003,AR-04,4,Córdoba,3,COLON,33A,COLONIA VICENTE AGÜERO,269,True,True,0033A,Colón,337,False
AR-04-003-34,AR-04-003,AR-04,4,Córdoba,3,COLON,34,JUAREZ CELMAN,11360,True,True,00034,Colón,13513,False
AR-04-003-35,AR-04-003,AR-04,4,Córdoba,3,COLON,35,MALVINAS ARGENTINAS,13138,True,True,00035,Colón,14987,False
AR-04-003-35A,AR-04-003,AR-04,4,Córdoba,3,COLON,35A,MI GRANJA,1024,True,True,0035A,Colón,1442,False
AR-04-003-36,AR-04-003,AR-04,4,Córdoba,3,COLON,36,LA PUERTA,349,True,True,00036,Colón,302,False
AR-04-003-37,AR-04-003,AR-04,4,Córdoba,3,COLON,37,RIO CEBALLOS,19465,True,True,00037,Colón,22051,False
AR-04-003-38,AR-04-003,AR-04,4,Córdoba,3,COLON,38,SALSIPUEDES,9743,True,True,00038,Colón,12234,False
AR-04-003-39,AR-04-003,AR-04,4,Córdoba,3,COLON,39,SANTA TERESA,59,True,True,00039,Colón,58,False
AR-04-003-40,AR-04-003,AR-04,4,Córdoba,3,COLON,40,UNQUILLO,18018,True,True,00040,Colón,20498,False
AR-04-003-40A,AR-04-003,AR-04,4,Córdoba,3,COLON,40A,MENDIOLAZA,11529,True,True,0040A,Colón,14023,False
AR-04-003-41,AR-04-003,AR-04,4,Córdoba,3,COLON,41,VILLA ALLENDE,30499,True,True,00041,Colón,33048,False
AR-04-003-41A,AR-04-003,AR-04,4,Córdoba,3,COLON,41A,SALDAN,12096,True,True,0041A,Colón,14302,False
AR-04-004-42,AR-04-004,AR-04,4,Córdoba,4,CRUZ DEL EJE,42,BAÑADO DE SOTO,722,True,True,00042,Cruz del Eje,762,False
AR-04-004-43,AR-04-004,AR-04,4,Córdoba,4,CRUZ DEL EJE,43,CANDELARIA,40,True,True,00043,Cruz del Eje,29,False
AR-04-004-43A,AR-04-004,AR-04,4,Córdoba,4,CRUZ DEL EJE,43A,LAS CAÑADAS,179,True,True,0043A,Cruz del Eje,241,False
AR-04-004-43B,AR-04-004,AR-04,4,Córdoba,4,CRUZ DEL EJE,43B,CRUZ DE CAÑA,213,True,True,0043B,Cruz del Eje,243,False
AR-04-004-43C,AR-04-004,AR-04,4,Córdoba,4,CRUZ DEL EJE,43C,CIENAGA DE BRITOS,5,True,True,0043C,Cruz del Eje,3,False
AR-04-004-44,AR-04-004,AR-04,4,Córdoba,4,CRUZ DEL EJE,44,CRUZ DEL EJE,26084,True,True,00044,Cruz del Eje,27514,False
AR-04-004-44A,AR-04-004,AR-04,4,Córdoba,4,CRUZ DEL EJE,44A,LAS PLAYAS,754,True,True,0044A,Cruz del Eje,937,False
AR-04-004-45,AR-04-004,AR-04,4,Córdoba,4,CRUZ DEL EJE,45,EL BRETE,1414,True,True,00045,Cruz del Eje,1652,False
AR-04-004-46,AR-04-004,AR-04,4,Córdoba,4,CRUZ DEL EJE,46,GUANACO MUERTO,932,True,True,00046,Cruz del Eje,715,False
AR-04-004-46B,AR-04-004,AR-04,4,Córdoba,4,CRUZ DEL EJE,46B,ALTO DE LOS QUEBRACHOS,388,True,True,0046B,Cruz del Eje,310,False
AR-04-004-47,AR-04-004,AR-04,4,Córdoba,4,CRUZ DEL EJE,47,IGLESIA VIEJA,92,True,True,00047,Cruz del Eje,121,False
AR-04-004-48,AR-04-004,AR-04,4,Córdoba,4,CRUZ DEL EJE,48,LA HIGUERA,509,True,True,00048,Cruz del Eje,572,False
AR-04-004-49,AR-04-004,AR-04,4,Córdoba,4,CRUZ DEL EJE,49,LOS SAUCES,91,True,True,00049,Cruz del Eje,133,False
AR-04-004-50,AR-04-004,AR-04,4,Córdoba,4,CRUZ DEL EJE,50,MEDIA NARANJA,924,True,True,00050,Cruz del Eje,1491,False
AR-04-004-50A,AR-04-004,AR-04,4,Córdoba,4,CRUZ DEL EJE,50A,LOS CHAÑARITOS,802,True,True,0050A,Cruz del Eje,711,False
AR-04-004-51,AR-04-004,AR-04,4,Córdoba,4,CRUZ DEL EJE,51,PASO VIEJO,1035,True,True,00051,Cruz del Eje,1546,False
AR-04-004-51A,AR-04-004,AR-04,4,Córdoba,4,CRUZ DEL EJE,51A,SANTA ANA,75,True,True,0051A,Cruz del Eje,85,False
AR-04-004-52,AR-04-004,AR-04,4,Córdoba,4,CRUZ DEL EJE,52,PICHANAS,147,True,True,00052,Cruz del Eje,118,False
AR-04-004-53,AR-04-004,AR-04,4,Córdoba,4,CRUZ DEL EJE,53,SAN ANTONIO,26,True,True,00053,Cruz del Eje,36,False
AR-04-004-53A,AR-04-004,AR-04,4,Córdoba,4,CRUZ DEL EJE,53A,LOS LEONES,58,True,True,0053A,Cruz del Eje,58,False
AR-04-004-53B,AR-04-004,AR-04,4,Córdoba,4,CRUZ DEL EJE,53B,EL ABRA,43,True,True,0053B,Cruz del Eje,42,False
AR-04-004-54,AR-04-004,AR-04,4,Córdoba,4,CRUZ DEL EJE,54,SAN MARCOS SIERRAS,2555,True,True,00054,Cruz del Eje,3345,False
AR-04-004-54A,AR-04-004,AR-04,4,Córdoba,4,CRUZ DEL EJE,54A,CANTERAS QUILPO,78,True,True,0054A,Cruz del Eje,43,False
AR-04-004-55,AR-04-004,AR-04,4,Córdoba,4,CRUZ DEL EJE,55,SERREZUELA,2675,True,True,00055,Cruz del Eje,3080,False
AR-04-004-55A,AR-04-004,AR-04,4,Córdoba,4,CRUZ DEL EJE,55A,LA BATEA,207,True,True,0055A,Cruz del Eje,186,False
AR-04-004-56,AR-04-004,AR-04,4,Córdoba,4,CRUZ DEL EJE,56,SOTO,7667,True,True,00056,Cruz del Eje,8278,False
AR-04-004-57,AR-04-004,AR-04,4,Córdoba,4,CRUZ DEL EJE,57,TUCLAME,1322,True,True,00057,Cruz del Eje,1437,False
AR-04-005-58,AR-04-005,AR-04,4,Córdoba,5,GENERAL ROCA,58,BRUZONE,262,True,True,00058,General Roca,446,False
AR-04-005-59,AR-04-005,AR-04,4,Córdoba,5,GENERAL ROCA,59,BUCHARDO,1777,True,True,00059,General Roca,1808,False
AR-04-005-60,AR-04-005,AR-04,4,Córdoba,5,GENERAL ROCA,60,DEL CAMPILLO,3192,True,True,00060,General Roca,3296,False
AR-04-005-61,AR-04-005,AR-04,4,Córdoba,5,GENERAL ROCA,61,HUINCA RENANCO,7565,True,True,00061,General Roca,7772,False
AR-04-005-62,AR-04-005,AR-04,4,Córdoba,5,GENERAL ROCA,62,ITALO,1068,True,True,00062,General Roca,1131,False
AR-04-005-63,AR-04-005,AR-04,4,Córdoba,5,GENERAL ROCA,63,JOVITA,4398,True,True,00063,General Roca,4612,False
AR-04-005-65,AR-04-005,AR-04,4,Córdoba,5,GENERAL ROCA,65,LECUEDER,19,True,True,00065,General Roca,14,False
AR-04-005-66,AR-04-005,AR-04,4,Córdoba,5,GENERAL ROCA,66,MATTALDI,1635,True,True,00066,General Roca,1582,False
AR-04-005-67,AR-04-005,AR-04,4,Córdoba,5,GENERAL ROCA,67,ONAGOITY,64,True,True,00067,General Roca,51,False
AR-04-005-68,AR-04-005,AR-04,4,Córdoba,5,GENERAL ROCA,68,PINCEN,255,True,True,00068,General Roca,245,False
AR-04-005-69,AR-04-005,AR-04,4,Córdoba,5,GENERAL ROCA,69,RANQUELES,45,True,True,00069,General Roca,44,False
AR-04-005-70,AR-04-005,AR-04,4,Córdoba,5,GENERAL ROCA,70,VILLA HUIDOBRO,5029,True,True,00070,General Roca,5223,False
AR-04-005-71,AR-04-005,AR-04,4,Córdoba,5,GENERAL ROCA,71,VILLA SARMIENTO,297,True,True,00071,General Roca,348,False
AR-04-005-72,AR-04-005,AR-04,4,Córdoba,5,GENERAL ROCA,72,VILLA VALERIA,2778,True,True,00072,General Roca,2916,False
AR-04-006-73,AR-04-006,AR-04,4,Córdoba,6,GRAL SAN MARTIN,73,ARROYO ALGODON,1521,True,True,00073,General San Martín,1775,False
AR-04-006-74,AR-04-006,AR-04,4,Córdoba,6,GRAL SAN MARTIN,74,ARROYO CABRAL,2967,True,True,00074,General San Martín,3118,False
AR-04-006-75,AR-04-006,AR-04,4,Córdoba,6,GRAL SAN MARTIN,75,AUSONIA,977,True,True,00075,General San Martín,1095,False
AR-04-006-76,AR-04-006,AR-04,4,Córdoba,6,GRAL SAN MARTIN,76,CHAZON,1024,True,True,00076,General San Martín,1097,False
AR-04-006-77,AR-04-006,AR-04,4,Córdoba,6,GRAL SAN MARTIN,77,ETRURIA,3719,True,True,00077,General San Martín,3787,False
AR-04-006-78,AR-04-006,AR-04,4,Córdoba,6,GRAL SAN MARTIN,78,LA LAGUNA,1384,True,True,00078,General San Martín,1445,False
AR-04-006-79,AR-04-006,AR-04,4,Córdoba,6,GRAL SAN MARTIN,79,LA PLAYOSA,2905,True,True,00079,General San Martín,3135,False
AR-04-006-80,AR-04-006,AR-04,4,Córdoba,6,GRAL SAN MARTIN,80,LUCA,587,True,True,00080,General San Martín,639,False
AR-04-006-81,AR-04-006,AR-04,4,Córdoba,6,GRAL SAN MARTIN,81,MOJARRAS,61,True,True,00081,General San Martín,68,False
AR-04-006-82,AR-04-006,AR-04,4,Córdoba,6,GRAL SAN MARTIN,82,PALESTINA,568,True,True,00082,General San Martín,634,False
AR-04-006-83,AR-04-006,AR-04,4,Córdoba,6,GRAL SAN MARTIN,83,PASCO,1248,True,True,00083,General San Martín,1510,False
AR-04-006-84,AR-04-006,AR-04,4,Córdoba,6,GRAL SAN MARTIN,84,SANABRIA,34,True,True,00084,General San Martín,61,False
AR-04-006-86,AR-04-006,AR-04,4,Córdoba,6,GRAL SAN MARTIN,86,SILVIO PELLICO,633,True,True,00086,General San Martín,750,False
AR-04-006-87,AR-04-006,AR-04,4,Córdoba,6,GRAL SAN MARTIN,87,TICINO,2017,True,True,00087,General San Martín,2168,False
AR-04-006-88,AR-04-006,AR-04,4,Córdoba,6,GRAL SAN MARTIN,88,TIO PUJIO,3182,True,True,00088,General San Martín,3507,False
AR-04-006-88A,AR-04-006,AR-04,4,Córdoba,6,GRAL SAN MARTIN,88A,SANTA RITA,2,True,True,0088A,General San Martín,34,False
AR-04-006-88B,AR-04-006,AR-04,4,Córdoba,6,GRAL SAN MARTIN,88B,SAN ANTONIO DE YUCAT,8,True,True,0088B,General San Martín,61,False
AR-04-006-89,AR-04-006,AR-04,4,Córdoba,6,GRAL SAN MARTIN,89,VILLA MARIA,72455,True,True,00089,General San Martín,74043,False
AR-04-006-90,AR-04-006,AR-04,4,Córdoba,6,GRAL SAN MARTIN,90,VILLA NUEVA,18740,True,True,00090,General San Martín,22328,False
AR-04-007-100,AR-04-007,AR-04,4,Córdoba,7,ISCHILIN,100,QUILINO VILLA,1189,True,True,00100,Ischilín,811,False
AR-04-007-101,AR-04-007,AR-04,4,Córdoba,7,ISCHILIN,101,TOYOS,88,True,True,00101,Ischilín,86,False
AR-04-007-91,AR-04-007,AR-04,4,Córdoba,7,ISCHILIN,91,AVELLANEDA,501,True,True,00091,Ischilín,568,False
AR-04-007-91A,AR-04-007,AR-04,4,Córdoba,7,ISCHILIN,91A,CANTERAS,23,True,True,0091A,Ischilín,29,False
AR-04-007-91B,AR-04-007,AR-04,4,Córdoba,7,ISCHILIN,91B,LOS POZOS,131,True,True,0091B,Ischilín,139,False
AR-04-007-91C,AR-04-007,AR-04,4,Córdoba,7,ISCHILIN,91C,VILLA GUTIERREZ,305,True,True,0091C,Ischilín,328,False
AR-04-007-92,AR-04-007,AR-04,4,Córdoba,7,ISCHILIN,92,CAÑADA DE RIO PINTO,376,True,True,00092,Ischilín,491,False
AR-04-007-93,AR-04-007,AR-04,4,Córdoba,7,ISCHILIN,93,COPACABANA,357,True,True,00093,Ischilín,406,False
AR-04-007-94,AR-04-007,AR-04,4,Córdoba,7,ISCHILIN,94,CHUÑA,601,True,True,00094,Ischilín,699,False
AR-04-007-95,AR-04-007,AR-04,4,Córdoba,7,ISCHILIN,95,DEAN FUNES,19296,True,True,00095,Ischilín,20409,False
AR-04-007-96A,AR-04-007,AR-04,4,Córdoba,7,ISCHILIN,96A,OLIVARES SAN NICOLAS,579,True,True,0096A,Ischilín,759,False
AR-04-007-97,AR-04-007,AR-04,4,Córdoba,7,ISCHILIN,97,ISCHILIN,65,True,True,00097,Ischilín,107,False
AR-04-007-98,AR-04-007,AR-04,4,Córdoba,7,ISCHILIN,98,JAIME PETER,59,True,True,00098,Ischilín,69,False
AR-04-007-99,AR-04-007,AR-04,4,Córdoba,7,ISCHILIN,99,QUILINO ESTACION,4210,True,True,00099,Ischilín,5001,False
AR-04-008-102,AR-04-008,AR-04,4,Córdoba,8,JUAREZ CELMAN,102,ALEJANDRO,5183,True,True,00102,Juárez Celman,5660,False
AR-04-008-103,AR-04-008,AR-04,4,Córdoba,8,JUAREZ CELMAN,103,ASSUNTA,94,True,True,00103,Juárez Celman,80,False
AR-04-008-105,AR-04-008,AR-04,4,Córdoba,8,JUAREZ CELMAN,105,BENGOLEA,993,True,True,00105,Juárez Celman,1132,False
AR-04-008-106,AR-04-008,AR-04,4,Córdoba,8,JUAREZ CELMAN,106,CABRERA,10534,True,True,00106,Juárez Celman,11257,False
AR-04-008-107,AR-04-008,AR-04,4,Córdoba,8,JUAREZ CELMAN,107,CARNERILLO,1929,True,True,00107,Juárez Celman,2184,False
AR-04-008-108,AR-04-008,AR-04,4,Córdoba,8,JUAREZ CELMAN,108,CHARRAS,1086,True,True,00108,Juárez Celman,1139,False
AR-04-008-109,AR-04-008,AR-04,4,Córdoba,8,JUAREZ CELMAN,109,DEHEZA,9869,True,True,00109,Juárez Celman,10482,False
AR-04-008-110,AR-04-008,AR-04,4,Córdoba,8,JUAREZ CELMAN,110,EL RASTREADOR,74,True,True,00110,Juárez Celman,107,False
AR-04-008-110A,AR-04-008,AR-04,4,Córdoba,8,JUAREZ CELMAN,110A,PACHECO DE MELO,84,True,True,0110A,Juárez Celman,129,False
AR-04-008-111,AR-04-008,AR-04,4,Córdoba,8,JUAREZ CELMAN,111,HUANCHILLA,1176,True,True,00111,Juárez Celman,1214,False
AR-04-008-112,AR-04-008,AR-04,4,Córdoba,8,JUAREZ CELMAN,112,LA CARLOTA,11183,True,True,00112,Juárez Celman,11645,False
AR-04-008-113,AR-04-008,AR-04,4,Córdoba,8,JUAREZ CELMAN,113,LOS CISNES,760,True,True,00113,Juárez Celman,890,False
AR-04-008-114,AR-04-008,AR-04,4,Córdoba,8,JUAREZ CELMAN,114,OLAETA,656,True,True,00114,Juárez Celman,714,False
AR-04-008-116,AR-04-008,AR-04,4,Córdoba,8,JUAREZ CELMAN,116,REDUCCION,1497,True,True,00116,Juárez Celman,1713,False
AR-04-008-116A,AR-04-008,AR-04,4,Córdoba,8,JUAREZ CELMAN,116A,PASO DEL DURAZNO,122,True,True,0116A,Juárez Celman,200,False
AR-04-008-117,AR-04-008,AR-04,4,Córdoba,8,JUAREZ CELMAN,117,SANTA EUFEMIA,2158,True,True,00117,Juárez Celman,2206,False
AR-04-008-118,AR-04-008,AR-04,4,Córdoba,8,JUAREZ CELMAN,118,UCACHA,4951,True,True,00118,Juárez Celman,5044,False
AR-04-009-119,AR-04-009,AR-04,4,Córdoba,9,MARCOS JUAREZ,119,ALEJO LEDESMA,3157,True,True,00119,Marcos Juárez,3256,False
AR-04-009-120,AR-04-009,AR-04,4,Córdoba,9,MARCOS JUAREZ,120,ARIAS,6509,True,True,00120,Marcos Juárez,6580,False
AR-04-009-121,AR-04-009,AR-04,4,Córdoba,9,MARCOS JUAREZ,121,BALDISSERA,1988,True,True,00121,Marcos Juárez,2071,False
AR-04-009-122,AR-04-009,AR-04,4,Córdoba,9,MARCOS JUAREZ,122,BARGE,283,True,True,00122,Marcos Juárez,606,False
AR-04-009-123,AR-04-009,AR-04,4,Córdoba,9,MARCOS JUAREZ,123,CAMILO ALDAO,4129,True,True,00123,Marcos Juárez,3975,False
AR-04-009-124,AR-04-009,AR-04,4,Córdoba,9,MARCOS JUAREZ,124,CAVANAGH,1065,True,True,00124,Marcos Juárez,1127,False
AR-04-009-125,AR-04-009,AR-04,4,Córdoba,9,MARCOS JUAREZ,125,CORRAL DE BUSTOS,8971,True,True,00125,Marcos Juárez,8767,False
AR-04-009-126,AR-04-009,AR-04,4,Córdoba,9,MARCOS JUAREZ,126,CRUZ ALTA,6275,True,True,00126,Marcos Juárez,6226,False
AR-04-009-127,AR-04-009,AR-04,4,Córdoba,9,MARCOS JUAREZ,127,GUATIMOZIN,2108,True,True,00127,Marcos Juárez,2059,False
AR-04-009-128,AR-04-009,AR-04,4,Córdoba,9,MARCOS JUAREZ,128,INRIVILLE,3450,True,True,00128,Marcos Juárez,3463,False
AR-04-009-128A,AR-04-009,AR-04,4,Córdoba,9,MARCOS JUAREZ,128A,SALADILLO,141,True,True,0128A,Marcos Juárez,159,False
AR-04-009-129,AR-04-009,AR-04,4,Córdoba,9,MARCOS JUAREZ,129,ISLA VERDE,4111,True,True,00129,Marcos Juárez,4145,False
AR-04-009-130,AR-04-009,AR-04,4,Córdoba,9,MARCOS JUAREZ,130,LA ITALIANA,674,True,True,00130,Marcos Juárez,767,False
AR-04-009-131,AR-04-009,AR-04,4,Córdoba,9,MARCOS JUAREZ,131,LEONES,9409,True,True,00131,Marcos Juárez,9632,False
AR-04-009-131A,AR-04-009,AR-04,4,Córdoba,9,MARCOS JUAREZ,131A,VILLA ELISA,32,True,True,0131A,Marcos Juárez,34,False
AR-04-009-132,AR-04-009,AR-04,4,Córdoba,9,MARCOS JUAREZ,132,LOS SURGENTES,2477,True,True,00132,Marcos Juárez,2481,False
AR-04-009-133,AR-04-009,AR-04,4,Córdoba,9,MARCOS JUAREZ,133,MARCOS JUAREZ,23653,True,True,00133,Marcos Juárez,24472,False
AR-04-009-134,AR-04-009,AR-04,4,Córdoba,9,MARCOS JUAREZ,134,MONTE BUEY,5623,True,True,00134,Marcos Juárez,5928,False
AR-04-009-135,AR-04-009,AR-04,4,Córdoba,9,MARCOS JUAREZ,135,CAP.B.O HIGGINS,317,True,True,00135,Marcos Juárez,383,False
AR-04-009-136,AR-04-009,AR-04,4,Córdoba,9,MARCOS JUAREZ,136,ROCA,2648,True,True,00136,Marcos Juárez,2796,False
AR-04-009-137,AR-04-009,AR-04,4,Córdoba,9,MARCOS JUAREZ,137,SAIRA,762,True,True,00137,Marcos Juárez,764,False
AR-04-010-138,AR-04-010,AR-04,4,Córdoba,10,MINAS,138,CIENAGA DEL CORO,946,True,True,00138,Minas,780,False
AR-04-010-138A,AR-04-010,AR-04,4,Córdoba,10,MINAS,138A,RUMIACO,23,True,True,0138A,Minas,17,False
AR-04-010-138B,AR-04-010,AR-04,4,Córdoba,10,MINAS,138B,RUMIHUASI,103,True,True,0138B,Minas,84,False
AR-04-010-138C,AR-04-010,AR-04,4,Córdoba,10,MINAS,138C,ESTANCIA DE GUADALUPE,413,True,True,0138C,Minas,359,False
AR-04-010-138D,AR-04-010,AR-04,4,Córdoba,10,MINAS,138D,TOSNO,189,True,True,0138D,Minas,175,False
AR-04-010-139,AR-04-010,AR-04,4,Córdoba,10,MINAS,139,GUASAPAMPA,300,True,True,00139,Minas,300,False
AR-04-010-139A,AR-04-010,AR-04,4,Córdoba,10,MINAS,139A,AGUA DE RAMON,84,True,True,0139A,Minas,73,False
AR-04-010-139B,AR-04-010,AR-04,4,Córdoba,10,MINAS,139B,LA PLAYA,238,True,True,0139B,Minas,251,False
AR-04-010-140,AR-04-010,AR-04,4,Córdoba,10,MINAS,140,LA ARGENTINA,192,True,True,00140,Minas,163,False
AR-04-010-140A,AR-04-010,AR-04,4,Córdoba,10,MINAS,140A,OJO DE AGUA DE TOTOX,91,True,True,0140A,Minas,78,False
AR-04-010-141,AR-04-010,AR-04,4,Córdoba,10,MINAS,141,PIEDRITA BLANCA,60,True,True,00141,Minas,51,False
AR-04-010-141A,AR-04-010,AR-04,4,Córdoba,10,MINAS,141A,EL CHACHO,161,True,True,0141A,Minas,255,False
AR-04-010-142,AR-04-010,AR-04,4,Córdoba,10,MINAS,142,SAN CARLOS,2103,True,True,00142,Minas,2435,False
AR-04-010-142A,AR-04-010,AR-04,4,Córdoba,10,MINAS,142A,TALAINI,145,True,True,0142A,Minas,134,False
AR-04-011-144,AR-04-011,AR-04,4,Córdoba,11,POCHO,144,CHANCANI,1015,True,True,00144,Pocho,975,False
AR-04-011-144A,AR-04-011,AR-04,4,Córdoba,11,POCHO,144A,LAS JARILLAS,91,True,True,0144A,Pocho,75,False
AR-04-011-144B,AR-04-011,AR-04,4,Córdoba,11,POCHO,144B,EL MEDANITO,68,True,True,0144B,Pocho,54,False
AR-04-011-145,AR-04-011,AR-04,4,Córdoba,11,POCHO,145,POCHO,488,True,True,00145,Pocho,552,False
AR-04-011-145A,AR-04-011,AR-04,4,Córdoba,11,POCHO,145A,LAS PALMAS,257,True,True,0145A,Pocho,302,False
AR-04-011-146,AR-04-011,AR-04,4,Córdoba,11,POCHO,146,SALSACATE,1982,True,True,00146,Pocho,2201,False
AR-04-011-146A,AR-04-011,AR-04,4,Córdoba,11,POCHO,146A,TALA CAÑADA,302,True,True,0146A,Pocho,358,False
AR-04-011-146B,AR-04-011,AR-04,4,Córdoba,11,POCHO,146B,SAN JERONIMO,274,True,True,0146B,Pocho,227,False
AR-04-011-146C,AR-04-011,AR-04,4,Córdoba,11,POCHO,146C,LOS TALARES,140,True,True,0146C,Pocho,147,False
AR-04-012-147,AR-04-012,AR-04,4,Córdoba,12,PUNILLA,147,BIALET MASSE,6163,True,True,00147,Punilla,7935,False
AR-04-012-147A,AR-04-012,AR-04,4,Córdoba,12,PUNILLA,147A,SAN ROQUE,1293,True,True,0147A,Punilla,1929,False
AR-04-012-147B,AR-04-012,AR-04,4,Córdoba,12,PUNILLA,147B,VILLA PARQUE SIQUIMAN,2105,True,True,0147B,Punilla,3320,False
AR-04-012-148,AR-04-012,AR-04,4,Córdoba,12,PUNILLA,148,CAPILLA DEL MONTE,10721,True,True,00148,Punilla,11758,False
AR-04-012-149,AR-04-012,AR-04,4,Córdoba,12,PUNILLA,149,CASA GRANDE,763,True,True,00149,Punilla,1060,False
AR-04-012-150,AR-04-012,AR-04,4,Córdoba,12,PUNILLA,150,COSQUIN,19887,True,True,00150,Punilla,22542,False
AR-04-012-151,AR-04-012,AR-04,4,Córdoba,12,PUNILLA,151,CHARBONIER,704,True,True,00151,Punilla,876,False
AR-04-012-152,AR-04-012,AR-04,4,Córdoba,12,PUNILLA,152,HUERTA GRANDE,6037,True,True,00152,Punilla,6868,False
AR-04-012-152A,AR-04-012,AR-04,4,Córdoba,12,PUNILLA,152A,VILLA GIARDINO,5428,True,True,0152A,Punilla,6452,False
AR-04-012-153,AR-04-012,AR-04,4,Córdoba,12,PUNILLA,153,LA CUMBRE,7126,True,True,00153,Punilla,7883,False
AR-04-012-154,AR-04-012,AR-04,4,Córdoba,12,PUNILLA,154,LA FALDA,14079,True,True,00154,Punilla,14747,False
AR-04-012-155,AR-04-012,AR-04,4,Córdoba,12,PUNILLA,155,SAN ESTEBAN,805,True,True,00155,Punilla,1007,False
AR-04-012-155A,AR-04-012,AR-04,4,Córdoba,12,PUNILLA,155A,LOS COCOS,1018,True,True,0155A,Punilla,1183,False
AR-04-012-156,AR-04-012,AR-04,4,Córdoba,12,PUNILLA,156,VILLA CARLOS PAZ,56431,True,True,00156,Punilla,59062,False
AR-04-012-156A,AR-04-012,AR-04,4,Córdoba,12,PUNILLA,156A,YCHO CRUZ,1802,True,True,0156A,Punilla,2417,False
AR-04-012-156B,AR-04-012,AR-04,4,Córdoba,12,PUNILLA,156B,CUESTA BLANCA,477,True,True,0156B,Punilla,745,False
AR-04-012-156C,AR-04-012,AR-04,4,Córdoba,12,PUNILLA,156C,MAYU SUMAJ,1244,True,True,0156C,Punilla,1577,False
AR-04-012-156D,AR-04-012,AR-04,4,Córdoba,12,PUNILLA,156D,SAN ANTONIO DE ARREDONDO,4750,True,True,0156D,Punilla,5810,False
AR-04-012-156E,AR-04-012,AR-04,4,Córdoba,12,PUNILLA,156E,TALA HUASI,232,True,True,0156E,Punilla,292,False
AR-04-012-157,AR-04-012,AR-04,4,Córdoba,12,PUNILLA,157,SANTA MARIA,8666,True,True,00157,Punilla,9800,False
AR-04-012-158,AR-04-012,AR-04,4,Córdoba,12,PUNILLA,158,TANTI,6518,True,True,00158,Punilla,8651,False
AR-04-012-158A,AR-04-012,AR-04,4,Córdoba,12,PUNILLA,158A,CABALANGO,585,True,True,0158A,Punilla,1076,False
AR-04-012-158B,AR-04-012,AR-04,4,Córdoba,12,PUNILLA,158B,ESTANCIA VIEJA,1300,True,True,0158B,Punilla,2079,False
AR-04-012-158C,AR-04-012,AR-04,4,Córdoba,12,PUNILLA,158C,VILLA SANTA CRUZ DEL LAGO,2881,True,True,0158C,Punilla,3841,False
AR-04-012-159,AR-04-012,AR-04,4,Córdoba,12,PUNILLA,159,VALLE HERMOSO,5671,True,True,00159,Punilla,6646,False
AR-04-013-160,AR-04-013,AR-04,4,Córdoba,13,RIO CUARTO,160,ACHIRAS,2680,True,True,00160,Río Cuarto,2846,False
AR-04-013-160A,AR-04-013,AR-04,4,Córdoba,13,RIO CUARTO,160A,LA CAROLINA,251,True,True,0160A,Río Cuarto,299,False
AR-04-013-161,AR-04-013,AR-04,4,Córdoba,13,RIO CUARTO,161,ADELIA MARIA,6453,True,True,00161,Río Cuarto,6726,False
AR-04-013-162,AR-04-013,AR-04,4,Córdoba,13,RIO CUARTO,162,ALCIRA,5527,True,True,00162,Río Cuarto,5619,False
AR-04-013-163,AR-04-013,AR-04,4,Córdoba,13,RIO CUARTO,163,ALPA CORRAL,1233,True,True,00163,Río Cuarto,1606,False
AR-04-013-164,AR-04-013,AR-04,4,Córdoba,13,RIO CUARTO,164,BAIGORRIA,1816,True,True,00164,Río Cuarto,2185,False
AR-04-013-165,AR-04-013,AR-04,4,Córdoba,13,RIO CUARTO,165,BANDA NORTE,30777,True,True,00165,Río Cuarto,32120,False
AR-04-013-166,AR-04-013,AR-04,4,Córdoba,13,RIO CUARTO,166,BERROTARAN,6393,True,True,00166,Río Cuarto,6457,False
AR-04-013-167,AR-04-013,AR-04,4,Córdoba,13,RIO CUARTO,167,BULNES,1056,True,True,00167,Río Cuarto,1067,False
AR-04-013-168,AR-04-013,AR-04,4,Córdoba,13,RIO CUARTO,168,CHAJAN,801,True,True,00168,Río Cuarto,835,False
AR-04-013-169,AR-04-013,AR-04,4,Córdoba,13,RIO CUARTO,169,CHUCUL,431,True,True,00169,Río Cuarto,504,False
AR-04-013-170,AR-04-013,AR-04,4,Córdoba,13,RIO CUARTO,170,ELENA,2891,True,True,00170,Río Cuarto,2964,False
AR-04-013-171,AR-04-013,AR-04,4,Córdoba,13,RIO CUARTO,171,ESPINILLO,163,True,True,00171,Río Cuarto,151,False
AR-04-013-172,AR-04-013,AR-04,4,Córdoba,13,RIO CUARTO,172,HOLMBERG,5333,True,True,00172,Río Cuarto,6241,False
AR-04-013-173,AR-04-013,AR-04,4,Córdoba,13,RIO CUARTO,173,LA ARGENTINA,9,True,True,00173,Río Cuarto,6,False
AR-04-013-174,AR-04-013,AR-04,4,Córdoba,13,RIO CUARTO,174,LA CAUTIVA,782,True,True,00174,Río Cuarto,868,False
AR-04-013-175,AR-04-013,AR-04,4,Córdoba,13,RIO CUARTO,175,LA GILDA,80,True,True,00175,Río Cuarto,65,False
AR-04-013-176,AR-04-013,AR-04,4,Córdoba,13,RIO CUARTO,176,LA INVERNADA,74,True,True,00176,Río Cuarto,62,False
AR-04-013-177,AR-04-013,AR-04,4,Córdoba,13,RIO CUARTO,177,LAS ACEQUIAS,2638,True,True,00177,Río Cuarto,2711,False
AR-04-013-178,AR-04-013,AR-04,4,Córdoba,13,RIO CUARTO,178,LAS CAÑITAS,71,True,True,00178,Río Cuarto,54,False
AR-04-013-178A,AR-04-013,AR-04,4,Córdoba,13,RIO CUARTO,178A,LAS ALBAHACAS,463,True,True,0178A,Río Cuarto,523,False
AR-04-013-178B,AR-04-013,AR-04,4,Córdoba,13,RIO CUARTO,178B,VILLA EL CHACAY,137,True,True,0178B,Río Cuarto,149,False
AR-04-013-179,AR-04-013,AR-04,4,Córdoba,13,RIO CUARTO,179,LAS HIGUERAS,6992,True,True,00179,Río Cuarto,8580,False
AR-04-013-180,AR-04-013,AR-04,4,Córdoba,13,RIO CUARTO,180,LAS PEÑAS,206,True,True,00180,Río Cuarto,197,False
AR-04-013-181,AR-04-013,AR-04,4,Córdoba,13,RIO CUARTO,181,LOS CUATRO VIENTOS,175,True,True,00181,Río Cuarto,179,False
AR-04-013-182,AR-04-013,AR-04,4,Córdoba,13,RIO CUARTO,182,LAS VERTIENTES,931,True,True,00182,Río Cuarto,1030,False
AR-04-013-183,AR-04-013,AR-04,4,Córdoba,13,RIO CUARTO,183,VICUÑA MACKENNA,9389,True,True,00183,Río Cuarto,9743,False
AR-04-013-184,AR-04-013,AR-04,4,Córdoba,13,RIO CUARTO,184,MOLDES,8195,True,True,00184,Río Cuarto,8546,False
AR-04-013-184A,AR-04-013,AR-04,4,Córdoba,13,RIO CUARTO,184A,MONTE DE LOS GAUCHOS,717,True,True,0184A,Río Cuarto,837,False
AR-04-013-185,AR-04-013,AR-04,4,Córdoba,13,RIO CUARTO,185,PAUNERO,3,True,True,00185,Río Cuarto,4,False
AR-04-013-186,AR-04-013,AR-04,4,Córdoba,13,RIO CUARTO,186,PUEBLO ALBERDI,26548,True,True,00186,Río Cuarto,27894,False
AR-04-013-187,AR-04-013,AR-04,4,Córdoba,13,RIO CUARTO,187,PUEYRREDON,111,True,True,00187,Río Cuarto,97,False
AR-04-013-188,AR-04-013,AR-04,4,Córdoba,13,RIO CUARTO,188,RIO CUARTO,76969,True,True,00188,Río Cuarto,77435,False
AR-04-013-189,AR-04-013,AR-04,4,Córdoba,13,RIO CUARTO,189,SAMPACHO,7525,True,True,00189,Río Cuarto,7635,False
AR-04-013-190,AR-04-013,AR-04,4,Córdoba,13,RIO CUARTO,190,SAN AMBROSIO,125,True,True,00190,Río Cuarto,93,False
AR-04-013-191,AR-04-013,AR-04,4,Córdoba,13,RIO CUARTO,191,SAN BASILIO,3392,True,True,00191,Río Cuarto,3679,False
AR-04-013-191A,AR-04-013,AR-04,4,Córdoba,13,RIO CUARTO,191A,MALENA,318,True,True,0191A,Río Cuarto,350,False
AR-04-013-192,AR-04-013,AR-04,4,Córdoba,13,RIO CUARTO,192,SUCO,473,True,True,00192,Río Cuarto,464,False
AR-04-013-193,AR-04-013,AR-04,4,Córdoba,13,RIO CUARTO,193,TOSQUITA,552,True,True,00193,Río Cuarto,663,False
AR-04-013-194,AR-04-013,AR-04,4,Córdoba,13,RIO CUARTO,194,WASHINGTON,560,True,True,00194,Río Cuarto,604,False
AR-04-014-195,AR-04-014,AR-04,4,Córdoba,14,RIO PRIMERO,195,ATAHONA,165,True,True,00195,Río Primero,173,False
AR-04-014-196,AR-04-014,AR-04,4,Córdoba,14,RIO PRIMERO,196,CAÑADA DE MACHADO,219,True,True,00196,Río Primero,206,False
AR-04-014-197,AR-04-014,AR-04,4,Córdoba,14,RIO PRIMERO,197,LA POSTA,345,True,True,00197,Río Primero,385,False
AR-04-014-198,AR-04-014,AR-04,4,Córdoba,14,RIO PRIMERO,198,CAPILLA DE REMEDIOS,1075,True,True,00198,Río Primero,1065,False
AR-04-014-199,AR-04-014,AR-04,4,Córdoba,14,RIO PRIMERO,199,CHALACEA,239,True,True,00199,Río Primero,263,False
AR-04-014-200,AR-04-014,AR-04,4,Córdoba,14,RIO PRIMERO,200,DIEGO DE ROJAS,508,True,True,00200,Río Primero,618,False
AR-04-014-201,AR-04-014,AR-04,4,Córdoba,14,RIO PRIMERO,201,COLONIA LAS CUATRO ESQUINAS,122,True,True,00201,Río Primero,142,False
AR-04-014-201A,AR-04-014,AR-04,4,Córdoba,14,RIO PRIMERO,201A,LAS GRAMILLAS,142,True,True,0201A,Río Primero,172,False
AR-04-014-202,AR-04-014,AR-04,4,Córdoba,14,RIO PRIMERO,202,ESQUINA,327,True,True,00202,Río Primero,367,False
AR-04-014-203,AR-04-014,AR-04,4,Córdoba,14,RIO PRIMERO,203,PEDRO E.VIVAS,363,True,True,00203,Río Primero,388,False
AR-04-014-204,AR-04-014,AR-04,4,Córdoba,14,RIO PRIMERO,204,LA PARA,3769,True,True,00204,Río Primero,4005,False
AR-04-014-205,AR-04-014,AR-04,4,Córdoba,14,RIO PRIMERO,205,LA PUERTA,2102,True,True,00205,Río Primero,2255,False
AR-04-014-206,AR-04-014,AR-04,4,Córdoba,14,RIO PRIMERO,206,LAS HERAS,57,True,True,00206,Río Primero,50,False
AR-04-014-207,AR-04-014,AR-04,4,Córdoba,14,RIO PRIMERO,207,LAS SALADAS,258,True,True,00207,Río Primero,255,False
AR-04-014-208,AR-04-014,AR-04,4,Córdoba,14,RIO PRIMERO,208,COMECHINGONES,310,True,True,00208,Río Primero,322,False
AR-04-014-209,AR-04-014,AR-04,4,Córdoba,14,RIO PRIMERO,209,MAQUINISTA GALLINI,164,True,True,00209,Río Primero,140,False
AR-04-014-210,AR-04-014,AR-04,4,Córdoba,14,RIO PRIMERO,210,BLAS DE ROSALES,92,True,True,00210,Río Primero,87,False
AR-04-014-211,AR-04-014,AR-04,4,Córdoba,14,RIO PRIMERO,211,MONTE CRISTO,10150,True,True,00211,Río Primero,11313,False
AR-04-014-212,AR-04-014,AR-04,4,Córdoba,14,RIO PRIMERO,212,MONTE DEL ROSARIO,131,True,True,00212,Río Primero,115,False
AR-04-014-212B,AR-04-014,AR-04,4,Córdoba,14,RIO PRIMERO,212B,EL CRISPIN,268,True,True,0212B,Río Primero,276,False
AR-04-014-213,AR-04-014,AR-04,4,Córdoba,14,RIO PRIMERO,213,OBISPO TREJO,2467,True,True,00213,Río Primero,2702,False
AR-04-014-214,AR-04-014,AR-04,4,Córdoba,14,RIO PRIMERO,214,PIQUILLIN,1699,True,True,00214,Río Primero,1735,False
AR-04-014-215,AR-04-014,AR-04,4,Córdoba,14,RIO PRIMERO,215,PLAZA DE MERCEDES,126,True,True,00215,Río Primero,141,False
AR-04-014-215A,AR-04-014,AR-04,4,Córdoba,14,RIO PRIMERO,215A,LA QUINTA,229,True,True,0215A,Río Primero,245,False
AR-04-014-216,AR-04-014,AR-04,4,Córdoba,14,RIO PRIMERO,216,PUNTA DEL AGUA,37,True,True,00216,Río Primero,33,False
AR-04-014-217,AR-04-014,AR-04,4,Córdoba,14,RIO PRIMERO,217,QUEBRACHO,85,True,True,00217,Río Primero,70,False
AR-04-014-218,AR-04-014,AR-04,4,Córdoba,14,RIO PRIMERO,218,RIO PRIMERO,6965,True,True,00218,Río Primero,7515,False
AR-04-014-219,AR-04-014,AR-04,4,Córdoba,14,RIO PRIMERO,219,SAGRADA FAMILIA,175,True,True,00219,Río Primero,187,False
AR-04-014-220,AR-04-014,AR-04,4,Córdoba,14,RIO PRIMERO,220,VILLA SANTA ROSA,7465,True,True,00220,Río Primero,7782,False
AR-04-014-221,AR-04-014,AR-04,4,Córdoba,14,RIO PRIMERO,221,EL ALCALDE,110,True,True,00221,Río Primero,106,False
AR-04-014-222,AR-04-014,AR-04,4,Córdoba,14,RIO PRIMERO,222,VILLA FONTANA,933,True,True,00222,Río Primero,1014,False
AR-04-015-223,AR-04-015,AR-04,4,Córdoba,15,RIO SECO,223,CANDELARIA NORTE,825,True,True,00223,Río Seco,835,False
AR-04-015-224,AR-04-015,AR-04,4,Córdoba,15,RIO SECO,224,ENCRUCIJADA,43,True,True,00224,Río Seco,40,False
AR-04-015-225,AR-04-015,AR-04,4,Córdoba,15,RIO SECO,225,GUTEMBERG,898,True,True,00225,Río Seco,1032,False
AR-04-015-225A,AR-04-015,AR-04,4,Córdoba,15,RIO SECO,225A,LA CAÑADA,85,True,True,0225A,Río Seco,70,False
AR-04-015-226,AR-04-015,AR-04,4,Córdoba,15,RIO SECO,226,LOS HOYOS,447,True,True,00226,Río Seco,452,False
AR-04-015-226A,AR-04-015,AR-04,4,Córdoba,15,RIO SECO,226A,PUESTO DE CASTRO,405,True,True,0226A,Río Seco,429,False
AR-04-015-227,AR-04-015,AR-04,4,Córdoba,15,RIO SECO,227,RAYO CORTADO,743,True,True,00227,Río Seco,822,False
AR-04-015-227A,AR-04-015,AR-04,4,Córdoba,15,RIO SECO,227A,RINCONADA,463,True,True,0227A,Río Seco,459,False
AR-04-015-227B,AR-04-015,AR-04,4,Córdoba,15,RIO SECO,227B,CERRO COLORADO,351,True,True,0227B,Río Seco,369,False
AR-04-015-227C,AR-04-015,AR-04,4,Córdoba,15,RIO SECO,227C,CHAÑAR VIEJO,204,True,True,0227C,Río Seco,197,False
AR-04-015-227D,AR-04-015,AR-04,4,Córdoba,15,RIO SECO,227D,SANTA ELENA,350,True,True,0227D,Río Seco,416,False
AR-04-015-228,AR-04-015,AR-04,4,Córdoba,15,RIO SECO,228,SEBASTIAN ELCANO,2589,True,True,00228,Río Seco,3014,False
AR-04-015-229,AR-04-015,AR-04,4,Córdoba,15,RIO SECO,229,VILLA DE MARIA,5088,True,True,00229,Río Seco,5577,False
AR-04-015-229A,AR-04-015,AR-04,4,Córdoba,15,RIO SECO,229A,EUFRASIO LOZA,205,True,True,0229A,Río Seco,186,False
AR-04-016-230,AR-04-016,AR-04,4,Córdoba,16,RIO SEGUNDO,230,CALCHIN,2211,True,True,00230,Río Segundo,2329,False
AR-04-016-230A,AR-04-016,AR-04,4,Córdoba,16,RIO SEGUNDO,230A,CALCHIN OESTE,668,True,True,0230A,Río Segundo,724,False
AR-04-016-231,AR-04-016,AR-04,4,Córdoba,16,RIO SEGUNDO,231,CAPILLA DEL CARMEN,391,True,True,00231,Río Segundo,472,False
AR-04-016-232,AR-04-016,AR-04,4,Córdoba,16,RIO SEGUNDO,232,CARRILOBO,1735,True,True,00232,Río Segundo,1759,False
AR-04-016-233,AR-04-016,AR-04,4,Córdoba,16,RIO SEGUNDO,233,COLAZO,1377,True,True,00233,Río Segundo,1368,False
AR-04-016-234,AR-04-016,AR-04,4,Córdoba,16,RIO SEGUNDO,234,COSTA SACATE,1386,True,True,00234,Río Segundo,1465,False
AR-04-016-235,AR-04-016,AR-04,4,Córdoba,16,RIO SEGUNDO,235,LAGUNA LARGA,6806,True,True,00235,Río Segundo,6976,False
AR-04-016-236,AR-04-016,AR-04,4,Córdoba,16,RIO SEGUNDO,236,LAS JUNTURAS,1552,True,True,00236,Río Segundo,1642,False
AR-04-016-236A,AR-04-016,AR-04,4,Córdoba,16,RIO SEGUNDO,236A,COLONIA VIDELA,47,True,True,0236A,Río Segundo,72,False
AR-04-016-237,AR-04-016,AR-04,4,Córdoba,16,RIO SEGUNDO,237,LUQUE,5751,True,True,00237,Río Segundo,6092,False
AR-04-016-237A,AR-04-016,AR-04,4,Córdoba,16,RIO SEGUNDO,237A,MANFREDI,941,True,True,0237A,Río Segundo,1054,False
AR-04-016-237B,AR-04-016,AR-04,4,Córdoba,16,RIO SEGUNDO,237B,PUEBLO LUDUEÑA,197,True,True,0237B,Río Segundo,228,False
AR-04-016-238,AR-04-016,AR-04,4,Córdoba,16,RIO SEGUNDO,238,MATORRALES,973,True,True,00238,Río Segundo,1030,False
AR-04-016-239,AR-04-016,AR-04,4,Córdoba,16,RIO SEGUNDO,239,ONCATIVO,12193,True,True,00239,Río Segundo,12273,False
AR-04-016-240,AR-04-016,AR-04,4,Córdoba,16,RIO SEGUNDO,240,PILAR,13127,True,True,00240,Río Segundo,14603,False
AR-04-016-241,AR-04-016,AR-04,4,Córdoba,16,RIO SEGUNDO,241,POZO DEL MOLLE,5585,True,True,00241,Río Segundo,5851,False
AR-04-016-242,AR-04-016,AR-04,4,Córdoba,16,RIO SEGUNDO,242,RINCON,469,True,True,00242,Río Segundo,553,False
AR-04-016-242A,AR-04-016,AR-04,4,Córdoba,16,RIO SEGUNDO,242A,CAÑADA DE MACHADO SUD,8,True,True,0242A,Río Segundo,5,False
AR-04-016-243,AR-04-016,AR-04,4,Córdoba,16,RIO SEGUNDO,243,RIO SEGUNDO,18052,True,True,00243,Río Segundo,19055,False
AR-04-016-244,AR-04-016,AR-04,4,Córdoba,16,RIO SEGUNDO,244,SANTIAGO TEMPLE,2448,True,True,00244,Río Segundo,2598,False
AR-04-016-244A,AR-04-016,AR-04,4,Córdoba,16,RIO SEGUNDO,244A,LOS CHAÑARITOS,292,True,True,0244A,Río Segundo,431,False
AR-04-016-245,AR-04-016,AR-04,4,Córdoba,16,RIO SEGUNDO,245,VILLA DEL ROSARIO,13476,True,True,00245,Río Segundo,14353,False
AR-04-017-248,AR-04-017,AR-04,4,Córdoba,17,ROQUE SAENZ PEÑA,248,LABOULAYE,18335,True,True,00248,Presidente Roque Sáenz Peña,18829,False
AR-04-017-249,AR-04-017,AR-04,4,Córdoba,17,ROQUE SAENZ PEÑA,249,LA CESIRA,1433,True,True,00249,Presidente Roque Sáenz Peña,1479,False
AR-04-017-251,AR-04-017,AR-04,4,Córdoba,17,ROQUE SAENZ PEÑA,251,LEGUIZAMON,139,True,True,00251,Presidente Roque Sáenz Peña,94,False
AR-04-017-252,AR-04-017,AR-04,4,Córdoba,17,ROQUE SAENZ PEÑA,252,LEVALLE,5116,True,True,00252,Presidente Roque Sáenz Peña,5236,False
AR-04-017-253,AR-04-017,AR-04,4,Córdoba,17,ROQUE SAENZ PEÑA,253,MELO,1150,True,True,00253,Presidente Roque Sáenz Peña,1187,False
AR-04-017-254,AR-04-017,AR-04,4,Córdoba,17,ROQUE SAENZ PEÑA,254,RIO BAMBA,101,True,True,00254,Presidente Roque Sáenz Peña,125,False
AR-04-017-255,AR-04-017,AR-04,4,Córdoba,17,ROQUE SAENZ PEÑA,255,ROSALES,545,True,True,00255,Presidente Roque Sáenz Peña,539,False
AR-04-017-256,AR-04-017,AR-04,4,Córdoba,17,ROQUE SAENZ PEÑA,256,SAN JOAQUIN,146,True,True,00256,Presidente Roque Sáenz Peña,177,False
AR-04-017-257,AR-04-017,AR-04,4,Córdoba,17,ROQUE SAENZ PEÑA,257,SERRANO,3072,True,True,00257,Presidente Roque Sáenz Peña,3339,False
AR-04-017-258,AR-04-017,AR-04,4,Córdoba,17,ROQUE SAENZ PEÑA,258,VILLA ROSSI,581,True,True,00258,Presidente Roque Sáenz Peña,598,False
AR-04-018-259,AR-04-018,AR-04,4,Córdoba,18,SAN ALBERTO,259,ALTAUTINA,19,True,True,00259,San Alberto,27,False
AR-04-018-260,AR-04-018,AR-04,4,Córdoba,18,SAN ALBERTO,260,AMBUL,1022,True,True,00260,San Alberto,1083,False
AR-04-018-260A,AR-04-018,AR-04,4,Córdoba,18,SAN ALBERTO,260A,EL VOLCAN,37,True,True,0260A,San Alberto,31,False
AR-04-018-261,AR-04-018,AR-04,4,Córdoba,18,SAN ALBERTO,261,BROCHERO,5979,True,True,00261,San Alberto,6944,False
AR-04-018-261A,AR-04-018,AR-04,4,Córdoba,18,SAN ALBERTO,261A,SAN LORENZO,1053,True,True,0261A,San Alberto,1409,False
AR-04-018-261B,AR-04-018,AR-04,4,Córdoba,18,SAN ALBERTO,261B,VILLA BENEGAS,48,True,True,0261B,San Alberto,36,False
AR-04-018-262,AR-04-018,AR-04,4,Córdoba,18,SAN ALBERTO,262,MINA CLAVERO,8822,True,True,00262,San Alberto,9972,False
AR-04-018-263,AR-04-018,AR-04,4,Córdoba,18,SAN ALBERTO,263,NONO,2462,True,True,00263,San Alberto,2775,False
AR-04-018-263A,AR-04-018,AR-04,4,Córdoba,18,SAN ALBERTO,263A,PAMPA DE ACHALA,142,True,True,0263A,San Alberto,124,False
AR-04-018-263B,AR-04-018,AR-04,4,Córdoba,18,SAN ALBERTO,263B,LOS CERROS,24,True,True,0263B,San Alberto,18,False
AR-04-018-263C,AR-04-018,AR-04,4,Córdoba,18,SAN ALBERTO,263C,ARROYO DE LOS PATOS,713,True,True,0263C,San Alberto,907,False
AR-04-018-263D,AR-04-018,AR-04,4,Córdoba,18,SAN ALBERTO,263D,LAS CALLES,535,True,True,0263D,San Alberto,661,False
AR-04-018-263E,AR-04-018,AR-04,4,Córdoba,18,SAN ALBERTO,263E,LAS RABONAS,779,True,True,0263E,San Alberto,912,False
AR-04-018-264,AR-04-018,AR-04,4,Córdoba,18,SAN ALBERTO,264,PANAHOLMA,399,True,True,00264,San Alberto,526,False
AR-04-018-264A,AR-04-018,AR-04,4,Córdoba,18,SAN ALBERTO,264A,LOS ESPINILLOS,253,True,True,0264A,San Alberto,231,False
AR-04-018-265,AR-04-018,AR-04,4,Córdoba,18,SAN ALBERTO,265,SAN PEDRO,4588,True,True,00265,San Alberto,5032,False
AR-04-018-265A,AR-04-018,AR-04,4,Córdoba,18,SAN ALBERTO,265A,VILLA SARMIENTO,4694,True,True,0265A,San Alberto,5305,False
AR-04-018-265B,AR-04-018,AR-04,4,Córdoba,18,SAN ALBERTO,265B,LA CORTADERA,78,True,True,0265B,San Alberto,63,False
AR-04-018-265C,AR-04-018,AR-04,4,Córdoba,18,SAN ALBERTO,265C,SAUCE ARRIBA,865,True,True,0265C,San Alberto,901,False
AR-04-018-266,AR-04-018,AR-04,4,Córdoba,18,SAN ALBERTO,266,SAN VICENTE,1432,True,True,00266,San Alberto,1682,False
AR-04-018-266A,AR-04-018,AR-04,4,Córdoba,18,SAN ALBERTO,266A,SAN RAFAEL,150,True,True,0266A,San Alberto,151,False
AR-04-019-267,AR-04-019,AR-04,4,Córdoba,19,SAN JAVIER,267,CONLARA,430,True,True,00267,San Javier,546,False
AR-04-019-268,AR-04-019,AR-04,4,Córdoba,19,SAN JAVIER,268,DOLORES,28139,True,True,00268,San Javier,29619,False
AR-04-019-269,AR-04-019,AR-04,4,Córdoba,19,SAN JAVIER,269,LA PAZ,3062,True,True,00269,San Javier,3772,False
AR-04-019-269A,AR-04-019,AR-04,4,Córdoba,19,SAN JAVIER,269A,QUEBRACHO LADEADO,398,True,True,0269A,San Javier,649,False
AR-04-019-269B,AR-04-019,AR-04,4,Córdoba,19,SAN JAVIER,269B,EL MANANTIAL,34,True,True,0269B,San Javier,35,False
AR-04-019-270,AR-04-019,AR-04,4,Córdoba,19,SAN JAVIER,270,LAS ROSAS,4780,True,True,00270,San Javier,5900,False
AR-04-019-271,AR-04-019,AR-04,4,Córdoba,19,SAN JAVIER,271,LAS TAPIAS,1648,True,True,00271,San Javier,2002,False
AR-04-019-272,AR-04-019,AR-04,4,Córdoba,19,SAN JAVIER,272,LOS HORNILLOS,1283,True,True,00272,San Javier,1533,False
AR-04-019-273,AR-04-019,AR-04,4,Córdoba,19,SAN JAVIER,273,LUYABA,1298,True,True,00273,San Javier,1581,False
AR-04-019-274,AR-04-019,AR-04,4,Córdoba,19,SAN JAVIER,274,SAN JAVIER,841,True,True,00274,San Javier,1051,False
AR-04-019-274A,AR-04-019,AR-04,4,Córdoba,19,SAN JAVIER,274A,LA POBLACION,503,True,True,0274A,San Javier,585,False
AR-04-019-275,AR-04-019,AR-04,4,Córdoba,19,SAN JAVIER,275,SAN JOSE,2206,True,True,00275,San Javier,2268,False
AR-04-019-275A,AR-04-019,AR-04,4,Córdoba,19,SAN JAVIER,275A,LOS CERRILLOS,2299,True,True,0275A,San Javier,2605,False
AR-04-019-276,AR-04-019,AR-04,4,Córdoba,19,SAN JAVIER,276,YACANTO,1236,True,True,00276,San Javier,1559,False
AR-04-020-277,AR-04-020,AR-04,4,Córdoba,20,SAN JUSTO,277,ALICIA,2927,True,True,00277,San Justo,2992,False
AR-04-020-278,AR-04-020,AR-04,4,Córdoba,20,SAN JUSTO,278,ALTOS DE CHIPION,1886,True,True,00278,San Justo,1901,False
AR-04-020-279,AR-04-020,AR-04,4,Córdoba,20,SAN JUSTO,279,ARROYITO,20379,True,True,00279,San Justo,21684,False
AR-04-020-279A,AR-04-020,AR-04,4,Córdoba,20,SAN JUSTO,279A,EL FUERTECITO,375,True,True,0279A,San Justo,358,False
AR-04-020-280,AR-04-020,AR-04,4,Córdoba,20,SAN JUSTO,280,BALNEARIA,5721,True,True,00280,San Justo,6034,False
AR-04-020-281,AR-04-020,AR-04,4,Córdoba,20,SAN JUSTO,281,BEIRO,192,True,True,00281,San Justo,160,False
AR-04-020-282,AR-04-020,AR-04,4,Córdoba,20,SAN JUSTO,282,BRINKMANN,8759,True,True,00282,San Justo,9413,False
AR-04-020-283,AR-04-020,AR-04,4,Córdoba,20,SAN JUSTO,283,CONCEPCION,1826,True,True,00283,San Justo,1967,False
AR-04-020-283A,AR-04-020,AR-04,4,Córdoba,20,SAN JUSTO,283A,COLONIA PICHANAS,182,True,True,0283A,San Justo,190,False
AR-04-020-285,AR-04-020,AR-04,4,Córdoba,20,SAN JUSTO,285,DEVOTO,5611,True,True,00285,San Justo,5881,False
AR-04-020-286,AR-04-020,AR-04,4,Córdoba,20,SAN JUSTO,286,DIEZ DE JULIO,182,True,True,00286,San Justo,157,False
AR-04-020-287,AR-04-020,AR-04,4,Córdoba,20,SAN JUSTO,287,DOS HERMANOS,144,True,True,00287,San Justo,144,False
AR-04-020-288,AR-04-020,AR-04,4,Córdoba,20,SAN JUSTO,288,EL ARAÑADO,1956,True,True,00288,San Justo,2164,False
AR-04-020-288A,AR-04-020,AR-04,4,Córdoba,20,SAN JUSTO,288A,VILLA SAN ESTEBAN,194,True,True,0288A,San Justo,333,False
AR-04-020-289,AR-04-020,AR-04,4,Córdoba,20,SAN JUSTO,289,EL FORTIN,1206,True,True,00289,San Justo,1226,False
AR-04-020-290,AR-04-020,AR-04,4,Córdoba,20,SAN JUSTO,290,EL TIO,1901,True,True,00290,San Justo,2069,False
AR-04-020-291,AR-04-020,AR-04,4,Córdoba,20,SAN JUSTO,291,FREYRE,6151,True,True,00291,San Justo,6465,False
AR-04-020-291A,AR-04-020,AR-04,4,Córdoba,20,SAN JUSTO,291A,COLONIA ANITA,78,True,True,0291A,San Justo,82,False
AR-04-020-292,AR-04-020,AR-04,4,Córdoba,20,SAN JUSTO,292,ITURRASPE,112,True,True,00292,San Justo,116,False
AR-04-020-293,AR-04-020,AR-04,4,Córdoba,20,SAN JUSTO,293,LA FRANCIA,3581,True,True,00293,San Justo,3705,False
AR-04-020-294,AR-04-020,AR-04,4,Córdoba,20,SAN JUSTO,294,LA PAQUITA,1018,True,True,00294,San Justo,1062,False
AR-04-020-294A,AR-04-020,AR-04,4,Córdoba,20,SAN JUSTO,294A,COLONIA VALTELINA,171,True,True,0294A,San Justo,203,False
AR-04-020-295,AR-04-020,AR-04,4,Córdoba,20,SAN JUSTO,295,LA TORDILLA,1596,True,True,00295,San Justo,1735,False
AR-04-020-295A,AR-04-020,AR-04,4,Córdoba,20,SAN JUSTO,295A,TORO PUJIO,291,True,True,0295A,San Justo,295,False
AR-04-020-296,AR-04-020,AR-04,4,Córdoba,20,SAN JUSTO,296,LASPIUR,2386,True,True,00296,San Justo,2483,False
AR-04-020-297,AR-04-020,AR-04,4,Córdoba,20,SAN JUSTO,297,LAS VARAS,1222,True,True,00297,San Justo,1262,False
AR-04-020-298,AR-04-020,AR-04,4,Córdoba,20,SAN JUSTO,298,LAS VARILLAS,14980,True,True,00298,San Justo,15696,False
AR-04-020-299,AR-04-020,AR-04,4,Córdoba,20,SAN JUSTO,299,LUXARDO,364,True,True,00299,San Justo,460,False
AR-04-020-300,AR-04-020,AR-04,4,Córdoba,20,SAN JUSTO,300,MARINA,1183,True,True,00300,San Justo,1284,False
AR-04-020-301,AR-04-020,AR-04,4,Córdoba,20,SAN JUSTO,301,MARULL,1770,True,True,00301,San Justo,1915,False
AR-04-020-302,AR-04-020,AR-04,4,Córdoba,20,SAN JUSTO,302,MAUNIER,134,True,True,00302,San Justo,117,False
AR-04-020-303,AR-04-020,AR-04,4,Córdoba,20,SAN JUSTO,303,MIRAMAR DE ANSENUZA,2148,True,True,00303,San Justo,2451,False
AR-04-020-304,AR-04-020,AR-04,4,Córdoba,20,SAN JUSTO,304,MORTEROS,16673,True,True,00304,San Justo,18274,False
AR-04-020-305,AR-04-020,AR-04,4,Córdoba,20,SAN JUSTO,305,PORTEÑA,5155,True,True,00305,San Justo,5409,False
AR-04-020-306,AR-04-020,AR-04,4,Córdoba,20,SAN JUSTO,306,PROSPERIDAD,548,True,True,00306,San Justo,617,False
AR-04-020-307,AR-04-020,AR-04,4,Córdoba,20,SAN JUSTO,307,QUEBRACHO HERRADO,658,True,True,00307,San Justo,662,False
AR-04-020-308,AR-04-020,AR-04,4,Córdoba,20,SAN JUSTO,308,SACANTA,2984,True,True,00308,San Justo,3034,False
AR-04-020-309,AR-04-020,AR-04,4,Córdoba,20,SAN JUSTO,309,SAN BARTOLOME,1728,True,True,00309,San Justo,2846,False
AR-04-020-310,AR-04-020,AR-04,4,Córdoba,20,SAN JUSTO,310,SAN FRANCISCO SECC. SUR,28395,True,True,00310,San Justo,28107,False
AR-04-020-310A,AR-04-020,AR-04,4,Córdoba,20,SAN JUSTO,310A,SAN FRANCISCO SECC. NORTE,28054,True,True,0310A,San Justo,29880,False
AR-04-020-311,AR-04-020,AR-04,4,Córdoba,20,SAN JUSTO,311,SAN PEDRO,238,True,True,00311,San Justo,343,False
AR-04-020-312,AR-04-020,AR-04,4,Córdoba,20,SAN JUSTO,312,SAUZE,17,True,True,00312,San Justo,17,False
AR-04-020-313,AR-04-020,AR-04,4,Córdoba,20,SAN JUSTO,313,SEEBER,706,True,True,00313,San Justo,794,False
AR-04-020-314,AR-04-020,AR-04,4,Córdoba,20,SAN JUSTO,314,TRANSITO,3105,True,True,00314,San Justo,3424,False
AR-04-020-315,AR-04-020,AR-04,4,Córdoba,20,SAN JUSTO,315,VIGNAUD,685,True,True,00315,San Justo,783,False
AR-04-021-316,AR-04-021,AR-04,4,Córdoba,21,SANTA MARIA,316,ALTA GRACIA,43769,True,True,00316,Santa María,47672,False
AR-04-021-316A,AR-04-021,AR-04,4,Córdoba,21,SANTA MARIA,316A,ANIZACATE,4759,True,True,0316A,Santa María,6865,False
AR-04-021-316B,AR-04-021,AR-04,4,Córdoba,21,SANTA MARIA,316B,LA PAISANITA,173,True,True,0316B,Santa María,249,False
AR-04-021-316C,AR-04-021,AR-04,4,Córdoba,21,SANTA MARIA,316C,LA RANCHERITA,167,True,True,0316C,Santa María,226,False
AR-04-021-316D,AR-04-021,AR-04,4,Córdoba,21,SANTA MARIA,316D,LA SERRANITA,471,True,True,0316D,Santa María,571,False
AR-04-021-316E,AR-04-021,AR-04,4,Córdoba,21,SANTA MARIA,316E,LOS CEDROS,1219,True,True,0316E,Santa María,1370,False
AR-04-021-316F,AR-04-021,AR-04,4,Córdoba,21,SANTA MARIA,316F,VALLE DE ANIZACATE,1040,True,True,0316F,Santa María,1803,False
AR-04-021-316G,AR-04-021,AR-04,4,Córdoba,21,SANTA MARIA,316G,VILLA EL PRADO,1717,True,True,0316G,Santa María,2994,False
AR-04-021-316H,AR-04-021,AR-04,4,Córdoba,21,SANTA MARIA,316H,VILLA LA BOLSA,1103,True,True,0316H,Santa María,1313,False
AR-04-021-316I,AR-04-021,AR-04,4,Córdoba,21,SANTA MARIA,316I,VILLA LOS AROMOS,956,True,True,0316I,Santa María,1466,False
AR-04-021-316J,AR-04-021,AR-04,4,Córdoba,21,SANTA MARIA,316J,VILLA PARQUE SANTA ANA,2999,True,True,0316J,Santa María,4049,False
AR-04-021-317,AR-04-021,AR-04,4,Córdoba,21,SANTA MARIA,317,BAJO CHICO,324,True,True,00317,Santa María,544,False
AR-04-021-318,AR-04-021,AR-04,4,Córdoba,21,SANTA MARIA,318,RAFAEL GARCIA,648,True,True,00318,Santa María,692,False
AR-04-021-319,AR-04-021,AR-04,4,Córdoba,21,SANTA MARIA,319,BOUWER,1601,True,True,00319,Santa María,1753,False
AR-04-021-320,AR-04-021,AR-04,4,Córdoba,21,SANTA MARIA,320,BUENA VISTA,19,True,True,00320,Santa María,18,False
AR-04-021-322,AR-04-021,AR-04,4,Córdoba,21,SANTA MARIA,322,COSME,48,True,True,00322,Santa María,46,False
AR-04-021-323,AR-04-021,AR-04,4,Córdoba,21,SANTA MARIA,323,DESPEÑADEROS,5951,True,True,00323,Santa María,6504,False
AR-04-021-324,AR-04-021,AR-04,4,Córdoba,21,SANTA MARIA,324,FALDA DEL CARMEN,1433,True,True,00324,Santa María,1845,False
AR-04-021-325,AR-04-021,AR-04,4,Córdoba,21,SANTA MARIA,325,LOZADA,1419,True,True,00325,Santa María,1531,False
AR-04-021-326,AR-04-021,AR-04,4,Córdoba,21,SANTA MARIA,326,MALAGUEÑO,7295,True,True,00326,Santa María,8310,False
AR-04-021-326A,AR-04-021,AR-04,4,Córdoba,21,SANTA MARIA,326A,YOCSINA,2991,True,True,0326A,Santa María,4190,False
AR-04-021-326B,AR-04-021,AR-04,4,Córdoba,21,SANTA MARIA,326B,BARRIO PRIMERO DE MAYO,1730,True,True,0326B,Santa María,2660,False
AR-04-021-326C,AR-04-021,AR-04,4,Córdoba,21,SANTA MARIA,326C,SAN NICOLAS,2461,True,True,0326C,Santa María,4105,False
AR-04-021-327,AR-04-021,AR-04,4,Córdoba,21,SANTA MARIA,327,MONTE RALO,481,True,True,00327,Santa María,501,False
AR-04-021-328,AR-04-021,AR-04,4,Córdoba,21,SANTA MARIA,328,POTRERO DE GARAY,1363,True,True,00328,Santa María,2177,False
AR-04-021-328B,AR-04-021,AR-04,4,Córdoba,21,SANTA MARIA,328B,VILLA CIUDAD DE AMERICA,850,True,True,0328B,Santa María,1124,False
AR-04-021-329,AR-04-021,AR-04,4,Córdoba,21,SANTA MARIA,329,SAN CLEMENTE,201,True,True,00329,Santa María,276,False
AR-04-021-330,AR-04-021,AR-04,4,Córdoba,21,SANTA MARIA,330,SAN ISIDRO,650,True,True,00330,Santa María,758,False
AR-04-021-330A,AR-04-021,AR-04,4,Córdoba,21,SANTA MARIA,330A,JOSE DE LA QUINTANA,578,True,True,0330A,Santa María,818,False
AR-04-021-331,AR-04-021,AR-04,4,Córdoba,21,SANTA MARIA,331,TOLEDO,4742,True,True,00331,Santa María,6567,False
AR-04-022-332,AR-04-022,AR-04,4,Córdoba,22,SOBREMONTE,332,POZO NUEVO,547,True,True,00332,Sobremonte,564,False
AR-04-022-333,AR-04-022,AR-04,4,Córdoba,22,SOBREMONTE,333,CAMINIAGA,442,True,True,00333,Sobremonte,424,False
AR-04-022-334,AR-04-022,AR-04,4,Córdoba,22,SOBREMONTE,334,CHUÑAHUASI,337,True,True,00334,Sobremonte,317,False
AR-04-022-335,AR-04-022,AR-04,4,Córdoba,22,SOBREMONTE,335,CHAÑAR,2733,True,True,00335,Sobremonte,3056,False
AR-04-023-336,AR-04-023,AR-04,4,Córdoba,23,TERCERO ARRIBA,336,ALMAFUERTE,10624,True,True,00336,Tercero Arriba,11114,False
AR-04-023-337,AR-04-023,AR-04,4,Córdoba,23,TERCERO ARRIBA,337,ASCASUBI,2309,True,True,00337,Tercero Arriba,2361,False
AR-04-023-337A,AR-04-023,AR-04,4,Córdoba,23,TERCERO ARRIBA,337A,CNIA ALMADA,562,True,True,0337A,Tercero Arriba,610,False
AR-04-023-338,AR-04-023,AR-04,4,Córdoba,23,TERCERO ARRIBA,338,CORRALITO,1695,True,True,00338,Tercero Arriba,1802,False
AR-04-023-339,AR-04-023,AR-04,4,Córdoba,23,TERCERO ARRIBA,339,DALMACIO VELEZ,1455,True,True,00339,Tercero Arriba,1542,False
AR-04-023-340,AR-04-023,AR-04,4,Córdoba,23,TERCERO ARRIBA,340,HERNANDO,10077,True,True,00340,Tercero Arriba,10121,False
AR-04-023-341,AR-04-023,AR-04,4,Córdoba,23,TERCERO ARRIBA,341,JAMES CRAIK,4627,True,True,00341,Tercero Arriba,4925,False
AR-04-023-342,AR-04-023,AR-04,4,Córdoba,23,TERCERO ARRIBA,342,LAS PERDICES,4401,True,True,00342,Tercero Arriba,4570,False
AR-04-023-343,AR-04-023,AR-04,4,Córdoba,23,TERCERO ARRIBA,343,LOS ZORROS,621,True,True,00343,Tercero Arriba,668,False
AR-04-023-344,AR-04-023,AR-04,4,Córdoba,23,TERCERO ARRIBA,344,OLIVA,11354,True,True,00344,Tercero Arriba,11501,False
AR-04-023-345,AR-04-023,AR-04,4,Córdoba,23,TERCERO ARRIBA,345,PAMPAYASTA NORTE,424,True,True,00345,Tercero Arriba,439,False
AR-04-023-346,AR-04-023,AR-04,4,Córdoba,23,TERCERO ARRIBA,346,PAMPAYASTA SUD,1274,True,True,00346,Tercero Arriba,1253,False
AR-04-023-347,AR-04-023,AR-04,4,Córdoba,23,TERCERO ARRIBA,347,PUNTA DEL AGUA,226,True,True,00347,Tercero Arriba,257,False
AR-04-023-347A,AR-04-023,AR-04,4,Córdoba,23,TERCERO ARRIBA,347A,LAS ISLETILLAS,260,True,True,0347A,Tercero Arriba,267,False
AR-04-023-348,AR-04-023,AR-04,4,Córdoba,23,TERCERO ARRIBA,348,RIO TERCERO,42845,True,True,00348,Tercero Arriba,44381,False
AR-04-023-349,AR-04-023,AR-04,4,Córdoba,23,TERCERO ARRIBA,349,TANCACHA,4912,True,True,00349,Tercero Arriba,4989,False
AR-04-023-349A,AR-04-023,AR-04,4,Córdoba,23,TERCERO ARRIBA,349A,GENERAL FOTHERINGHAM,340,True,True,0349A,Tercero Arriba,405,False
AR-04-024-350,AR-04-024,AR-04,4,Córdoba,24,TOTORAL,350,CANDELARIA,390,True,True,00350,Totoral,396,False
AR-04-024-351,AR-04-024,AR-04,4,Córdoba,24,TOTORAL,351,CAÑADA DE LUQUE,1188,True,True,00351,Totoral,1253,False
AR-04-024-351A,AR-04-024,AR-04,4,Córdoba,24,TOTORAL,351A,LA PAMPA,729,True,True,0351A,Totoral,837,False
AR-04-024-352,AR-04-024,AR-04,4,Córdoba,24,TOTORAL,352,LAS PEÑAS,1715,True,True,00352,Totoral,1890,False
AR-04-024-352A,AR-04-024,AR-04,4,Córdoba,24,TOTORAL,352A,LOS MISTOLES,149,True,True,0352A,Totoral,207,False
AR-04-024-353,AR-04-024,AR-04,4,Córdoba,24,TOTORAL,353,MACHA,65,True,True,00353,Totoral,77,False
AR-04-024-354,AR-04-024,AR-04,4,Córdoba,24,TOTORAL,354,SANTA CATALINA,251,True,True,00354,Totoral,303,False
AR-04-024-355,AR-04-024,AR-04,4,Córdoba,24,TOTORAL,355,SARMIENTO,1145,True,True,00355,Totoral,1349,False
AR-04-024-356,AR-04-024,AR-04,4,Córdoba,24,TOTORAL,356,SIMBOLAR,330,True,True,00356,Totoral,364,False
AR-04-024-357,AR-04-024,AR-04,4,Córdoba,24,TOTORAL,357,SINSACATE,1995,True,True,00357,Totoral,2578,False
AR-04-024-358,AR-04-024,AR-04,4,Córdoba,24,TOTORAL,358,SITON,653,True,True,00358,Totoral,873,False
AR-04-024-359,AR-04-024,AR-04,4,Córdoba,24,TOTORAL,359,VILLA DEL TOTORAL,8031,True,True,00359,Totoral,8697,False
AR-04-025-360,AR-04-025,AR-04,4,Córdoba,25,TULUMBA,360,CHURQUI CAÑADA,151,True,True,00360,Tulumba,151,False
AR-04-025-360A,AR-04-025,AR-04,4,Córdoba,25,TULUMBA,360A,EL RODEO,243,True,True,0360A,Tulumba,324,False
AR-04-025-360B,AR-04-025,AR-04,4,Córdoba,25,TULUMBA,360B,LA TOMA,146,True,True,0360B,Tulumba,133,False
AR-04-025-361,AR-04-025,AR-04,4,Córdoba,25,TULUMBA,361,LAS ARRIAS,2035,True,True,00361,Tulumba,2138,False
AR-04-025-362,AR-04-025,AR-04,4,Córdoba,25,TULUMBA,362,EL BAÑADO,34,True,True,00362,Tulumba,27,False
AR-04-025-363,AR-04-025,AR-04,4,Córdoba,25,TULUMBA,363,ISLA DE SAN ANTONIO,49,True,True,00363,Tulumba,38,False
AR-04-025-364,AR-04-025,AR-04,4,Córdoba,25,TULUMBA,364,LA DORMIDA,4606,True,True,00364,Tulumba,4924,False
AR-04-025-365,AR-04-025,AR-04,4,Córdoba,25,TULUMBA,365,LAS MASITAS,14,True,True,00365,Tulumba,13,False
AR-04-025-366,AR-04-025,AR-04,4,Córdoba,25,TULUMBA,366,LUCIO V MANSILLA,1055,True,True,00366,Tulumba,1104,False
AR-04-025-367,AR-04-025,AR-04,4,Córdoba,25,TULUMBA,367,ROSARIO DEL SALADILLO,451,True,True,00367,Tulumba,368,False
AR-04-025-368,AR-04-025,AR-04,4,Córdoba,25,TULUMBA,368,SAN JOSE DE LAS SALINAS,654,True,True,00368,Tulumba,759,False
AR-04-025-369,AR-04-025,AR-04,4,Córdoba,25,TULUMBA,369,SAN PEDRO NORTE,600,True,True,00369,Tulumba,554,False
AR-04-025-370,AR-04-025,AR-04,4,Córdoba,25,TULUMBA,370,SANTA CRUZ,92,True,True,00370,Tulumba,73,False
AR-04-025-370A,AR-04-025,AR-04,4,Córdoba,25,TULUMBA,370A,LA CAÑADA,27,True,True,0370A,Tulumba,17,False
AR-04-025-371,AR-04-025,AR-04,4,Córdoba,25,TULUMBA,371,TULUMBA,1899,True,True,00371,Tulumba,2261,False
AR-04-026-372,AR-04-026,AR-04,4,Córdoba,26,UNION,372,ALTO ALEGRE,1144,True,True,00372,Unión,1224,False
AR-04-026-372A,AR-04-026,AR-04,4,Córdoba,26,UNION,372A,ANA ZUMARAN,202,True,True,0372A,Unión,367,False
AR-04-026-373,AR-04-026,AR-04,4,Córdoba,26,UNION,373,BALLESTEROS,3868,True,True,00373,Unión,4272,False
AR-04-026-374,AR-04-026,AR-04,4,Córdoba,26,UNION,374,BALLESTEROS SUD,854,True,True,00374,Unión,2174,False
AR-04-026-375,AR-04-026,AR-04,4,Córdoba,26,UNION,375,BELL VILLE,31325,True,True,00375,Unión,32146,False
AR-04-026-376,AR-04-026,AR-04,4,Córdoba,26,UNION,376,BISMARCK,420,True,True,00376,Unión,463,False
AR-04-026-377,AR-04-026,AR-04,4,Córdoba,26,UNION,377,BREMEN,239,True,True,00377,Unión,274,False
AR-04-026-378,AR-04-026,AR-04,4,Córdoba,26,UNION,378,CANALS,7714,True,True,00378,Unión,7859,False
AR-04-026-379,AR-04-026,AR-04,4,Córdoba,26,UNION,379,CARCANO,23,True,True,00379,Unión,25,False
AR-04-026-381,AR-04-026,AR-04,4,Córdoba,26,UNION,381,CINTRA,1421,True,True,00381,Unión,1673,False
AR-04-026-382,AR-04-026,AR-04,4,Córdoba,26,UNION,382,CHILIBROSTE,653,True,True,00382,Unión,744,False
AR-04-026-384,AR-04-026,AR-04,4,Córdoba,26,UNION,384,PUEBLO ITALIANO,1594,True,True,00384,Unión,1640,False
AR-04-026-385,AR-04-026,AR-04,4,Córdoba,26,UNION,385,ESCALANTE,1348,True,True,00385,Unión,1397,False
AR-04-026-386,AR-04-026,AR-04,4,Córdoba,26,UNION,386,GOULD,628,True,True,00386,Unión,657,False
AR-04-026-387,AR-04-026,AR-04,4,Córdoba,26,UNION,387,IDIAZABAL,1460,True,True,00387,Unión,1585,False
AR-04-026-389,AR-04-026,AR-04,4,Córdoba,26,UNION,389,LABORDE,5244,True,True,00389,Unión,5289,False
AR-04-026-390,AR-04-026,AR-04,4,Córdoba,26,UNION,390,MONTE LEÑA,530,True,True,00390,Unión,644,False
AR-04-026-391,AR-04-026,AR-04,4,Córdoba,26,UNION,391,MONTE MAIZ,6525,True,True,00391,Unión,6460,False
AR-04-026-392,AR-04-026,AR-04,4,Córdoba,26,UNION,392,MORRISON,3492,True,True,00392,Unión,3579,False
AR-04-026-393,AR-04-026,AR-04,4,Córdoba,26,UNION,393,NOETINGER,4566,True,True,00393,Unión,4620,False
AR-04-026-394,AR-04-026,AR-04,4,Córdoba,26,UNION,394,ORDOÑEZ,2381,True,True,00394,Unión,2590,False
AR-04-026-395,AR-04-026,AR-04,4,Córdoba,26,UNION,395,PASCANAS,2458,True,True,00395,Unión,2496,False
AR-04-026-396,AR-04-026,AR-04,4,Córdoba,26,UNION,396,POSSE,7678,True,True,00396,Unión,7731,False
AR-04-026-396A,AR-04-026,AR-04,4,Córdoba,26,UNION,396A,VILLA LOS PATOS,34,True,True,0396A,Unión,51,False
AR-04-026-397,AR-04-026,AR-04,4,Córdoba,26,UNION,397,SAN ANTONIO,1516,True,True,00397,Unión,1612,False
AR-04-026-397A,AR-04-026,AR-04,4,Córdoba,26,UNION,397A,CORRAL DEL BAJO,7,True,True,0397A,Unión,3,False
AR-04-026-400,AR-04-026,AR-04,4,Córdoba,26,UNION,400,SAN MARCOS SUD,2823,True,True,00400,Unión,2995,False
AR-04-026-401,AR-04-026,AR-04,4,Córdoba,26,UNION,401,SANTA MARIA,226,True,True,00401,Unión,311,False
AR-04-026-402,AR-04-026,AR-04,4,Córdoba,26,UNION,402,VIAMONTE,1599,True,True,00402,Unión,1691,False
AR-05-001-1,AR-05-001,AR-05,5,Corrientes,1,CAPITAL,1,CAPITAL,9924,True,True,00001,Capital,9128,False
AR-05-001-10,AR-05-001,AR-05,5,Corrientes,1,CAPITAL,10,SANTA CATALINA,9351,True,True,00010,Capital,12690,False
AR-05-001-11,AR-05-001,AR-05,5,Corrientes,1,CAPITAL,11,RIACHUELO,5401,True,True,00011,Capital,14034,False
AR-05-001-11A,AR-05-001,AR-05,5,Corrientes,1,CAPITAL,11A,SAN CAYETANO,1669,True,True,0011A,Capital,2527,False
AR-05-001-2,AR-05-001,AR-05,5,Corrientes,1,CAPITAL,2,CAPITAL,12053,True,True,00002,Capital,11306,False
AR-05-001-2A,AR-05-001,AR-05,5,Corrientes,1,CAPITAL,2A,CAPITAL,18657,True,True,0002A,Capital,18860,False
AR-05-001-3,AR-05-001,AR-05,5,Corrientes,1,CAPITAL,3,CAPITAL,5712,True,True,00003,Capital,5032,False
AR-05-001-4,AR-05-001,AR-05,5,Corrientes,1,CAPITAL,4,CAPITAL,8663,True,True,00004,Capital,7689,False
AR-05-001-5,AR-05-001,AR-05,5,Corrientes,1,CAPITAL,5,CAPITAL,18293,True,True,00005,Capital,16961,False
AR-05-001-5A,AR-05-001,AR-05,5,Corrientes,1,CAPITAL,5A,CAPITAL,46833,True,True,0005A,Capital,48061,False
AR-05-001-5B,AR-05-001,AR-05,5,Corrientes,1,CAPITAL,5B,CAPITAL,33587,True,True,0005B,Capital,33632,False
AR-05-001-5C,AR-05-001,AR-05,5,Corrientes,1,CAPITAL,5C,CAPITAL,22749,True,True,0005C,Capital,25572,False
AR-05-001-6,AR-05-001,AR-05,5,Corrientes,1,CAPITAL,6,CAPITAL,11040,True,True,00006,Capital,10363,False
AR-05-001-7,AR-05-001,AR-05,5,Corrientes,1,CAPITAL,7,CAPITAL,16712,True,True,00007,Capital,15312,False
AR-05-001-7A,AR-05-001,AR-05,5,Corrientes,1,CAPITAL,7A,CAPITAL,11849,True,True,0007A,Capital,11636,False
AR-05-001-7B,AR-05-001,AR-05,5,Corrientes,1,CAPITAL,7B,CAPITAL,18736,True,True,0007B,Capital,18827,False
AR-05-001-8,AR-05-001,AR-05,5,Corrientes,1,CAPITAL,8,CAPITAL,16044,True,True,00008,Capital,17767,False
AR-05-001-9,AR-05-001,AR-05,5,Corrientes,1,CAPITAL,9,LAGUNA BRAVA,26985,True,True,00009,Capital,29106,False
AR-05-001-9A,AR-05-001,AR-05,5,Corrientes,1,CAPITAL,9A,PASO MARTINEZ,659,True,True,0009A,Capital,1783,False
AR-05-002-12,AR-05-002,AR-05,5,Corrientes,2,GOYA,12,CIUDAD,13450,True,True,00012,Goya,11306,False
AR-05-002-12A,AR-05-002,AR-05,5,Corrientes,2,GOYA,12A,CIUDAD,16087,True,True,0012A,Goya,15032,False
AR-05-002-12B,AR-05-002,AR-05,5,Corrientes,2,GOYA,12B,CIUDAD,18956,True,True,0012B,Goya,22560,False
AR-05-002-12C,AR-05-002,AR-05,5,Corrientes,2,GOYA,12C,CIUDAD,10868,True,True,0012C,Goya,13281,False
AR-05-002-13,AR-05-002,AR-05,5,Corrientes,2,GOYA,13,1A.SECCION-MARUCHAS,2584,True,True,00013,Goya,1921,False
AR-05-002-13A,AR-05-002,AR-05,5,Corrientes,2,GOYA,13A,1A.SECCION-CAROLINA,2997,True,True,0013A,Goya,6341,False
AR-05-002-14,AR-05-002,AR-05,5,Corrientes,2,GOYA,14,2A.SECCION-COLONIA PORVENIR,2276,True,True,00014,Goya,1794,False
AR-05-002-15,AR-05-002,AR-05,5,Corrientes,2,GOYA,15,3A.SECCION-BUENA VISTA,3662,True,True,00015,Goya,3027,False
AR-05-002-16,AR-05-002,AR-05,5,Corrientes,2,GOYA,16,4A.SECCION-SAN MARTIN,4460,True,True,00016,Goya,4984,False
AR-05-003-17,AR-05-003,AR-05,5,Corrientes,3,CURUZU CUATIA,17,CIUDAD,29789,True,True,00017,Curuzú Cuatiá,31705,False
AR-05-003-18,AR-05-003,AR-05,5,Corrientes,3,CURUZU CUATIA,18,1A.SECCION-CHACRAS,1556,True,True,00018,Curuzú Cuatiá,1387,False
AR-05-003-19,AR-05-003,AR-05,5,Corrientes,3,CURUZU CUATIA,19,2A.SECCION-PAGO LARGO,705,True,True,00019,Curuzú Cuatiá,647,False
AR-05-003-20,AR-05-003,AR-05,5,Corrientes,3,CURUZU CUATIA,20,3A.SECCION-PARAISO,197,True,True,00020,Curuzú Cuatiá,134,False
AR-05-003-21,AR-05-003,AR-05,5,Corrientes,3,CURUZU CUATIA,21,4A.SECCION-AVALOS,553,True,True,00021,Curuzú Cuatiá,360,False
AR-05-003-22,AR-05-003,AR-05,5,Corrientes,3,CURUZU CUATIA,22,5A.SECCION-PERUGORRIA,4941,True,True,00022,Curuzú Cuatiá,5520,False
AR-05-004-23,AR-05-004,AR-05,5,Corrientes,4,MERCEDES,23,CIUDAD,12872,True,True,00023,Mercedes,16393,False
AR-05-004-24,AR-05-004,AR-05,5,Corrientes,4,MERCEDES,24,1A.SECCION-TIRO FEDERAL,17943,True,True,00024,Mercedes,17001,False
AR-05-004-25,AR-05-004,AR-05,5,Corrientes,4,MERCEDES,25,2A.SECC-CNIA.MARIANO I.LOZA,1870,True,True,00025,Mercedes,2125,False
AR-05-004-26,AR-05-004,AR-05,5,Corrientes,4,MERCEDES,26,3A.SECC-CTO.1-EST.F.YOFRE,1575,True,True,00026,Mercedes,1614,False
AR-05-004-27,AR-05-004,AR-05,5,Corrientes,4,MERCEDES,27,3A.SECC-CTO.2-ITA CORA,876,True,True,00027,Mercedes,777,False
AR-05-004-28,AR-05-004,AR-05,5,Corrientes,4,MERCEDES,28,4A.SECCION-UGUAY,512,True,True,00028,Mercedes,418,False
AR-05-004-29,AR-05-004,AR-05,5,Corrientes,4,MERCEDES,29,5A.SECCION-CALLEJON,122,True,True,00029,Mercedes,86,False
AR-05-005-30,AR-05-005,AR-05,5,Corrientes,5,ESQUINA,30,CIUDAD,15398,True,True,00030,Esquina,17318,False
AR-05-005-31,AR-05-005,AR-05,5,Corrientes,5,ESQUINA,31,1A.SECCION-CAMPAÑA,5328,True,True,00031,Esquina,5505,False
AR-05-005-32,AR-05-005,AR-05,5,Corrientes,5,ESQUINA,32,2A.SECCION-PUEBLO LIBERTADOR,4370,True,True,00032,Esquina,7053,False
AR-05-005-32A,AR-05-005,AR-05,5,Corrientes,5,ESQUINA,32A,2A.SECCION-GUAYQUIRARO,863,True,True,0032A,Esquina,718,False
AR-05-005-33,AR-05-005,AR-05,5,Corrientes,5,ESQUINA,33,3A.SECCION-EL CARMEN,1478,True,True,00033,Esquina,1342,False
AR-05-005-34,AR-05-005,AR-05,5,Corrientes,5,ESQUINA,34,4A.SECCION-MALVINAS,1010,True,True,00034,Esquina,961,False
AR-05-005-35,AR-05-005,AR-05,5,Corrientes,5,ESQUINA,35,5A.SECCION-LAS CUCHILLAS,400,True,True,00035,Esquina,256,False
AR-05-006-36,AR-05-006,AR-05,5,Corrientes,6,LAVALLE,36,SANTA LUCIA-CIUDAD,10952,True,True,00036,Lavalle,12162,False
AR-05-006-37,AR-05-006,AR-05,5,Corrientes,6,LAVALLE,37,1A.SECCION-PUERTO LAVALLE,5274,True,True,00037,Lavalle,6251,False
AR-05-006-37A,AR-05-006,AR-05,5,Corrientes,6,LAVALLE,37A,1A.SECC-CNIA.C.ECHEVARRIA,675,True,True,0037A,Lavalle,879,False
AR-05-006-37B,AR-05-006,AR-05,5,Corrientes,6,LAVALLE,37B,1A.SECC-CRUZ D.L.MILAGROS,1994,True,True,0037B,Lavalle,2214,False
AR-05-006-38,AR-05-006,AR-05,5,Corrientes,6,LAVALLE,38,2A.SECCION-GDOR.MARTINEZ,3977,True,True,00038,Lavalle,4250,False
AR-05-006-39,AR-05-006,AR-05,5,Corrientes,6,LAVALLE,39,3A.SECCION-YATAI-TY CALLE,2047,True,True,00039,Lavalle,2654,False
AR-05-007-40,AR-05-007,AR-05,5,Corrientes,7,SANTO TOME,40,CIUDAD,19597,True,True,00040,Santo Tomé,21029,False
AR-05-007-41,AR-05-007,AR-05,5,Corrientes,7,SANTO TOME,41,1A.SECCION-CHACRAS,1458,True,True,00041,Santo Tomé,1865,False
AR-05-007-42,AR-05-007,AR-05,5,Corrientes,7,SANTO TOME,42,2A.SECCION-CASA PAVA,143,True,True,00042,Santo Tomé,145,False
AR-05-007-43,AR-05-007,AR-05,5,Corrientes,7,SANTO TOME,43,3A.SECCION-CNIA.JOSE R.GOMEZ,1218,True,True,00043,Santo Tomé,1432,False
AR-05-007-44,AR-05-007,AR-05,5,Corrientes,7,SANTO TOME,44,GARRUCHOS,895,True,True,00044,Santo Tomé,964,False
AR-05-007-45,AR-05-007,AR-05,5,Corrientes,7,SANTO TOME,45,4A.SECCION-ING.V.VIRASORO,26596,True,True,00045,Santo Tomé,29125,False
AR-05-007-46,AR-05-007,AR-05,5,Corrientes,7,SANTO TOME,46,5A.SECCION-GOMEZ CUE,91,True,True,00046,Santo Tomé,62,False
AR-05-007-47,AR-05-007,AR-05,5,Corrientes,7,SANTO TOME,47,6A.SECCION-ISLA SAN MATEO,10,True,True,00047,Santo Tomé,9,False
AR-05-007-48,AR-05-007,AR-05,5,Corrientes,7,SANTO TOME,48,7A.SECCION-PASO GALARZA CUE,37,True,True,00048,Santo Tomé,63,False
AR-05-008-49,AR-05-008,AR-05,5,Corrientes,8,PASO DE LOS LIBRES,49,CIUDAD,34882,True,True,00049,Paso de los Libres,36981,False
AR-05-008-50,AR-05-008,AR-05,5,Corrientes,8,PASO DE LOS LIBRES,50,1A.SECCION-TAPEBICUA,772,True,True,00050,Paso de los Libres,1123,False
AR-05-008-51,AR-05-008,AR-05,5,Corrientes,8,PASO DE LOS LIBRES,51,2A.SECCION-SAN ROQUITO,302,True,True,00051,Paso de los Libres,174,False
AR-05-008-52,AR-05-008,AR-05,5,Corrientes,8,PASO DE LOS LIBRES,52,3A.SECC-E.CABRED-P.PUCHETA,673,True,True,00052,Paso de los Libres,791,False
AR-05-008-53,AR-05-008,AR-05,5,Corrientes,8,PASO DE LOS LIBRES,53,4A.SECCION-EST.BONPLAND,1387,True,True,00053,Paso de los Libres,3510,False
AR-05-008-54,AR-05-008,AR-05,5,Corrientes,8,PASO DE LOS LIBRES,54,5A.SECCION-PALMAR Y OMBUCITO,4353,True,True,00054,Paso de los Libres,4782,False
AR-05-009-55,AR-05-009,AR-05,5,Corrientes,9,MONTE CASEROS,55,CIUDAD,19844,True,True,00055,Monte Caseros,21837,False
AR-05-009-56,AR-05-009,AR-05,5,Corrientes,9,MONTE CASEROS,56,1A.SECCION-EST.LABOUGLE,1535,True,True,00056,Monte Caseros,1373,False
AR-05-009-57,AR-05-009,AR-05,5,Corrientes,9,MONTE CASEROS,57,2A.SECCION-CNIA.LIBERTAD,974,True,True,00057,Monte Caseros,1105,False
AR-05-009-58,AR-05-009,AR-05,5,Corrientes,9,MONTE CASEROS,58,3A.SECCION-PARADA ACUÑA,60,True,True,00058,Monte Caseros,50,False
AR-05-009-59,AR-05-009,AR-05,5,Corrientes,9,MONTE CASEROS,59,4A.SECCION-EST.JUAN PUJOL,1406,True,True,00059,Monte Caseros,1688,False
AR-05-009-59A,AR-05-009,AR-05,5,Corrientes,9,MONTE CASEROS,59A,4A.SECCION-CNIA.MOCORETA,6644,True,True,0059A,Monte Caseros,7371,False
AR-05-010-60,AR-05-010,AR-05,5,Corrientes,10,SAN LUIS DEL PALMAR,60,PUEBLO,10999,True,True,00060,San Luis del Palmar,13032,False
AR-05-010-61,AR-05-010,AR-05,5,Corrientes,10,SAN LUIS DEL PALMAR,61,1A.SECC-LAGUNITA-CAVIA CUE,1751,True,True,00061,San Luis del Palmar,1790,False
AR-05-010-62,AR-05-010,AR-05,5,Corrientes,10,SAN LUIS DEL PALMAR,62,2A.SECCION-PONTON-RALERAS,637,True,True,00062,San Luis del Palmar,648,False
AR-05-010-63,AR-05-010,AR-05,5,Corrientes,10,SAN LUIS DEL PALMAR,63,3A.SECC-HERLITZKA-V.S.ISIDRO,1283,True,True,00063,San Luis del Palmar,1407,False
AR-05-010-64,AR-05-010,AR-05,5,Corrientes,10,SAN LUIS DEL PALMAR,64,4A.SECCION-EMPEDRADO LIMPIO,394,True,True,00064,San Luis del Palmar,345,False
AR-05-010-65,AR-05-010,AR-05,5,Corrientes,10,SAN LUIS DEL PALMAR,65,5A.SECC-LOMAS D.GALARZA-KM.89,551,True,True,00065,San Luis del Palmar,475,False
AR-05-010-66,AR-05-010,AR-05,5,Corrientes,10,SAN LUIS DEL PALMAR,66,6A.SECCION-CAMPO GRANDE,567,True,True,00066,San Luis del Palmar,492,False
AR-05-011-67,AR-05-011,AR-05,5,Corrientes,11,BELLA VISTA,67,CIUDAD,24501,True,True,00067,Bella Vista,26770,False
AR-05-011-68,AR-05-011,AR-05,5,Corrientes,11,BELLA VISTA,68,1A.SECCION-LOMAS,2742,True,True,00068,Bella Vista,2790,False
AR-05-011-69,AR-05-011,AR-05,5,Corrientes,11,BELLA VISTA,69,2A.SECCION-JUAN DIAZ,232,True,True,00069,Bella Vista,175,False
AR-05-011-70,AR-05-011,AR-05,5,Corrientes,11,BELLA VISTA,70,3A.SECCION-CNIA.3 DE ABRIL,2189,True,True,00070,Bella Vista,2664,False
AR-05-011-71,AR-05-011,AR-05,5,Corrientes,11,BELLA VISTA,71,4A.SECCION-CNIA.PROGRESO,1183,True,True,00071,Bella Vista,1076,False
AR-05-012-72,AR-05-012,AR-05,5,Corrientes,12,EMPEDRADO,72,PUEBLO,8195,True,True,00072,Empedrado,9353,False
AR-05-012-73,AR-05-012,AR-05,5,Corrientes,12,EMPEDRADO,73,1A.SECCION-EST.DERQUI,999,True,True,00073,Empedrado,1042,False
AR-05-012-73A,AR-05-012,AR-05,5,Corrientes,12,EMPEDRADO,73A,1A.SECCION-EL SOMBRERO,1233,True,True,0073A,Empedrado,1858,False
AR-05-012-74,AR-05-012,AR-05,5,Corrientes,12,EMPEDRADO,74,2A.SECCION-CAMPO GRANDE,734,True,True,00074,Empedrado,695,False
AR-05-012-75,AR-05-012,AR-05,5,Corrientes,12,EMPEDRADO,75,3A.SECC-COSTA SAN LORENZO,323,True,True,00075,Empedrado,271,False
AR-05-012-76,AR-05-012,AR-05,5,Corrientes,12,EMPEDRADO,76,4A.SECCION-LOMAS,1648,True,True,00076,Empedrado,1746,False
AR-05-013-77,AR-05-013,AR-05,5,Corrientes,13,SAN ROQUE,77,PUEBLO,7274,True,True,00077,San Roque,7866,False
AR-05-013-78,AR-05-013,AR-05,5,Corrientes,13,SAN ROQUE,78,1A.SECC-CTO.1-P.R.FERNANDEZ,1673,True,True,00078,San Roque,2325,False
AR-05-013-79,AR-05-013,AR-05,5,Corrientes,13,SAN ROQUE,79,1A.SECC-CTO.2-9 DE JULIO,3040,True,True,00079,San Roque,3330,False
AR-05-013-80,AR-05-013,AR-05,5,Corrientes,13,SAN ROQUE,80,2A.SECC-CNIA.PANDO-R.GRANDE,2017,True,True,00080,San Roque,2240,False
AR-05-013-81,AR-05-013,AR-05,5,Corrientes,13,SAN ROQUE,81,3A.SECCION-SANTO DOMINGO,380,True,True,00081,San Roque,365,False
AR-05-013-82,AR-05-013,AR-05,5,Corrientes,13,SAN ROQUE,82,4A.SECCION-CHAVARRIA,2229,True,True,00082,San Roque,2456,False
AR-05-014-83,AR-05-014,AR-05,5,Corrientes,14,GENERAL PAZ,83,CIUDAD,4106,True,True,00083,General Paz,4636,False
AR-05-014-84,AR-05-014,AR-05,5,Corrientes,14,GENERAL PAZ,84,1A.SECC-CAPILLITA-COL.S.MARTIN,1029,True,True,00084,General Paz,1149,False
AR-05-014-85,AR-05-014,AR-05,5,Corrientes,14,GENERAL PAZ,85,2A.SECCION-L.DE VALLEJOS,1972,True,True,00085,General Paz,2045,False
AR-05-014-86,AR-05-014,AR-05,5,Corrientes,14,GENERAL PAZ,86,3A.SECCION-TACUARAL,423,True,True,00086,General Paz,371,False
AR-05-014-87,AR-05-014,AR-05,5,Corrientes,14,GENERAL PAZ,87,4A.SECCION-CNIA.JUAN PUJOL,321,True,True,00087,General Paz,309,False
AR-05-014-87A,AR-05-014,AR-05,5,Corrientes,14,GENERAL PAZ,87A,4A.SECCION-LOS VENCES,143,True,True,0087A,General Paz,146,False
AR-05-014-88,AR-05-014,AR-05,5,Corrientes,14,GENERAL PAZ,88,5A.SECCION-PALMAR GRANDE,1241,True,True,00088,General Paz,1534,False
AR-05-014-89,AR-05-014,AR-05,5,Corrientes,14,GENERAL PAZ,89,6A.SECC-ARERUNGUA-C.ROMERO,378,True,True,00089,General Paz,373,False
AR-05-014-90,AR-05-014,AR-05,5,Corrientes,14,GENERAL PAZ,90,ITA IBATE,3959,True,True,00090,General Paz,4242,False
AR-05-015-91,AR-05-015,AR-05,5,Corrientes,15,SALADAS,91,PUEBLO,9862,True,True,00091,Saladas,11220,False
AR-05-015-92,AR-05-015,AR-05,5,Corrientes,15,SALADAS,92,1A.SECCION-CNIA.J.B.CABRAL,3315,True,True,00092,Saladas,3754,False
AR-05-015-93,AR-05-015,AR-05,5,Corrientes,15,SALADAS,93,2A.SECC-PAGO D.LOS DESEOS,1612,True,True,00093,Saladas,1706,False
AR-05-015-94,AR-05-015,AR-05,5,Corrientes,15,SALADAS,94,3A.SECCION-SAN LORENZO,3146,True,True,00094,Saladas,3484,False
AR-05-015-95,AR-05-015,AR-05,5,Corrientes,15,SALADAS,95,4A.SECCION-ANGUA,559,True,True,00095,Saladas,464,False
AR-05-016-100,AR-05-016,AR-05,5,Corrientes,16,SAN MARTIN,100,YAPEYU,1872,True,True,00100,San Martín,2156,False
AR-05-016-100A,AR-05-016,AR-05,5,Corrientes,16,SAN MARTIN,100A,GUAVIRAVI,846,True,True,0100A,San Martín,945,False
AR-05-016-96,AR-05-016,AR-05,5,Corrientes,16,SAN MARTIN,96,LA CRUZ,6374,True,True,00096,San Martín,7203,False
AR-05-016-97,AR-05-016,AR-05,5,Corrientes,16,SAN MARTIN,97,LA CRUZ-1A.SECCION-IZOQUI,1014,True,True,00097,San Martín,1044,False
AR-05-016-98,AR-05-016,AR-05,5,Corrientes,16,SAN MARTIN,98,LA CRUZ-2A.SECC-C.PELLEGRINI,789,True,True,00098,San Martín,797,False
AR-05-016-99,AR-05-016,AR-05,5,Corrientes,16,SAN MARTIN,99,LA CRUZ-3A.SECC-SAN GABRIEL,43,True,True,00099,San Martín,45,False
AR-05-017-101,AR-05-017,AR-05,5,Corrientes,17,CONCEPCION,101,PUEBLO,3747,True,True,00101,Concepción,4471,False
AR-05-017-102,AR-05-017,AR-05,5,Corrientes,17,CONCEPCION,102,1A.SECCION-CARAMBOLA,149,True,True,00102,Concepción,110,False
AR-05-017-103,AR-05-017,AR-05,5,Corrientes,17,CONCEPCION,103,2A.SECCION-PASO LUCERO,176,True,True,00103,Concepción,134,False
AR-05-017-104,AR-05-017,AR-05,5,Corrientes,17,CONCEPCION,104,3A.SECC-EL CARMEN-S.AGUSTIN,68,True,True,00104,Concepción,87,False
AR-05-017-105,AR-05-017,AR-05,5,Corrientes,17,CONCEPCION,105,4A.SECCION-CTO.1-TABAY,2553,True,True,00105,Concepción,2919,False
AR-05-017-105A,AR-05-017,AR-05,5,Corrientes,17,CONCEPCION,105A,4A.SECC-CTO.1-CNIA.TATACUA,2039,True,True,0105A,Concepción,2371,False
AR-05-017-106,AR-05-017,AR-05,5,Corrientes,17,CONCEPCION,106,4A.SECCION-CTO.2-STA.ROSA,8084,True,True,00106,Concepción,9216,False
AR-05-017-107,AR-05-017,AR-05,5,Corrientes,17,CONCEPCION,107,5A.SECCION-LOMA ALTA,190,True,True,00107,Concepción,140,False
AR-05-018-108,AR-05-018,AR-05,5,Corrientes,18,MBURUCUYA,108,PUEBLO,6159,True,True,00108,Mburucuyá,7014,False
AR-05-018-109,AR-05-018,AR-05,5,Corrientes,18,MBURUCUYA,109,1A.SECCION-EL PAGO-LOMA ALTA,1518,True,True,00109,Mburucuyá,1399,False
AR-05-018-110,AR-05-018,AR-05,5,Corrientes,18,MBURUCUYA,110,2A.SECCION-MANANTIALES,921,True,True,00110,Mburucuyá,867,False
AR-05-018-111,AR-05-018,AR-05,5,Corrientes,18,MBURUCUYA,111,3A.SECCION-PUNTA GRANDE,117,True,True,00111,Mburucuyá,106,False
AR-05-019-112,AR-05-019,AR-05,5,Corrientes,19,ITUZAINGO,112,PUEBLO,18152,True,True,00112,Ituzaingó,21234,False
AR-05-019-113,AR-05-019,AR-05,5,Corrientes,19,ITUZAINGO,113,1A.SECCION-APIPE CHICO,211,True,True,00113,Ituzaingó,470,False
AR-05-019-114,AR-05-019,AR-05,5,Corrientes,19,ITUZAINGO,114,2A.SECCION-VILLA OLIVARI,1247,True,True,00114,Ituzaingó,1499,False
AR-05-019-115,AR-05-019,AR-05,5,Corrientes,19,ITUZAINGO,115,3A.SECC-LIBERTAD-PUERTO VALLE,124,True,True,00115,Ituzaingó,200,False
AR-05-019-116,AR-05-019,AR-05,5,Corrientes,19,ITUZAINGO,116,4A.SECCION-CAA CARAI,19,True,True,00116,Ituzaingó,17,False
AR-05-019-117,AR-05-019,AR-05,5,Corrientes,19,ITUZAINGO,117,5A.SECCION-APIPE GRANDE,1295,True,True,00117,Ituzaingó,1502,False
AR-05-019-117A,AR-05-019,AR-05,5,Corrientes,19,ITUZAINGO,117A,5A.SECCION-COLONIA URIBURU,218,True,True,0117A,Ituzaingó,235,False
AR-05-019-118,AR-05-019,AR-05,5,Corrientes,19,ITUZAINGO,118,SAN CARLOS,3567,True,True,00118,Ituzaingó,9052,False
AR-05-019-119,AR-05-019,AR-05,5,Corrientes,19,ITUZAINGO,119,S.CARLOS-1A.SECC-CNIA.LIEBIGS,3916,True,True,00119,Ituzaingó,5184,False
AR-05-019-120,AR-05-019,AR-05,5,Corrientes,19,ITUZAINGO,120,S.CARLOS-2A.SEC-S.JUAN-C.TABAY,124,True,True,00120,Ituzaingó,163,False
AR-05-020-121,AR-05-020,AR-05,5,Corrientes,20,SAUCE,121,PUEBLO,6350,True,True,00121,Sauce,6916,False
AR-05-020-122,AR-05-020,AR-05,5,Corrientes,20,SAUCE,122,1A.SECCION-CAMPAÑA,818,True,True,00122,Sauce,798,False
AR-05-020-123,AR-05-020,AR-05,5,Corrientes,20,SAUCE,123,2A.SECCION-CAÑADITAS,382,True,True,00123,Sauce,358,False
AR-05-020-124,AR-05-020,AR-05,5,Corrientes,20,SAUCE,124,3A.SECC-RINCON D.L.ANIMAS,16,True,True,00124,Sauce,15,False
AR-05-020-125,AR-05-020,AR-05,5,Corrientes,20,SAUCE,125,4A.SECCION-BARRANCAS,212,True,True,00125,Sauce,140,False
AR-05-021-126,AR-05-021,AR-05,5,Corrientes,21,SAN COSME,126,PUEBLO,3388,True,True,00126,San Cosme,5304,False
AR-05-021-127,AR-05-021,AR-05,5,Corrientes,21,SAN COSME,127,1A.SECCION-ENSENADITA,997,True,True,00127,San Cosme,1310,False
AR-05-021-128,AR-05-021,AR-05,5,Corrientes,21,SAN COSME,128,2A.SECCION-SANTA ANA,3158,True,True,00128,San Cosme,6701,False
AR-05-021-128A,AR-05-021,AR-05,5,Corrientes,21,SAN COSME,128A,2A.SECC-ING.1ER.CORRENTINO,393,True,True,0128A,San Cosme,606,False
AR-05-021-129,AR-05-021,AR-05,5,Corrientes,21,SAN COSME,129,3A.SECC-DESAGUADERO-VECINDAD,214,True,True,00129,San Cosme,281,False
AR-05-021-130,AR-05-021,AR-05,5,Corrientes,21,SAN COSME,130,4A.SECCION-ENSENADA GRANDE,826,True,True,00130,San Cosme,991,False
AR-05-021-130A,AR-05-021,AR-05,5,Corrientes,21,SAN COSME,130A,4A.SECCION-PUERTO GONZALEZ,84,True,True,0130A,San Cosme,96,False
AR-05-021-131,AR-05-021,AR-05,5,Corrientes,21,SAN COSME,131,5A.SECCION-P.DE LA PATRIA,6400,True,True,00131,San Cosme,9263,False
AR-05-022-132,AR-05-022,AR-05,5,Corrientes,22,GENERAL ALVEAR,132,PUEBLO,5964,True,True,00132,General Alvear,6322,False
AR-05-022-133,AR-05-022,AR-05,5,Corrientes,22,GENERAL ALVEAR,133,1A.SECCION-PANCHO CUE,386,True,True,00133,General Alvear,323,False
AR-05-022-134,AR-05-022,AR-05,5,Corrientes,22,GENERAL ALVEAR,134,2A.SECCION-PALMITAS,225,True,True,00134,General Alvear,177,False
AR-05-022-135,AR-05-022,AR-05,5,Corrientes,22,GENERAL ALVEAR,135,3A.SECCION-ESTACION TORRENT,380,True,True,00135,General Alvear,439,False
AR-05-023-136,AR-05-023,AR-05,5,Corrientes,23,SAN MIGUEL,136,PUEBLO,4951,True,True,00136,San Miguel,4890,False
AR-05-023-137,AR-05-023,AR-05,5,Corrientes,23,SAN MIGUEL,137,1A.SECC-TACUARALITO-MONTAÑA,501,True,True,00137,San Miguel,849,False
AR-05-023-138,AR-05-023,AR-05,5,Corrientes,23,SAN MIGUEL,138,2A.SECC-CNIA.MADARIAGA-SANTA,895,True,True,00138,San Miguel,1231,False
AR-05-023-139,AR-05-023,AR-05,5,Corrientes,23,SAN MIGUEL,139,3A.SECCION-CURUPAYTI,236,True,True,00139,San Miguel,289,False
AR-05-023-140,AR-05-023,AR-05,5,Corrientes,23,SAN MIGUEL,140,4A.SECCION-LORETO,2530,True,True,00140,San Miguel,2822,False
AR-05-024-141,AR-05-024,AR-05,5,Corrientes,24,ITATI,141,PUEBLO,6524,True,True,00141,Itatí,7228,False
AR-05-024-142,AR-05-024,AR-05,5,Corrientes,24,ITATI,142,1A.SECCION-IBIRAY,385,True,True,00142,Itatí,500,False
AR-05-024-143,AR-05-024,AR-05,5,Corrientes,24,ITATI,143,2A.SECCION-RAMADA PASO,1175,True,True,00143,Itatí,1932,False
AR-05-024-144,AR-05-024,AR-05,5,Corrientes,24,ITATI,144,3A.SECCION-YACAREY,720,True,True,00144,Itatí,727,False
AR-05-025-145,AR-05-025,AR-05,5,Corrientes,25,BERON DE ASTRADA,145,PUEBLO,1240,True,True,00145,Berón de Astrada,1527,False
AR-05-025-146,AR-05-025,AR-05,5,Corrientes,25,BERON DE ASTRADA,146,1A.SECCION-TORO PICHAY,640,True,True,00146,Berón de Astrada,626,False
AR-05-025-147,AR-05-025,AR-05,5,Corrientes,25,BERON DE ASTRADA,147,2A.SECCION-YAHAPE,522,True,True,00147,Berón de Astrada,586,False
AR-06-001-1,AR-06-001,AR-06,6,Chaco,1,SAN FERNANDO,1,RESISTENCIA,5196,True,True,00001,San Fernando,5157,False
AR-06-001-10,AR-06-001,AR-06,6,Chaco,1,SAN FERNANDO,10,BARRANQUERAS,9742,True,True,00010,San Fernando,9969,False
AR-06-001-11A,AR-06-001,AR-06,6,Chaco,1,SAN FERNANDO,11A,BARRANQUERAS,8637,True,True,0011A,San Fernando,9329,False
AR-06-001-11B,AR-06-001,AR-06,6,Chaco,1,SAN FERNANDO,11B,BARRANQUERAS,17994,True,True,0011B,San Fernando,20255,False
AR-06-001-12,AR-06-001,AR-06,6,Chaco,1,SAN FERNANDO,12,PUERTO VILELAS,10307,True,True,00012,San Fernando,11788,False
AR-06-001-13A,AR-06-001,AR-06,6,Chaco,1,SAN FERNANDO,13A,RESISTENCIA,12506,True,True,0013A,San Fernando,13298,False
AR-06-001-13B,AR-06-001,AR-06,6,Chaco,1,SAN FERNANDO,13B,RESISTENCIA,20485,True,True,0013B,San Fernando,22846,False
AR-06-001-14,AR-06-001,AR-06,6,Chaco,1,SAN FERNANDO,14,RESISTENCIA,6034,True,True,00014,San Fernando,5962,False
AR-06-001-15,AR-06-001,AR-06,6,Chaco,1,SAN FERNANDO,15,RESISTENCIA,15761,True,True,00015,San Fernando,16401,False
AR-06-001-16A,AR-06-001,AR-06,6,Chaco,1,SAN FERNANDO,16A,RESISTENCIA,26986,True,True,0016A,San Fernando,30562,False
AR-06-001-16B,AR-06-001,AR-06,6,Chaco,1,SAN FERNANDO,16B,RESISTENCIA,16349,True,True,0016B,San Fernando,16091,False
AR-06-001-16C,AR-06-001,AR-06,6,Chaco,1,SAN FERNANDO,16C,RESISTENCIA,11753,True,True,0016C,San Fernando,11661,False
AR-06-001-17,AR-06-001,AR-06,6,Chaco,1,SAN FERNANDO,17,RESISTENCIA,3920,True,True,00017,San Fernando,3826,False
AR-06-001-18,AR-06-001,AR-06,6,Chaco,1,SAN FERNANDO,18,RESISTENCIA,10452,True,True,00018,San Fernando,10854,False
AR-06-001-19A,AR-06-001,AR-06,6,Chaco,1,SAN FERNANDO,19A,RESISTENCIA,6585,True,True,0019A,San Fernando,6669,False
AR-06-001-19B,AR-06-001,AR-06,6,Chaco,1,SAN FERNANDO,19B,RESISTENCIA,6706,True,True,0019B,San Fernando,7086,False
AR-06-001-2,AR-06-001,AR-06,6,Chaco,1,SAN FERNANDO,2,RESISTENCIA,4706,True,True,00002,San Fernando,4646,False
AR-06-001-20,AR-06-001,AR-06,6,Chaco,1,SAN FERNANDO,20,RESISTENCIA,1355,True,True,00020,San Fernando,2331,False
AR-06-001-21,AR-06-001,AR-06,6,Chaco,1,SAN FERNANDO,21,RESISTENCIA,8561,True,True,00021,San Fernando,9885,False
AR-06-001-22A,AR-06-001,AR-06,6,Chaco,1,SAN FERNANDO,22A,FONTANA,8237,True,True,0022A,San Fernando,9400,False
AR-06-001-22B,AR-06-001,AR-06,6,Chaco,1,SAN FERNANDO,22B,FONTANA,10401,True,True,0022B,San Fernando,11655,False
AR-06-001-23,AR-06-001,AR-06,6,Chaco,1,SAN FERNANDO,23,PUERTO VICENTINI,10131,True,True,00023,San Fernando,11851,False
AR-06-001-24,AR-06-001,AR-06,6,Chaco,1,SAN FERNANDO,24,COLONIA BARANDA,473,True,True,00024,San Fernando,454,False
AR-06-001-25,AR-06-001,AR-06,6,Chaco,1,SAN FERNANDO,25,MARIA SARA,25,True,True,00025,San Fernando,16,False
AR-06-001-26,AR-06-001,AR-06,6,Chaco,1,SAN FERNANDO,26,BASAIL,4800,True,True,00026,San Fernando,5721,False
AR-06-001-27,AR-06-001,AR-06,6,Chaco,1,SAN FERNANDO,27,EL PALMAR,385,True,True,00027,San Fernando,535,False
AR-06-001-3,AR-06-001,AR-06,6,Chaco,1,SAN FERNANDO,3,RESISTENCIA,4651,True,True,00003,San Fernando,4585,False
AR-06-001-4,AR-06-001,AR-06,6,Chaco,1,SAN FERNANDO,4,RESISTENCIA,5161,True,True,00004,San Fernando,4824,False
AR-06-001-5A,AR-06-001,AR-06,6,Chaco,1,SAN FERNANDO,5A,RESISTENCIA,9487,True,True,0005A,San Fernando,9963,False
AR-06-001-5B,AR-06-001,AR-06,6,Chaco,1,SAN FERNANDO,5B,RESISTENCIA,6758,True,True,0005B,San Fernando,7492,False
AR-06-001-6,AR-06-001,AR-06,6,Chaco,1,SAN FERNANDO,6,RESISTENCIA,2726,True,True,00006,San Fernando,2855,False
AR-06-001-7A,AR-06-001,AR-06,6,Chaco,1,SAN FERNANDO,7A,RESISTENCIA,11205,True,True,0007A,San Fernando,11260,False
AR-06-001-7B,AR-06-001,AR-06,6,Chaco,1,SAN FERNANDO,7B,RESISTENCIA,13114,True,True,0007B,San Fernando,13207,False
AR-06-001-8A,AR-06-001,AR-06,6,Chaco,1,SAN FERNANDO,8A,RESISTENCIA,22545,True,True,0008A,San Fernando,24788,False
AR-06-001-8B,AR-06-001,AR-06,6,Chaco,1,SAN FERNANDO,8B,RESISTENCIA,14528,True,True,0008B,San Fernando,15361,False
AR-06-001-9,AR-06-001,AR-06,6,Chaco,1,SAN FERNANDO,9,BARRANQUERAS,9414,True,True,00009,San Fernando,10771,False
AR-06-002-28,AR-06-002,AR-06,6,Chaco,2,1° DE MAYO,28,COLONIA BENITEZ,3470,True,True,00028,1º de Mayo,4606,False
AR-06-002-28A,AR-06-002,AR-06,6,Chaco,2,1° DE MAYO,28A,PUERTO ANTEQUERAS,825,True,True,0028A,1º de Mayo,979,False
AR-06-002-29,AR-06-002,AR-06,6,Chaco,2,1° DE MAYO,29,MGTA. BELEN,6021,True,True,00029,1º de Mayo,7186,False
AR-06-002-30,AR-06-002,AR-06,6,Chaco,2,1° DE MAYO,30,COSTA INE,200,True,True,00030,1º de Mayo,273,False
AR-06-002-31,AR-06-002,AR-06,6,Chaco,2,1° DE MAYO,31,COLONIA SAN MIGUEL,3,True,True,00031,1º de Mayo,5,False
AR-06-003-32,AR-06-003,AR-06,6,Chaco,3,LIBERTAD,32,PUERTO TIROL,8914,True,True,00032,Libertad,9842,False
AR-06-003-33,AR-06-003,AR-06,6,Chaco,3,LIBERTAD,33,COLONIA POPULAR,848,True,True,00033,Libertad,2023,False
AR-06-003-34,AR-06-003,AR-06,6,Chaco,3,LIBERTAD,34,LAGUNA BLANCA,768,True,True,00034,Libertad,1047,False
AR-06-003-35,AR-06-003,AR-06,6,Chaco,3,LIBERTAD,35,FORTIN CARDOZO,14,True,True,00035,Libertad,17,False
AR-06-003-36,AR-06-003,AR-06,6,Chaco,3,LIBERTAD,36,GRAL. OBLIGADO,7,True,True,00036,Libertad,4,False
AR-06-004-37,AR-06-004,AR-06,6,Chaco,4,GRAL. DONOVAN,37,LAPACHITO,920,True,True,00037,General Donovan,1149,False
AR-06-004-38,AR-06-004,AR-06,6,Chaco,4,GRAL. DONOVAN,38,MAKALLE,4790,True,True,00038,General Donovan,5602,False
AR-06-004-39,AR-06-004,AR-06,6,Chaco,4,GRAL. DONOVAN,39,LA VERDE,3034,True,True,00039,General Donovan,3117,False
AR-06-004-40,AR-06-004,AR-06,6,Chaco,4,GRAL. DONOVAN,40,LA ESCONDIDA,3468,True,True,00040,General Donovan,3799,False
AR-06-005-41,AR-06-005,AR-06,6,Chaco,5,SGTO. CABRAL,41,COLONIA ELISA,4241,True,True,00041,Sargento Cabral,4476,False
AR-06-005-42,AR-06-005,AR-06,6,Chaco,5,SGTO. CABRAL,42,CAPITAN SOLARI,1980,True,True,00042,Sargento Cabral,2249,False
AR-06-005-43,AR-06-005,AR-06,6,Chaco,5,SGTO. CABRAL,43,COLONIAS UNIDAS,3593,True,True,00043,Sargento Cabral,4004,False
AR-06-005-44,AR-06-005,AR-06,6,Chaco,5,SGTO. CABRAL,44,LAS GARCITAS,4869,True,True,00044,Sargento Cabral,5247,False
AR-06-006-45,AR-06-006,AR-06,6,Chaco,6,PCIA. DE LA PLAZA,45,COL.SANTA ELENA,459,True,True,00045,Presidencia de la Plaza,252,False
AR-06-006-46,AR-06-006,AR-06,6,Chaco,6,PCIA. DE LA PLAZA,46,EL CURUNDU,242,True,True,00046,Presidencia de la Plaza,161,False
AR-06-006-47,AR-06-006,AR-06,6,Chaco,6,PCIA. DE LA PLAZA,47,PCIA.DE LA PLAZA,9417,True,True,00047,Presidencia de la Plaza,10744,False
AR-06-006-48,AR-06-006,AR-06,6,Chaco,6,PCIA. DE LA PLAZA,48,FORTIN AGUILAR,167,True,True,00048,Presidencia de la Plaza,143,False
AR-06-007-49,AR-06-007,AR-06,6,Chaco,7,BERMEJO,49,ISLA DEL CERRITO,1737,True,True,00049,Bermejo,2116,False
AR-06-007-50,AR-06-007,AR-06,6,Chaco,7,BERMEJO,50,CANCHA LARGA,533,True,True,00050,Bermejo,465,False
AR-06-007-51,AR-06-007,AR-06,6,Chaco,7,BERMEJO,51,LAGUNA PATOS,231,True,True,00051,Bermejo,194,False
AR-06-007-52,AR-06-007,AR-06,6,Chaco,7,BERMEJO,52,LAS PALMAS,5959,True,True,00052,Bermejo,6410,False
AR-06-007-53,AR-06-007,AR-06,6,Chaco,7,BERMEJO,53,LA LEONESA,8487,True,True,00053,Bermejo,9577,False
AR-06-007-54,AR-06-007,AR-06,6,Chaco,7,BERMEJO,54,GENERAL VEDIA,3222,True,True,00054,Bermejo,3371,False
AR-06-007-55A,AR-06-007,AR-06,6,Chaco,7,BERMEJO,55A,PUERTO BERMEJO,2025,True,True,0055A,Bermejo,2101,False
AR-06-007-55B,AR-06-007,AR-06,6,Chaco,7,BERMEJO,55B,PUERTO EVA PERON,795,True,True,0055B,Bermejo,959,False
AR-06-007-56,AR-06-007,AR-06,6,Chaco,7,BERMEJO,56,EL RETIRO,15,True,True,00056,Bermejo,11,False
AR-06-007-57,AR-06-007,AR-06,6,Chaco,7,BERMEJO,57,LAPACHO,243,True,True,00057,Bermejo,229,False
AR-06-008-58,AR-06-008,AR-06,6,Chaco,8,LIB.GRAL. SAN MARTIN,58,SELVAS RIO DE ORO,842,True,True,00058,Libertador General San Martín,968,False
AR-06-008-59,AR-06-008,AR-06,6,Chaco,8,LIB.GRAL. SAN MARTIN,59,LA EDUVIGIS,847,True,True,00059,Libertador General San Martín,895,False
AR-06-008-60,AR-06-008,AR-06,6,Chaco,8,LIB.GRAL. SAN MARTIN,60,PAMPA ALMIRON,1982,True,True,00060,Libertador General San Martín,2073,False
AR-06-008-61,AR-06-008,AR-06,6,Chaco,8,LIB.GRAL. SAN MARTIN,61,CAMPO EL BERMEJO,1755,True,True,00061,Libertador General San Martín,1484,False
AR-06-008-62,AR-06-008,AR-06,6,Chaco,8,LIB.GRAL. SAN MARTIN,62,GRAL.SAN MARTIN,24920,True,True,00062,Libertador General San Martín,28470,False
AR-06-008-63,AR-06-008,AR-06,6,Chaco,8,LIB.GRAL. SAN MARTIN,63,PUERTO EL ZAPALLAR,789,True,True,00063,Libertador General San Martín,658,False
AR-06-008-64,AR-06-008,AR-06,6,Chaco,8,LIB.GRAL. SAN MARTIN,64,PRESIDENCIA ROCA,4019,True,True,00064,Libertador General San Martín,4358,False
AR-06-008-65,AR-06-008,AR-06,6,Chaco,8,LIB.GRAL. SAN MARTIN,65,PAMPA DEL INDIO,12406,True,True,00065,Libertador General San Martín,14010,False
AR-06-008-66,AR-06-008,AR-06,6,Chaco,8,LIB.GRAL. SAN MARTIN,66,LAGUNA LIMPIA,1546,True,True,00066,Libertador General San Martín,1607,False
AR-06-008-67,AR-06-008,AR-06,6,Chaco,8,LIB.GRAL. SAN MARTIN,67,CIERVO PETISO,994,True,True,00067,Libertador General San Martín,1289,False
AR-06-009-68,AR-06-009,AR-06,6,Chaco,9,TAPENAGA,68,COTE LAI,1356,True,True,00068,Tapenagá,1490,False
AR-06-009-69,AR-06-009,AR-06,6,Chaco,9,TAPENAGA,69,LA SABANA,213,True,True,00069,Tapenagá,213,False
AR-06-009-70,AR-06-009,AR-06,6,Chaco,9,TAPENAGA,70,CHARADAI,1362,True,True,00070,Tapenagá,1425,False
AR-06-009-71,AR-06-009,AR-06,6,Chaco,9,TAPENAGA,71,HORQUILLA,115,True,True,00071,Tapenagá,117,False
AR-06-009-72,AR-06-009,AR-06,6,Chaco,9,TAPENAGA,72,HAUMONIA,48,True,True,00072,Tapenagá,35,False
AR-06-010-73,AR-06-010,AR-06,6,Chaco,10,SAN LORENZO,73,POZO COLORADO,278,True,True,00073,San Lorenzo,232,False
AR-06-010-74,AR-06-010,AR-06,6,Chaco,10,SAN LORENZO,74,VILLA BERTHET,10940,True,True,00074,San Lorenzo,12046,False
AR-06-010-75,AR-06-010,AR-06,6,Chaco,10,SAN LORENZO,75,SAMUHU,1635,True,True,00075,San Lorenzo,1590,False
AR-06-011-76,AR-06-011,AR-06,6,Chaco,11,MAYOR L.J. FONTANA,76,ENRIQUE URIEN,1172,True,True,00076,Mayor Luis J. Fontana,1406,False
AR-06-011-77,AR-06-011,AR-06,6,Chaco,11,MAYOR L.J. FONTANA,77,VILLA ANGELA,6353,True,True,00077,Mayor Luis J. Fontana,7079,False
AR-06-011-78,AR-06-011,AR-06,6,Chaco,11,MAYOR L.J. FONTANA,78,VILLA ANGELA,17290,True,True,00078,Mayor Luis J. Fontana,19197,False
AR-06-011-79,AR-06-011,AR-06,6,Chaco,11,MAYOR L.J. FONTANA,79,VILLA ANGELA,13404,True,True,00079,Mayor Luis J. Fontana,14671,False
AR-06-011-80,AR-06-011,AR-06,6,Chaco,11,MAYOR L.J. FONTANA,80,CORONEL DU GRATY,9088,True,True,00080,Mayor Luis J. Fontana,9602,False
AR-06-011-81,AR-06-011,AR-06,6,Chaco,11,MAYOR L.J. FONTANA,81,MESON DE FIERRO,139,True,True,00081,Mayor Luis J. Fontana,349,False
AR-06-011-82,AR-06-011,AR-06,6,Chaco,11,MAYOR L.J. FONTANA,82,COL. JUAN JOSE PASO,768,True,True,00082,Mayor Luis J. Fontana,669,False
AR-06-012-83,AR-06-012,AR-06,6,Chaco,12,O HIGGINS,83,COLONIA MATHEU,405,True,True,00083,O'Higgins,387,False
AR-06-012-84,AR-06-012,AR-06,6,Chaco,12,O HIGGINS,84,SAN BERNARDO,8518,True,True,00084,O'Higgins,9547,False
AR-06-012-85,AR-06-012,AR-06,6,Chaco,12,O HIGGINS,85,LA CLOTILDE,4354,True,True,00085,O'Higgins,4472,False
AR-06-012-86,AR-06-012,AR-06,6,Chaco,12,O HIGGINS,86,LA TIGRA,4195,True,True,00086,O'Higgins,4576,False
AR-06-013-87,AR-06-013,AR-06,6,Chaco,13,CTE. FERNANDEZ,87,COL.BAJO HONDO,1763,True,True,00087,Comandante Fernández,1787,False
AR-06-013-88,AR-06-013,AR-06,6,Chaco,13,CTE. FERNANDEZ,88,PCIA.ROQUE SAENZ PEÑA,22618,True,True,00088,Comandante Fernández,28108,False
AR-06-013-89,AR-06-013,AR-06,6,Chaco,13,CTE. FERNANDEZ,89,PCIA.ROQUE SAENZ PEÑA,22893,True,True,00089,Comandante Fernández,25058,False
AR-06-013-90,AR-06-013,AR-06,6,Chaco,13,CTE. FERNANDEZ,90,PCIA.ROQUE SAENZ PEÑA,2633,True,True,00090,Comandante Fernández,2190,False
AR-06-013-91,AR-06-013,AR-06,6,Chaco,13,CTE. FERNANDEZ,91,PCIA.ROQUE SAENZ PEÑA,4500,True,True,00091,Comandante Fernández,3917,False
AR-06-013-92,AR-06-013,AR-06,6,Chaco,13,CTE. FERNANDEZ,92,PCIA.ROQUE SAENZ PEÑA,7793,True,True,00092,Comandante Fernández,8829,False
AR-06-013-93,AR-06-013,AR-06,6,Chaco,13,CTE. FERNANDEZ,93,PCIA.ROQUE SAENZ PEÑA,3269,True,True,00093,Comandante Fernández,2833,False
AR-06-013-94,AR-06-013,AR-06,6,Chaco,13,CTE. FERNANDEZ,94,PCIA.ROQUE SAENZ PEÑA,12673,True,True,00094,Comandante Fernández,13434,False
AR-06-013-95,AR-06-013,AR-06,6,Chaco,13,CTE. FERNANDEZ,95,LA MASCOTA,377,True,True,00095,Comandante Fernández,337,False
AR-06-013-96,AR-06-013,AR-06,6,Chaco,13,CTE. FERNANDEZ,96,PAMPA AGUADO,1011,True,True,00096,Comandante Fernández,1046,False
AR-06-013-97,AR-06-013,AR-06,6,Chaco,13,CTE. FERNANDEZ,97,LA CHIQUITA,704,True,True,00097,Comandante Fernández,583,False
AR-06-014-100,AR-06-014,AR-06,6,Chaco,14,QUITILIPI,100,EL PARAISAL,2037,True,True,00100,Quitilipi,1759,False
AR-06-014-101,AR-06-014,AR-06,6,Chaco,14,QUITILIPI,101,COL.EL TACURUZAL,2232,True,True,00101,Quitilipi,1987,False
AR-06-014-98,AR-06-014,AR-06,6,Chaco,14,QUITILIPI,98,QUITILIPI,22349,True,True,00098,Quitilipi,25402,False
AR-06-014-99,AR-06-014,AR-06,6,Chaco,14,QUITILIPI,99,PAMPA LA LOLA,967,True,True,00099,Quitilipi,851,False
AR-06-015-102,AR-06-015,AR-06,6,Chaco,15,25 DE MAYO,102,PAMPA BANDERA,188,True,True,00102,25 de Mayo,152,False
AR-06-015-103,AR-06-015,AR-06,6,Chaco,15,25 DE MAYO,103,TRES PALMAS,1422,True,True,00103,25 de Mayo,925,False
AR-06-015-104,AR-06-015,AR-06,6,Chaco,15,25 DE MAYO,104,MACHAGAI,18913,True,True,00104,25 de Mayo,21963,False
AR-06-015-105,AR-06-015,AR-06,6,Chaco,15,25 DE MAYO,105,COLONIA ABORIGEN,3888,True,True,00105,25 de Mayo,3878,False
AR-06-015-106,AR-06-015,AR-06,6,Chaco,15,25 DE MAYO,106,KILOMETRO 24,154,True,True,00106,25 de Mayo,113,False
AR-06-016-107,AR-06-016,AR-06,6,Chaco,16,MAIPU,107,PAMPA FLORIDA,470,True,True,00107,Maipú,386,False
AR-06-016-108,AR-06-016,AR-06,6,Chaco,16,MAIPU,108,TRES ISLETAS,19447,True,True,00108,Maipú,21496,False
AR-06-016-109,AR-06-016,AR-06,6,Chaco,16,MAIPU,109,PPA. TRES NACIONES,540,True,True,00109,Maipú,445,False
AR-06-017-110,AR-06-017,AR-06,6,Chaco,17,INDEPENDENCIA,110,PPA.DEL REGIMIENTO,143,True,True,00110,Independencia,141,False
AR-06-017-111,AR-06-017,AR-06,6,Chaco,17,INDEPENDENCIA,111,NAPENAY,3106,True,True,00111,Independencia,3439,False
AR-06-017-112,AR-06-017,AR-06,6,Chaco,17,INDEPENDENCIA,112,AVIA TERAI,6000,True,True,00112,Independencia,6726,False
AR-06-017-113,AR-06-017,AR-06,6,Chaco,17,INDEPENDENCIA,113,CAMPO LARGO,8792,True,True,00113,Independencia,9860,False
AR-06-017-114,AR-06-017,AR-06,6,Chaco,17,INDEPENDENCIA,114,COL.JOSE MARMOL,308,True,True,00114,Independencia,287,False
AR-06-018-115,AR-06-018,AR-06,6,Chaco,18,GRAL. BELGRANO,115,CORZUELA,9973,True,True,00115,General Belgrano,11025,False
AR-06-018-116,AR-06-018,AR-06,6,Chaco,18,GRAL. BELGRANO,116,EL LORO BLANCO,2,True,True,00116,General Belgrano,2,False
AR-06-019-117,AR-06-019,AR-06,6,Chaco,19,9 DE JULIO,117,LAS BREÑAS,21748,True,True,00117,9 de Julio,24380,False
AR-06-019-117A,AR-06-019,AR-06,6,Chaco,19,9 DE JULIO,117A,COL.JUAN LAVALLE,620,True,True,0117A,9 de Julio,347,False
AR-06-019-118,AR-06-019,AR-06,6,Chaco,19,9 DE JULIO,118,PPA.IPORA GUAZU,883,True,True,00118,9 de Julio,826,False
AR-06-019-118A,AR-06-019,AR-06,6,Chaco,19,9 DE JULIO,118A,LAS PIEDRITAS,664,True,True,0118A,9 de Julio,616,False
AR-06-020-119,AR-06-020,AR-06,6,Chaco,20,CHACABUCO,119,CHARATA,25751,True,True,00119,Chacabuco,28088,False
AR-06-020-120,AR-06-020,AR-06,6,Chaco,20,CHACABUCO,120,PAMPA AVILA,973,True,True,00120,Chacabuco,844,False
AR-06-021-121,AR-06-021,AR-06,6,Chaco,21,12 DE OCTUBRE,121,EL PALMAR,1011,True,True,00121,12 de Octubre,926,False
AR-06-021-122,AR-06-021,AR-06,6,Chaco,21,12 DE OCTUBRE,122,GRAL. PINEDO,12703,True,True,00122,12 de Octubre,13623,False
AR-06-021-123,AR-06-021,AR-06,6,Chaco,21,12 DE OCTUBRE,123,PAMPA LANDRIEL,867,True,True,00123,12 de Octubre,560,False
AR-06-021-124,AR-06-021,AR-06,6,Chaco,21,12 DE OCTUBRE,124,GRAL.CAPDEVILA,695,True,True,00124,12 de Octubre,741,False
AR-06-021-125,AR-06-021,AR-06,6,Chaco,21,12 DE OCTUBRE,125,GANCEDO,4216,True,True,00125,12 de Octubre,4716,False
AR-06-022-126,AR-06-022,AR-06,6,Chaco,22,2 DE ABRIL,126,HERMOSO CAMPO,5868,True,True,00126,2 de Abril,6309,False
AR-06-022-127,AR-06-022,AR-06,6,Chaco,22,2 DE ABRIL,127,ZUBERBHULER,207,True,True,00127,2 de Abril,218,False
AR-06-023-128,AR-06-023,AR-06,6,Chaco,23,FRAY SANTA MARIA DE ORO,128,SANTA SYLVINA,8354,True,True,00128,Fray Justo Santa María de Oro,8730,False
AR-06-023-129,AR-06-023,AR-06,6,Chaco,23,FRAY SANTA MARIA DE ORO,129,CHOROTIS,1554,True,True,00129,Fray Justo Santa María de Oro,1628,False
AR-06-024-130,AR-06-024,AR-06,6,Chaco,24,ALTE. BROWN,130,C. DEL BERMEJO,5112,True,True,00130,Almirante Brown,5601,False
AR-06-024-131,AR-06-024,AR-06,6,Chaco,24,ALTE. BROWN,131,PAMPA DEL INFIERNO,9100,True,True,00131,Almirante Brown,10287,False
AR-06-024-132,AR-06-024,AR-06,6,Chaco,24,ALTE. BROWN,132,LOS FRENTONES,4880,True,True,00132,Almirante Brown,5995,False
AR-06-024-132A,AR-06-024,AR-06,6,Chaco,24,ALTE. BROWN,132A,RIO MUERTO,805,True,True,0132A,Almirante Brown,862,False
AR-06-024-133,AR-06-024,AR-06,6,Chaco,24,ALTE. BROWN,133,TACO POZO,8819,True,True,00133,Almirante Brown,9694,False
AR-06-025-134A,AR-06-025,AR-06,6,Chaco,25,GRAL. GUEMES,134A,COMANDANCIA FRIAS,1381,True,True,0134A,General Güemes,1649,False
AR-06-025-134B,AR-06-025,AR-06,6,Chaco,25,GRAL. GUEMES,134B,EL SAUZALITO,4839,True,True,0134B,General Güemes,5926,False
AR-06-025-134C,AR-06-025,AR-06,6,Chaco,25,GRAL. GUEMES,134C,WICHI - EL PINTADO,1096,True,True,0134C,General Güemes,1222,False
AR-06-025-134D,AR-06-025,AR-06,6,Chaco,25,GRAL. GUEMES,134D,M.NUEVA POMPEYA,5478,True,True,0134D,General Güemes,6327,False
AR-06-025-135A,AR-06-025,AR-06,6,Chaco,25,GRAL. GUEMES,135A,FUERTE ESPERANZA,2532,True,True,0135A,General Güemes,2868,False
AR-06-025-135B,AR-06-025,AR-06,6,Chaco,25,GRAL. GUEMES,135B,MIRAFLORES,9260,True,True,0135B,General Güemes,10832,False
AR-06-025-135C,AR-06-025,AR-06,6,Chaco,25,GRAL. GUEMES,135C,LAS HACHERAS,1109,True,True,0135C,General Güemes,1404,False
AR-06-025-136,AR-06-025,AR-06,6,Chaco,25,GRAL. GUEMES,136,JUAN JOSE CASTELLI,27347,True,True,00136,General Güemes,31463,False
AR-06-025-137,AR-06-025,AR-06,6,Chaco,25,GRAL. GUEMES,137,ZAPARINQUI,1235,True,True,00137,General Güemes,1272,False
AR-06-025-138A,AR-06-025,AR-06,6,Chaco,25,GRAL. GUEMES,138A,EL ASUSTADO,481,True,True,0138A,General Güemes,580,False
AR-06-025-138B,AR-06-025,AR-06,6,Chaco,25,GRAL. GUEMES,138B,V° RIO BERMEJITO,6956,True,True,0138B,General Güemes,8500,False
AR-06-025-139,AR-06-025,AR-06,6,Chaco,25,GRAL. GUEMES,139,EL ESPINILLO,3037,True,True,00139,General Güemes,3474,False
AR-07-001-1,AR-07-001,AR-07,7,Chubut,1,RAWSON,1,RAWSON CENTRO,2475,True,True,00001,Rawson,2506,False
AR-07-001-10,AR-07-001,AR-07,7,Chubut,1,RAWSON,10,TRELEW-CORRADI,4776,True,True,00010,Rawson,4986,False
AR-07-001-11,AR-07-001,AR-07,7,Chubut,1,RAWSON,11,TRELEW-PROGRESO,3706,True,True,00011,Rawson,3643,False
AR-07-001-12,AR-07-001,AR-07,7,Chubut,1,RAWSON,12,TRELEW-CENTRO II,3656,True,True,00012,Rawson,3473,False
AR-07-001-13,AR-07-001,AR-07,7,Chubut,1,RAWSON,13,TRELEW-CENTRO I,1840,True,True,00013,Rawson,1736,False
AR-07-001-14,AR-07-001,AR-07,7,Chubut,1,RAWSON,14,TRELEW-LA LAGUNA,3402,True,True,00014,Rawson,3365,False
AR-07-001-15,AR-07-001,AR-07,7,Chubut,1,RAWSON,15,TRELEW-SARMIENTO,2007,True,True,00015,Rawson,2095,False
AR-07-001-16,AR-07-001,AR-07,7,Chubut,1,RAWSON,16,TRELEW-SUR,4598,True,True,00016,Rawson,4510,False
AR-07-001-17,AR-07-001,AR-07,7,Chubut,1,RAWSON,17,TRELEW-SAN DAVID,2520,True,True,00017,Rawson,2415,False
AR-07-001-18,AR-07-001,AR-07,7,Chubut,1,RAWSON,18,TW-PADRE JUAN MUZIO,5067,True,True,00018,Rawson,3443,False
AR-07-001-19,AR-07-001,AR-07,7,Chubut,1,RAWSON,19,TW-BARRIO COMERCIO,3277,True,True,00019,Rawson,3547,False
AR-07-001-2,AR-07-001,AR-07,7,Chubut,1,RAWSON,2,RAWSON OESTE,4267,True,True,00002,Rawson,4836,False
AR-07-001-20,AR-07-001,AR-07,7,Chubut,1,RAWSON,20,TW-JUAN MANUEL DE ROSAS,4456,True,True,00020,Rawson,4680,False
AR-07-001-21,AR-07-001,AR-07,7,Chubut,1,RAWSON,21,TW-VILLA ITALIA,4206,True,True,00021,Rawson,2790,False
AR-07-001-22,AR-07-001,AR-07,7,Chubut,1,RAWSON,22,TRELEW-ESCUELA 3,484,True,True,00022,Rawson,791,False
AR-07-001-23,AR-07-001,AR-07,7,Chubut,1,RAWSON,23,TRELEW-B INTA,7412,True,True,00023,Rawson,8768,False
AR-07-001-24,AR-07-001,AR-07,7,Chubut,1,RAWSON,24,TRELEW-ESCUELA 66,267,True,True,00024,Rawson,433,False
AR-07-001-25,AR-07-001,AR-07,7,Chubut,1,RAWSON,25,TW-B ETCHEPARE,5307,True,True,00025,Rawson,6774,False
AR-07-001-3,AR-07-001,AR-07,7,Chubut,1,RAWSON,3,RAWSON ESTE,13612,True,True,00003,Rawson,14043,False
AR-07-001-4,AR-07-001,AR-07,7,Chubut,1,RAWSON,4,RAWSON SUR,2047,True,True,00004,Rawson,2873,False
AR-07-001-5,AR-07-001,AR-07,7,Chubut,1,RAWSON,5,PLAYA UNION,6764,True,True,00005,Rawson,8360,False
AR-07-001-6,AR-07-001,AR-07,7,Chubut,1,RAWSON,6,TW-CONSTITUCION,3968,True,True,00006,Rawson,4163,False
AR-07-001-7,AR-07-001,AR-07,7,Chubut,1,RAWSON,7,TRELEW-OESTE,3726,True,True,00007,Rawson,3702,False
AR-07-001-8,AR-07-001,AR-07,7,Chubut,1,RAWSON,8,TRELEW-NORTE,3340,True,True,00008,Rawson,3430,False
AR-07-001-9,AR-07-001,AR-07,7,Chubut,1,RAWSON,9,TRELEW-DON BOSCO,14659,True,True,00009,Rawson,9865,False
AR-07-002-26,AR-07-002,AR-07,7,Chubut,2,BIEDMA,26,P MADRYN-SUR,9651,True,True,00026,Biedma,10716,False
AR-07-002-27,AR-07-002,AR-07,7,Chubut,2,BIEDMA,27,P MADRYN-ESTE,4544,True,True,00027,Biedma,4616,False
AR-07-002-28,AR-07-002,AR-07,7,Chubut,2,BIEDMA,28,P MADRYN-OESTE,22672,True,True,00028,Biedma,14212,False
AR-07-002-29,AR-07-002,AR-07,7,Chubut,2,BIEDMA,29,P MADRYN-CENTRO,7226,True,True,00029,Biedma,7499,False
AR-07-002-30,AR-07-002,AR-07,7,Chubut,2,BIEDMA,30,P MADRYN-ACCESOS,16318,True,True,00030,Biedma,18437,False
AR-07-002-31,AR-07-002,AR-07,7,Chubut,2,BIEDMA,31,P MADRYN-NORTE,6738,True,True,00031,Biedma,7321,False
AR-07-002-32,AR-07-002,AR-07,7,Chubut,2,BIEDMA,32,PUERTO PIRAMIDES,806,True,True,00032,Biedma,798,False
AR-07-003-33,AR-07-003,AR-07,7,Chubut,3,TELSEN,33,TELSEN,633,True,True,00033,Telsen,617,False
AR-07-003-34,AR-07-003,AR-07,7,Chubut,3,TELSEN,34,GAN GAN,834,True,True,00034,Telsen,806,False
AR-07-004-35,AR-07-004,AR-07,7,Chubut,4,GASTRE,35,GASTRE,764,True,True,00035,Gastre,724,False
AR-07-004-36A,AR-07-004,AR-07,7,Chubut,4,GASTRE,36A,LAGUNITA SALADA,302,True,True,0036A,Gastre,301,False
AR-07-004-36B,AR-07-004,AR-07,7,Chubut,4,GASTRE,36B,EL ESCORIAL,97,True,True,0036B,Gastre,107,False
AR-07-005-37,AR-07-005,AR-07,7,Chubut,5,CUSHAMEN,37,CUSHAMEN,1369,True,True,00037,Cushamen,1349,False
AR-07-005-39,AR-07-005,AR-07,7,Chubut,5,CUSHAMEN,39,EL MAITEN,4027,True,True,00039,Cushamen,4257,False
AR-07-005-40,AR-07-005,AR-07,7,Chubut,5,CUSHAMEN,40,GUALJAINA,1437,True,True,00040,Cushamen,1512,False
AR-07-005-41,AR-07-005,AR-07,7,Chubut,5,CUSHAMEN,41,CHOLILA,2354,True,True,00041,Cushamen,2467,False
AR-07-005-42,AR-07-005,AR-07,7,Chubut,5,CUSHAMEN,42,EPUYEN,1964,True,True,00042,Cushamen,2165,False
AR-07-005-43,AR-07-005,AR-07,7,Chubut,5,CUSHAMEN,43,EL HOYO,3667,True,True,00043,Cushamen,4307,False
AR-07-005-44A,AR-07-005,AR-07,7,Chubut,5,CUSHAMEN,44A,LAGO PUELO,4944,True,True,0044A,Cushamen,5698,False
AR-07-005-44B,AR-07-005,AR-07,7,Chubut,5,CUSHAMEN,44B,LAS GOLONDRINAS,1264,True,True,0044B,Cushamen,1456,False
AR-07-005-44C,AR-07-005,AR-07,7,Chubut,5,CUSHAMEN,44C,EL TURBIO,51,True,True,0044C,Cushamen,58,False
AR-07-005-44D,AR-07-005,AR-07,7,Chubut,5,CUSHAMEN,44D,CERRO RADAL,698,True,True,0044D,Cushamen,844,False
AR-07-005-44E,AR-07-005,AR-07,7,Chubut,5,CUSHAMEN,44E,ENTRE RIOS,821,True,True,0044E,Cushamen,1144,False
AR-07-006-45,AR-07-006,AR-07,7,Chubut,6,FUTALEUFU,45,EL BOQUETE,55,True,True,00045,Futaleufú,68,False
AR-07-006-46,AR-07-006,AR-07,7,Chubut,6,FUTALEUFU,46,ESQUEL NORTE,7016,True,True,00046,Futaleufú,7852,False
AR-07-006-47,AR-07-006,AR-07,7,Chubut,6,FUTALEUFU,47,ESQUEL ESTE,9142,True,True,00047,Futaleufú,9480,False
AR-07-006-48,AR-07-006,AR-07,7,Chubut,6,FUTALEUFU,48,ESQUEL OESTE,12337,True,True,00048,Futaleufú,12387,False
AR-07-006-48A,AR-07-006,AR-07,7,Chubut,6,FUTALEUFU,48A,RIO PERCY,114,True,True,0048A,Futaleufú,124,False
AR-07-006-49,AR-07-006,AR-07,7,Chubut,6,FUTALEUFU,49,PQUE. NAC. LOS ALERCES,247,True,True,00049,Futaleufú,260,False
AR-07-006-50A,AR-07-006,AR-07,7,Chubut,6,FUTALEUFU,50A,TREVELIN OESTE,4468,True,True,0050A,Futaleufú,5235,False
AR-07-006-50B,AR-07-006,AR-07,7,Chubut,6,FUTALEUFU,50B,ALDEA ESCOLAR,447,True,True,0050B,Futaleufú,561,False
AR-07-006-51,AR-07-006,AR-07,7,Chubut,6,FUTALEUFU,51,TREVELIN ESTE,2394,True,True,00051,Futaleufú,3203,False
AR-07-006-52,AR-07-006,AR-07,7,Chubut,6,FUTALEUFU,52,LOS CIPRESES,171,True,True,00052,Futaleufú,215,False
AR-07-006-53,AR-07-006,AR-07,7,Chubut,6,FUTALEUFU,53,LAGO ROSARIO,425,True,True,00053,Futaleufú,433,False
AR-07-006-54A,AR-07-006,AR-07,7,Chubut,6,FUTALEUFU,54A,CORCOVADO,1695,True,True,0054A,Futaleufú,1861,False
AR-07-006-54B,AR-07-006,AR-07,7,Chubut,6,FUTALEUFU,54B,CERRO CENTINELA,191,True,True,0054B,Futaleufú,258,False
AR-07-007-55,AR-07-007,AR-07,7,Chubut,7,LANGUINEO,55,CARRENLEUFU,322,True,True,00055,Languiñeo,381,False
AR-07-007-56,AR-07-007,AR-07,7,Chubut,7,LANGUINEO,56,TECKA,1264,True,True,00056,Languiñeo,1300,False
AR-07-007-57,AR-07-007,AR-07,7,Chubut,7,LANGUINEO,57,PASO DEL SAPO,464,True,True,00057,Languiñeo,512,False
AR-07-007-58,AR-07-007,AR-07,7,Chubut,7,LANGUINEO,58,COLAN CONHUE,355,True,True,00058,Languiñeo,340,False
AR-07-007-58A,AR-07-007,AR-07,7,Chubut,7,LANGUINEO,58A,ALDEA EPULEF,177,True,True,0058A,Languiñeo,207,False
AR-07-008-59,AR-07-008,AR-07,7,Chubut,8,TEHUELCHES,59,COM RUR ATILIO VIGLIONE,172,True,True,00059,Tehuelches,201,False
AR-07-008-60,AR-07-008,AR-07,7,Chubut,8,TEHUELCHES,60,RIO PICO,1006,True,True,00060,Tehuelches,1033,False
AR-07-008-61,AR-07-008,AR-07,7,Chubut,8,TEHUELCHES,61,GOBERNADOR COSTA,2061,True,True,00061,Tehuelches,2147,False
AR-07-008-62,AR-07-008,AR-07,7,Chubut,8,TEHUELCHES,62,JOSE DE SAN MARTIN,1709,True,True,00062,Tehuelches,1722,False
AR-07-009-63,AR-07-009,AR-07,7,Chubut,9,PASO DE INDIOS,63,PASO DE INDIOS,1427,True,True,00063,Paso de Indios,1436,False
AR-07-009-63A,AR-07-009,AR-07,7,Chubut,9,PASO DE INDIOS,63A,LOS ALTARES,157,True,True,0063A,Paso de Indios,203,False
AR-07-010-65,AR-07-010,AR-07,7,Chubut,10,MARTIRES,65,EL MIRASOL,52,True,True,00065,Mártires,42,False
AR-07-010-66,AR-07-010,AR-07,7,Chubut,10,MARTIRES,66,LAS PLUMAS,574,True,True,00066,Mártires,605,False
AR-07-011-67,AR-07-011,AR-07,7,Chubut,11,FLORENTINO AMEGHINO,67,CAMARONES,1382,True,True,00067,Florentino Ameghino,1520,False
AR-07-012-68,AR-07-012,AR-07,7,Chubut,12,GAIMAN,68,GAIMAN NORTE,3025,True,True,00068,Gaiman,3048,False
AR-07-012-69,AR-07-012,AR-07,7,Chubut,12,GAIMAN,69,GAIMAN SUR,2875,True,True,00069,Gaiman,3483,False
AR-07-012-70,AR-07-012,AR-07,7,Chubut,12,GAIMAN,70,DOLAVON RURAL,1071,True,True,00070,Gaiman,1246,False
AR-07-012-71,AR-07-012,AR-07,7,Chubut,12,GAIMAN,71,DOLAVON,1773,True,True,00071,Gaiman,2071,False
AR-07-012-72,AR-07-012,AR-07,7,Chubut,12,GAIMAN,72,28 DE JULIO,595,True,True,00072,Gaiman,582,False
AR-07-012-73,AR-07-012,AR-07,7,Chubut,12,GAIMAN,73,DIQUE FLORENTINO AMEGHINO,206,True,True,00073,Gaiman,211,False
AR-07-013-74,AR-07-013,AR-07,7,Chubut,13,RIO SENGUER,74,ALDEA APELEG,113,True,True,00074,Río Senguer,123,False
AR-07-013-75,AR-07-013,AR-07,7,Chubut,13,RIO SENGUER,75,RIO SENGUER,1564,True,True,00075,Río Senguer,1554,False
AR-07-013-77,AR-07-013,AR-07,7,Chubut,13,RIO SENGUER,77,FACUNDO,209,True,True,00077,Río Senguer,221,False
AR-07-013-78,AR-07-013,AR-07,7,Chubut,13,RIO SENGUER,78,RIO MAYO,2740,True,True,00078,Río Senguer,2743,False
AR-07-013-79,AR-07-013,AR-07,7,Chubut,13,RIO SENGUER,79,DR. RICARDO ROJAS,227,True,True,00079,Río Senguer,247,False
AR-07-013-80,AR-07-013,AR-07,7,Chubut,13,RIO SENGUER,80,ALDEA BELEIRO,163,True,True,00080,Río Senguer,179,False
AR-07-013-81,AR-07-013,AR-07,7,Chubut,13,RIO SENGUER,81,LAGO BLANCO,190,True,True,00081,Río Senguer,194,False
AR-07-014-82,AR-07-014,AR-07,7,Chubut,14,SARMIENTO,82,BUEN PASTO,109,True,True,00082,Sarmiento,129,False
AR-07-014-83,AR-07-014,AR-07,7,Chubut,14,SARMIENTO,83,SARMIENTO OESTE,6730,True,True,00083,Sarmiento,3521,False
AR-07-014-84,AR-07-014,AR-07,7,Chubut,14,SARMIENTO,84,SARMIENTO ESTE,3508,True,True,00084,Sarmiento,3262,False
AR-07-015-100,AR-07-015,AR-07,7,Chubut,15,ESCALANTE,100,C RIVAD-CENTRO OESTE,4791,True,True,00100,Escalante,4714,False
AR-07-015-101,AR-07-015,AR-07,7,Chubut,15,ESCALANTE,101,C RIVAD-B PIETROBELLI Y C.CHE,3230,True,True,00101,Escalante,3235,False
AR-07-015-102,AR-07-015,AR-07,7,Chubut,15,ESCALANTE,102,C RIVAD-B 13 DE DICIEMBR,6460,True,True,00102,Escalante,6226,False
AR-07-015-103,AR-07-015,AR-07,7,Chubut,15,ESCALANTE,103,C RIVAD-B NEWBERY LAS FLORES,8470,True,True,00103,Escalante,8183,False
AR-07-015-104,AR-07-015,AR-07,7,Chubut,15,ESCALANTE,104,C RIVAD-B CEF NAMUNCURA,7088,True,True,00104,Escalante,6960,False
AR-07-015-105,AR-07-015,AR-07,7,Chubut,15,ESCALANTE,105,C RIVAD-B Q COSTA Y JUAN XXII,18037,True,True,00105,Escalante,17924,False
AR-07-015-106,AR-07-015,AR-07,7,Chubut,15,ESCALANTE,106,C RIVAD-B JULIO A ROCA,5058,True,True,00106,Escalante,4919,False
AR-07-015-107,AR-07-015,AR-07,7,Chubut,15,ESCALANTE,107,C RIVAD-B PUEYRREDON,12224,True,True,00107,Escalante,12467,False
AR-07-015-108,AR-07-015,AR-07,7,Chubut,15,ESCALANTE,108,C RIVAD-B INDUSTRIAL,3333,True,True,00108,Escalante,3816,False
AR-07-015-109,AR-07-015,AR-07,7,Chubut,15,ESCALANTE,109,C RIVAD-B SAN MARTIN,20139,True,True,00109,Escalante,24577,False
AR-07-015-86,AR-07-015,AR-07,7,Chubut,15,ESCALANTE,86,RADA TILLY,11751,True,True,00086,Escalante,13868,False
AR-07-015-87,AR-07-015,AR-07,7,Chubut,15,ESCALANTE,87,DIADEMA ARGENTINA,1172,True,True,00087,Escalante,1259,False
AR-07-015-88,AR-07-015,AR-07,7,Chubut,15,ESCALANTE,88,ASTRA,299,True,True,00088,Escalante,295,False
AR-07-015-89,AR-07-015,AR-07,7,Chubut,15,ESCALANTE,89,CALETA CORDOVA,681,True,True,00089,Escalante,732,False
AR-07-015-90,AR-07-015,AR-07,7,Chubut,15,ESCALANTE,90,KM 11,561,True,True,00090,Escalante,463,False
AR-07-015-91,AR-07-015,AR-07,7,Chubut,15,ESCALANTE,91,BARRIO PROSPERO PALAZO,6182,True,True,00091,Escalante,6714,False
AR-07-015-92,AR-07-015,AR-07,7,Chubut,15,ESCALANTE,92,B.CIUDADELA Y GASODUCTO,3281,True,True,00092,Escalante,5320,False
AR-07-015-93,AR-07-015,AR-07,7,Chubut,15,ESCALANTE,93,BARRIO LAPRIDA,3612,True,True,00093,Escalante,3840,False
AR-07-015-94,AR-07-015,AR-07,7,Chubut,15,ESCALANTE,94,BARRIO M. ROSALES,1212,True,True,00094,Escalante,1374,False
AR-07-015-95,AR-07-015,AR-07,7,Chubut,15,ESCALANTE,95,BARRIO DON BOSCO KM 8,12660,True,True,00095,Escalante,14668,False
AR-07-015-96,AR-07-015,AR-07,7,Chubut,15,ESCALANTE,96,BARRIO P. ORTIZ,5780,True,True,00096,Escalante,7023,False
AR-07-015-97,AR-07-015,AR-07,7,Chubut,15,ESCALANTE,97,GENERAL MOSCONI,10005,True,True,00097,Escalante,10496,False
AR-07-015-98,AR-07-015,AR-07,7,Chubut,15,ESCALANTE,98,C RIVAD-SUR CENTRO,5267,True,True,00098,Escalante,5350,False
AR-07-015-99,AR-07-015,AR-07,7,Chubut,15,ESCALANTE,99,C RIVAD-NORTE,3842,True,True,00099,Escalante,3751,False
AR-08-001-1,AR-08-001,AR-08,8,Entre Rios,1,PARANA,1,CENTRO 1,12681,True,True,00001,Paraná,12480,False
AR-08-001-10,AR-08-001,AR-08,8,Entre Rios,1,PARANA,10,SAN AGUSTIN,6728,True,True,00010,Paraná,6760,False
AR-08-001-11,AR-08-001,AR-08,8,Entre Rios,1,PARANA,11,LA FLORESTA,14807,True,True,00011,Paraná,15670,False
AR-08-001-12,AR-08-001,AR-08,8,Entre Rios,1,PARANA,12,SANTA TERESITA,20381,True,True,00012,Paraná,20142,False
AR-08-001-13,AR-08-001,AR-08,8,Entre Rios,1,PARANA,13,LOMAS DEL MIRADOR,22372,True,True,00013,Paraná,22626,False
AR-08-001-14,AR-08-001,AR-08,8,Entre Rios,1,PARANA,14,BRETE,3094,True,True,00014,Paraná,4192,False
AR-08-001-15,AR-08-001,AR-08,8,Entre Rios,1,PARANA,15,BARRIO PARQUE,17259,True,True,00015,Paraná,17172,False
AR-08-001-16,AR-08-001,AR-08,8,Entre Rios,1,PARANA,16,SANTA ANA,13502,True,True,00016,Paraná,13286,False
AR-08-001-17,AR-08-001,AR-08,8,Entre Rios,1,PARANA,17,QUINTAS AL ESTE,18373,True,True,00017,Paraná,20588,False
AR-08-001-18,AR-08-001,AR-08,8,Entre Rios,1,PARANA,18,KILOMETRO 5 1/2,4639,True,True,00018,Paraná,5656,False
AR-08-001-19,AR-08-001,AR-08,8,Entre Rios,1,PARANA,19,SAN BENITO,10196,True,True,00019,Paraná,12550,False
AR-08-001-2,AR-08-001,AR-08,8,Entre Rios,1,PARANA,2,CENTRO 2,10394,True,True,00002,Paraná,9958,False
AR-08-001-20,AR-08-001,AR-08,8,Entre Rios,1,PARANA,20,TEZANOS PINTO,140,True,True,00020,Paraná,165,False
AR-08-001-21,AR-08-001,AR-08,8,Entre Rios,1,PARANA,21,ORO VERDE,4427,True,True,00021,Paraná,6291,False
AR-08-001-22,AR-08-001,AR-08,8,Entre Rios,1,PARANA,22,SAUCE PINTO,180,True,True,00022,Paraná,197,False
AR-08-001-23,AR-08-001,AR-08,8,Entre Rios,1,PARANA,23,COLONIA AVELLANEDA,5307,True,True,00023,Paraná,7158,False
AR-08-001-23A,AR-08-001,AR-08,8,Entre Rios,1,PARANA,23A,SAUCE MONTRULL,699,True,True,0023A,Paraná,1049,False
AR-08-001-24,AR-08-001,AR-08,8,Entre Rios,1,PARANA,24,VILLA URQUIZA,1146,True,True,00024,Paraná,1366,False
AR-08-001-25,AR-08-001,AR-08,8,Entre Rios,1,PARANA,25,COLONIA CELINA,207,True,True,00025,Paraná,204,False
AR-08-001-26,AR-08-001,AR-08,8,Entre Rios,1,PARANA,26,COLONIA CRESPO,168,True,True,00026,Paraná,187,False
AR-08-001-27,AR-08-001,AR-08,8,Entre Rios,1,PARANA,27,COLONIA NUEVA DE VILLA URQUIZA,438,True,True,00027,Paraná,499,False
AR-08-001-29,AR-08-001,AR-08,8,Entre Rios,1,PARANA,29,COLONIA RIVADAVIA,416,True,True,00029,Paraná,400,False
AR-08-001-3,AR-08-001,AR-08,8,Entre Rios,1,PARANA,3,CENTRO 3,8016,True,True,00003,Paraná,7783,False
AR-08-001-30,AR-08-001,AR-08,8,Entre Rios,1,PARANA,30,PASO DE LAS PIEDRAS,189,True,True,00030,Paraná,189,False
AR-08-001-31,AR-08-001,AR-08,8,Entre Rios,1,PARANA,31,COLONIA CERRITO,257,True,True,00031,Paraná,216,False
AR-08-001-32,AR-08-001,AR-08,8,Entre Rios,1,PARANA,32,CERRITO,5250,True,True,00032,Paraná,5514,False
AR-08-001-33,AR-08-001,AR-08,8,Entre Rios,1,PARANA,33,ALDEA SANTA MARIA,423,True,True,00033,Paraná,413,False
AR-08-001-34,AR-08-001,AR-08,8,Entre Rios,1,PARANA,34,PUERTO CURTIEMBRE,436,True,True,00034,Paraná,412,False
AR-08-001-35,AR-08-001,AR-08,8,Entre Rios,1,PARANA,35,MARIA GRANDE 1°,251,True,True,00035,Paraná,237,False
AR-08-001-36,AR-08-001,AR-08,8,Entre Rios,1,PARANA,36,LAS TUNAS,485,True,True,00036,Paraná,498,False
AR-08-001-37,AR-08-001,AR-08,8,Entre Rios,1,PARANA,37,VILLA MARIA GRANDE,7459,True,True,00037,Paraná,7957,False
AR-08-001-38,AR-08-001,AR-08,8,Entre Rios,1,PARANA,38,EL PINGO,743,True,True,00038,Paraná,883,False
AR-08-001-39,AR-08-001,AR-08,8,Entre Rios,1,PARANA,39,ESTACION SOSA,482,True,True,00039,Paraná,494,False
AR-08-001-4,AR-08-001,AR-08,8,Entre Rios,1,PARANA,4,CENTRO 4,11494,True,True,00004,Paraná,10968,False
AR-08-001-40,AR-08-001,AR-08,8,Entre Rios,1,PARANA,40,TABOSSI,1496,True,True,00040,Paraná,1684,False
AR-08-001-41,AR-08-001,AR-08,8,Entre Rios,1,PARANA,41,PUEBLO BRUGO,867,True,True,00041,Paraná,1018,False
AR-08-001-42,AR-08-001,AR-08,8,Entre Rios,1,PARANA,42,ANTONIO TOMAS,77,True,True,00042,Paraná,123,False
AR-08-001-43,AR-08-001,AR-08,8,Entre Rios,1,PARANA,43,HERNANDARIAS,5357,True,True,00043,Paraná,5608,False
AR-08-001-44,AR-08-001,AR-08,8,Entre Rios,1,PARANA,44,LAS GARZAS,287,True,True,00044,Paraná,297,False
AR-08-001-45,AR-08-001,AR-08,8,Entre Rios,1,PARANA,45,MARIA GRANDE 2°,268,True,True,00045,Paraná,258,False
AR-08-001-46,AR-08-001,AR-08,8,Entre Rios,1,PARANA,46,HASENKAMP,4765,True,True,00046,Paraná,5036,False
AR-08-001-47,AR-08-001,AR-08,8,Entre Rios,1,PARANA,47,COLONIA OFICIAL N° 4 - BURGOS,166,True,True,00047,Paraná,170,False
AR-08-001-48,AR-08-001,AR-08,8,Entre Rios,1,PARANA,48,CRESPO,19333,True,True,00048,Paraná,20686,False
AR-08-001-49,AR-08-001,AR-08,8,Entre Rios,1,PARANA,49,ESPINILLO,180,True,True,00049,Paraná,168,False
AR-08-001-5,AR-08-001,AR-08,8,Entre Rios,1,PARANA,5,PUERTO NUEVO,10522,True,True,00005,Paraná,11394,False
AR-08-001-50,AR-08-001,AR-08,8,Entre Rios,1,PARANA,50,SAN RAFAEL,227,True,True,00050,Paraná,289,False
AR-08-001-51,AR-08-001,AR-08,8,Entre Rios,1,PARANA,51,LA PICADA,567,True,True,00051,Paraná,622,False
AR-08-001-52,AR-08-001,AR-08,8,Entre Rios,1,PARANA,52,ESPINILLO NORTE,192,True,True,00052,Paraná,213,False
AR-08-001-53,AR-08-001,AR-08,8,Entre Rios,1,PARANA,53,MARIA LUISA,972,True,True,00053,Paraná,1049,False
AR-08-001-54,AR-08-001,AR-08,8,Entre Rios,1,PARANA,54,VILLA GOBERNADOR ETCHEVEHERE,253,True,True,00054,Paraná,273,False
AR-08-001-55,AR-08-001,AR-08,8,Entre Rios,1,PARANA,55,VILLA FONTANA,202,True,True,00055,Paraná,243,False
AR-08-001-56,AR-08-001,AR-08,8,Entre Rios,1,PARANA,56,QUEBRACHO,516,True,True,00056,Paraná,533,False
AR-08-001-57,AR-08-001,AR-08,8,Entre Rios,1,PARANA,57,VIALE,9773,True,True,00057,Paraná,10349,False
AR-08-001-58,AR-08-001,AR-08,8,Entre Rios,1,PARANA,58,SEGUI,4529,True,True,00058,Paraná,4814,False
AR-08-001-6,AR-08-001,AR-08,8,Entre Rios,1,PARANA,6,BAJADA GRANDE,4401,True,True,00006,Paraná,5071,False
AR-08-001-7,AR-08-001,AR-08,8,Entre Rios,1,PARANA,7,PUERTO VIEJO,2751,True,True,00007,Paraná,2878,False
AR-08-001-8,AR-08-001,AR-08,8,Entre Rios,1,PARANA,8,PARACAO,24465,True,True,00008,Paraná,24905,False
AR-08-001-9,AR-08-001,AR-08,8,Entre Rios,1,PARANA,9,ANACLETO MEDINA,6164,True,True,00009,Paraná,6630,False
AR-08-003-59,AR-08-003,AR-08,8,Entre Rios,3,LA PAZ,59,LA PAZ,20902,True,True,00059,La Paz,21705,False
AR-08-003-60,AR-08-003,AR-08,8,Entre Rios,3,LA PAZ,60,EJIDO LA PAZ,1942,True,True,00060,La Paz,2233,False
AR-08-003-61,AR-08-003,AR-08,8,Entre Rios,3,LA PAZ,61,SANTA ELENA,15307,True,True,00061,La Paz,16312,False
AR-08-003-62,AR-08-003,AR-08,8,Entre Rios,3,LA PAZ,62,DISTRITO FELICIANO,249,True,True,00062,La Paz,256,False
AR-08-003-63,AR-08-003,AR-08,8,Entre Rios,3,LA PAZ,63,ALCARAZ 1°,614,True,True,00063,La Paz,615,False
AR-08-003-64,AR-08-003,AR-08,8,Entre Rios,3,LA PAZ,64,SAN CARLOS,496,True,True,00064,La Paz,536,False
AR-08-003-65,AR-08-003,AR-08,8,Entre Rios,3,LA PAZ,65,BOVRIL,8011,True,True,00065,La Paz,8372,False
AR-08-003-66,AR-08-003,AR-08,8,Entre Rios,3,LA PAZ,66,KM. 160 - SIR LEONARD,264,True,True,00066,La Paz,329,False
AR-08-003-67,AR-08-003,AR-08,8,Entre Rios,3,LA PAZ,67,CARRASCO,133,True,True,00067,La Paz,133,False
AR-08-003-68,AR-08-003,AR-08,8,Entre Rios,3,LA PAZ,68,ALCARAZ 2°,513,True,True,00068,La Paz,604,False
AR-08-003-69,AR-08-003,AR-08,8,Entre Rios,3,LA PAZ,69,PUEBLO ALCARAZ,2851,True,True,00069,La Paz,2928,False
AR-08-003-70,AR-08-003,AR-08,8,Entre Rios,3,LA PAZ,70,PUERTO ALGARROBO,141,True,True,00070,La Paz,149,False
AR-08-003-71,AR-08-003,AR-08,8,Entre Rios,3,LA PAZ,71,PIEDRAS BLANCAS,1812,True,True,00071,La Paz,1967,False
AR-08-003-72,AR-08-003,AR-08,8,Entre Rios,3,LA PAZ,72,YESO,649,True,True,00072,La Paz,690,False
AR-08-003-73,AR-08-003,AR-08,8,Entre Rios,3,LA PAZ,73,ESTACAS,363,True,True,00073,La Paz,356,False
AR-08-003-74,AR-08-003,AR-08,8,Entre Rios,3,LA PAZ,74,SAN GUSTAVO,2114,True,True,00074,La Paz,2507,False
AR-08-003-75,AR-08-003,AR-08,8,Entre Rios,3,LA PAZ,75,TACUARAS,749,True,True,00075,La Paz,658,False
AR-08-003-76,AR-08-003,AR-08,8,Entre Rios,3,LA PAZ,76,OMBU,845,True,True,00076,La Paz,803,False
AR-08-004-77,AR-08-004,AR-08,8,Entre Rios,4,DIAMANTE,77,DIAMANTE,13899,True,True,00077,Diamante,13981,False
AR-08-004-78,AR-08-004,AR-08,8,Entre Rios,4,DIAMANTE,78,PUERTO DIAMANTE,374,True,True,00078,Diamante,406,False
AR-08-004-79,AR-08-004,AR-08,8,Entre Rios,4,DIAMANTE,79,EJIDO DIAMANTE,1533,True,True,00079,Diamante,1724,False
AR-08-004-80,AR-08-004,AR-08,8,Entre Rios,4,DIAMANTE,80,STROBEL,1696,True,True,00080,Diamante,2017,False
AR-08-004-81,AR-08-004,AR-08,8,Entre Rios,4,DIAMANTE,81,P. ALVEAR - SPATZENKUTTER,503,True,True,00081,Diamante,449,False
AR-08-004-82,AR-08-004,AR-08,8,Entre Rios,4,DIAMANTE,82,ALDEA BRASILERA,926,True,True,00082,Diamante,1082,False
AR-08-004-83,AR-08-004,AR-08,8,Entre Rios,4,DIAMANTE,83,PUEBLO NUEVO,416,True,True,00083,Diamante,556,False
AR-08-004-84,AR-08-004,AR-08,8,Entre Rios,4,DIAMANTE,84,VALLE MARIA,2495,True,True,00084,Diamante,2759,False
AR-08-004-85,AR-08-004,AR-08,8,Entre Rios,4,DIAMANTE,85,GRAPSCHENTAL,107,True,True,00085,Diamante,90,False
AR-08-004-86,AR-08-004,AR-08,8,Entre Rios,4,DIAMANTE,86,ALDEA SALTO,313,True,True,00086,Diamante,322,False
AR-08-004-87,AR-08-004,AR-08,8,Entre Rios,4,DIAMANTE,87,COLONIA ENSAYO,383,True,True,00087,Diamante,625,False
AR-08-004-88,AR-08-004,AR-08,8,Entre Rios,4,DIAMANTE,88,ALDEA PROTESTANTE,596,True,True,00088,Diamante,605,False
AR-08-004-89,AR-08-004,AR-08,8,Entre Rios,4,DIAMANTE,89,COSTA GRANDE,495,True,True,00089,Diamante,493,False
AR-08-004-90,AR-08-004,AR-08,8,Entre Rios,4,DIAMANTE,90,DOLL,117,True,True,00090,Diamante,114,False
AR-08-004-91,AR-08-004,AR-08,8,Entre Rios,4,DIAMANTE,91,LAS CUEVAS,1040,True,True,00091,Diamante,1094,False
AR-08-004-92,AR-08-004,AR-08,8,Entre Rios,4,DIAMANTE,92,LIBERTADOR SAN MARTIN,6301,True,True,00092,Diamante,6987,False
AR-08-004-93,AR-08-004,AR-08,8,Entre Rios,4,DIAMANTE,93,RACEDO,417,True,True,00093,Diamante,550,False
AR-08-004-94,AR-08-004,AR-08,8,Entre Rios,4,DIAMANTE,94,CAMPS,311,True,True,00094,Diamante,292,False
AR-08-004-96,AR-08-004,AR-08,8,Entre Rios,4,DIAMANTE,96,RAMIREZ,8588,True,True,00096,Diamante,8891,False
AR-08-004-97,AR-08-004,AR-08,8,Entre Rios,4,DIAMANTE,97,ISLETAS,508,True,True,00097,Diamante,474,False
AR-08-005-100,AR-08-005,AR-08,8,Entre Rios,5,VICTORIA,100,CORRALES,69,True,True,00100,Victoria,67,False
AR-08-005-101,AR-08-005,AR-08,8,Entre Rios,5,VICTORIA,101,ANTELO,229,True,True,00101,Victoria,247,False
AR-08-005-102,AR-08-005,AR-08,8,Entre Rios,5,VICTORIA,102,PAJONAL,264,True,True,00102,Victoria,260,False
AR-08-005-103,AR-08-005,AR-08,8,Entre Rios,5,VICTORIA,103,CHILCAS,134,True,True,00103,Victoria,121,False
AR-08-005-104,AR-08-005,AR-08,8,Entre Rios,5,VICTORIA,104,SECCION ISLAS,95,True,True,00104,Victoria,145,False
AR-08-005-105,AR-08-005,AR-08,8,Entre Rios,5,VICTORIA,105,RINCON DE NOGOYA,990,True,True,00105,Victoria,1007,False
AR-08-005-106,AR-08-005,AR-08,8,Entre Rios,5,VICTORIA,106,RINCON DEL DOLL,812,True,True,00106,Victoria,797,False
AR-08-005-107,AR-08-005,AR-08,8,Entre Rios,5,VICTORIA,107,LAGUNA DEL PESCADO,197,True,True,00107,Victoria,212,False
AR-08-005-108,AR-08-005,AR-08,8,Entre Rios,5,VICTORIA,108,QUEBRACHITOS,16,True,True,00108,Victoria,17,False
AR-08-005-109,AR-08-005,AR-08,8,Entre Rios,5,VICTORIA,109,HINOJAL,36,True,True,00109,Victoria,31,False
AR-08-005-110,AR-08-005,AR-08,8,Entre Rios,5,VICTORIA,110,MONTOYA,69,True,True,00110,Victoria,61,False
AR-08-005-98,AR-08-005,AR-08,8,Entre Rios,5,VICTORIA,98,VICTORIA ESTE,15295,True,True,00098,Victoria,16272,False
AR-08-005-99,AR-08-005,AR-08,8,Entre Rios,5,VICTORIA,99,VICTORIA OESTE,12952,True,True,00099,Victoria,13880,False
AR-08-006-111,AR-08-006,AR-08,8,Entre Rios,6,NOGOYA,111,NOGOYA,18203,True,True,00111,Nogoyá,18734,False
AR-08-006-112,AR-08-006,AR-08,8,Entre Rios,6,NOGOYA,112,EJIDO NOGOYA,2847,True,True,00112,Nogoyá,3376,False
AR-08-006-113,AR-08-006,AR-08,8,Entre Rios,6,NOGOYA,113,DON CRISTOBAL 1° SECCION,346,True,True,00113,Nogoyá,351,False
AR-08-006-114,AR-08-006,AR-08,8,Entre Rios,6,NOGOYA,114,DON CRISTOBAL 2° SECCION,341,True,True,00114,Nogoyá,415,False
AR-08-006-115,AR-08-006,AR-08,8,Entre Rios,6,NOGOYA,115,ALGARROBITOS,79,True,True,00115,Nogoyá,70,False
AR-08-006-116,AR-08-006,AR-08,8,Entre Rios,6,NOGOYA,116,ALDEA SAN MIGUEL,59,True,True,00116,Nogoyá,75,False
AR-08-006-117,AR-08-006,AR-08,8,Entre Rios,6,NOGOYA,117,HERNANDEZ,1900,True,True,00117,Nogoyá,2014,False
AR-08-006-118,AR-08-006,AR-08,8,Entre Rios,6,NOGOYA,118,ARANGUREN,1780,True,True,00118,Nogoyá,1993,False
AR-08-006-119,AR-08-006,AR-08,8,Entre Rios,6,NOGOYA,119,BETBEDER,213,True,True,00119,Nogoyá,253,False
AR-08-006-120,AR-08-006,AR-08,8,Entre Rios,6,NOGOYA,120,CRUCESITAS 3° SECCION,402,True,True,00120,Nogoyá,381,False
AR-08-006-121,AR-08-006,AR-08,8,Entre Rios,6,NOGOYA,121,CRUCESITAS 7° SECCION,435,True,True,00121,Nogoyá,416,False
AR-08-006-122,AR-08-006,AR-08,8,Entre Rios,6,NOGOYA,122,CRUCESITAS 8° SECCION,417,True,True,00122,Nogoyá,396,False
AR-08-006-123,AR-08-006,AR-08,8,Entre Rios,6,NOGOYA,123,MONTOYA,308,True,True,00123,Nogoyá,316,False
AR-08-006-124,AR-08-006,AR-08,8,Entre Rios,6,NOGOYA,124,LUCAS GONZALEZ,4599,True,True,00124,Nogoyá,4746,False
AR-08-006-125,AR-08-006,AR-08,8,Entre Rios,6,NOGOYA,125,SAUCE,482,True,True,00125,Nogoyá,478,False
AR-08-006-126,AR-08-006,AR-08,8,Entre Rios,6,NOGOYA,126,XX DE SEPTIEMBRE,323,True,True,00126,Nogoyá,406,False
AR-08-006-127,AR-08-006,AR-08,8,Entre Rios,6,NOGOYA,127,CHIQUEROS,440,True,True,00127,Nogoyá,427,False
AR-08-007-128,AR-08-007,AR-08,8,Entre Rios,7,GUALEGUAY,128,GUALEGUAY,28836,True,True,00128,Gualeguay,29422,False
AR-08-007-129,AR-08-007,AR-08,8,Entre Rios,7,GUALEGUAY,129,1° SECCION CHACRAS,4427,True,True,00129,Gualeguay,5060,False
AR-08-007-130,AR-08-007,AR-08,8,Entre Rios,7,GUALEGUAY,130,2° SECCION CHACRAS,4916,True,True,00130,Gualeguay,6271,False
AR-08-007-131,AR-08-007,AR-08,8,Entre Rios,7,GUALEGUAY,131,PUERTO RUIZ,347,True,True,00131,Gualeguay,396,False
AR-08-007-132,AR-08-007,AR-08,8,Entre Rios,7,GUALEGUAY,132,1° DISTRITO - CUCHILLA,107,True,True,00132,Gualeguay,121,False
AR-08-007-133,AR-08-007,AR-08,8,Entre Rios,7,GUALEGUAY,133,2° DISTRITO - VIZCACHA,252,True,True,00133,Gualeguay,242,False
AR-08-007-134,AR-08-007,AR-08,8,Entre Rios,7,GUALEGUAY,134,3° DISTRITO - JACINTA,446,True,True,00134,Gualeguay,442,False
AR-08-007-135,AR-08-007,AR-08,8,Entre Rios,7,GUALEGUAY,135,GALARZA,4676,True,True,00135,Gualeguay,4953,False
AR-08-007-136,AR-08-007,AR-08,8,Entre Rios,7,GUALEGUAY,136,4° DISTRITO - CLE,114,True,True,00136,Gualeguay,118,False
AR-08-007-137,AR-08-007,AR-08,8,Entre Rios,7,GUALEGUAY,137,5° DISTRITO - SAUCE,229,True,True,00137,Gualeguay,227,False
AR-08-007-138,AR-08-007,AR-08,8,Entre Rios,7,GUALEGUAY,138,6° DIST - COSTA DE NOGOYA,902,True,True,00138,Gualeguay,888,False
AR-08-007-139,AR-08-007,AR-08,8,Entre Rios,7,GUALEGUAY,139,7° DISTRITO - MEDANOS,177,True,True,00139,Gualeguay,157,False
AR-08-007-140,AR-08-007,AR-08,8,Entre Rios,7,GUALEGUAY,140,8° DISTRITO - ALBARDON,214,True,True,00140,Gualeguay,197,False
AR-08-008-141,AR-08-008,AR-08,8,Entre Rios,8,TALA,141,ROSARIO DEL TALA,11828,True,True,00141,Tala,12026,False
AR-08-008-142,AR-08-008,AR-08,8,Entre Rios,8,TALA,142,EJIDO 1° ROSARIO DEL TALA,382,True,True,00142,Tala,343,False
AR-08-008-143,AR-08-008,AR-08,8,Entre Rios,8,TALA,143,EJIDO 2° ROSARIO DEL TALA,594,True,True,00143,Tala,581,False
AR-08-008-144,AR-08-008,AR-08,8,Entre Rios,8,TALA,144,DISTRITO PUEBLO,52,True,True,00144,Tala,66,False
AR-08-008-145,AR-08-008,AR-08,8,Entre Rios,8,TALA,145,PUEBLO PRIMERO,11,True,True,00145,Tala,16,False
AR-08-008-146,AR-08-008,AR-08,8,Entre Rios,8,TALA,146,ESTACION SOLA,555,True,True,00146,Tala,592,False
AR-08-008-147,AR-08-008,AR-08,8,Entre Rios,8,TALA,147,ESTACION ECHAGUE,274,True,True,00147,Tala,252,False
AR-08-008-148,AR-08-008,AR-08,8,Entre Rios,8,TALA,148,SAUCE NORTE,176,True,True,00148,Tala,167,False
AR-08-008-149,AR-08-008,AR-08,8,Entre Rios,8,TALA,149,SAUCE SUD,132,True,True,00149,Tala,139,False
AR-08-008-150,AR-08-008,AR-08,8,Entre Rios,8,TALA,150,DISTRITO CLE,132,True,True,00150,Tala,166,False
AR-08-008-151,AR-08-008,AR-08,8,Entre Rios,8,TALA,151,ESTACION MANSILLA,2348,True,True,00151,Tala,2775,False
AR-08-008-152,AR-08-008,AR-08,8,Entre Rios,8,TALA,152,ALTAMIRANO NORTE,468,True,True,00152,Tala,451,False
AR-08-008-153,AR-08-008,AR-08,8,Entre Rios,8,TALA,153,DURAZNO NORTE,222,True,True,00153,Tala,298,False
AR-08-008-154,AR-08-008,AR-08,8,Entre Rios,8,TALA,154,ALTAMIRANO SUD,241,True,True,00154,Tala,227,False
AR-08-008-155,AR-08-008,AR-08,8,Entre Rios,8,TALA,155,DURAZNO SUD,436,True,True,00155,Tala,430,False
AR-08-008-156,AR-08-008,AR-08,8,Entre Rios,8,TALA,156,MACIA,5723,True,True,00156,Tala,6195,False
AR-08-009-157,AR-08-009,AR-08,8,Entre Rios,9,URUGUAY,157,URUGUAY NORTE,16618,True,True,00157,Uruguay,17020,False
AR-08-009-158,AR-08-009,AR-08,8,Entre Rios,9,URUGUAY,158,URUGUAY SUD,11008,True,True,00158,Uruguay,11330,False
AR-08-009-159,AR-08-009,AR-08,8,Entre Rios,9,URUGUAY,159,SUBURBIO SUD URUGUAY,10658,True,True,00159,Uruguay,12002,False
AR-08-009-160,AR-08-009,AR-08,8,Entre Rios,9,URUGUAY,160,COLONIA PERFECCION,1190,True,True,00160,Uruguay,1507,False
AR-08-009-161,AR-08-009,AR-08,8,Entre Rios,9,URUGUAY,161,SANTA CANDIDA,200,True,True,00161,Uruguay,201,False
AR-08-009-162,AR-08-009,AR-08,8,Entre Rios,9,URUGUAY,162,SUBURBIO NORTE URUGUAY,22734,True,True,00162,Uruguay,25050,False
AR-08-009-163,AR-08-009,AR-08,8,Entre Rios,9,URUGUAY,163,TALA,479,True,True,00163,Uruguay,539,False
AR-08-009-164,AR-08-009,AR-08,8,Entre Rios,9,URUGUAY,164,COLONIA ELIA,1420,True,True,00164,Uruguay,1594,False
AR-08-009-165,AR-08-009,AR-08,8,Entre Rios,9,URUGUAY,165,POTRERO,18,True,True,00165,Uruguay,22,False
AR-08-009-166,AR-08-009,AR-08,8,Entre Rios,9,URUGUAY,166,1° DE MAYO,1012,True,True,00166,Uruguay,1084,False
AR-08-009-166A,AR-08-009,AR-08,8,Entre Rios,9,URUGUAY,166A,COLONIA SANTA TERESITA,17,True,True,0166A,Uruguay,15,False
AR-08-009-167,AR-08-009,AR-08,8,Entre Rios,9,URUGUAY,167,SAN CIPRIANO,621,True,True,00167,Uruguay,630,False
AR-08-009-168,AR-08-009,AR-08,8,Entre Rios,9,URUGUAY,168,PRONUNCIAMIENTO,1344,True,True,00168,Uruguay,1644,False
AR-08-009-169,AR-08-009,AR-08,8,Entre Rios,9,URUGUAY,169,CASEROS,2396,True,True,00169,Uruguay,2547,False
AR-08-009-170,AR-08-009,AR-08,8,Entre Rios,9,URUGUAY,170,SAN JUSTO,1652,True,True,00170,Uruguay,1863,False
AR-08-009-171,AR-08-009,AR-08,8,Entre Rios,9,URUGUAY,171,VILLA MANTERO,1597,True,True,00171,Uruguay,1653,False
AR-08-009-172,AR-08-009,AR-08,8,Entre Rios,9,URUGUAY,172,GENACITO SUR ESTE,15,True,True,00172,Uruguay,17,False
AR-08-009-173,AR-08-009,AR-08,8,Entre Rios,9,URUGUAY,173,LIBAROS,343,True,True,00173,Uruguay,357,False
AR-08-009-174,AR-08-009,AR-08,8,Entre Rios,9,URUGUAY,174,SANTA ANITA,1476,True,True,00174,Uruguay,1572,False
AR-08-009-174A,AR-08-009,AR-08,8,Entre Rios,9,URUGUAY,174A,COLONIA SAN MARTIN,41,True,True,0174A,Uruguay,37,False
AR-08-009-175,AR-08-009,AR-08,8,Entre Rios,9,URUGUAY,175,BASAVILBASO,8523,True,True,00175,Uruguay,8740,False
AR-08-009-176,AR-08-009,AR-08,8,Entre Rios,9,URUGUAY,176,COLONIA LUCIENVILLE,42,True,True,00176,Uruguay,37,False
AR-08-009-177,AR-08-009,AR-08,8,Entre Rios,9,URUGUAY,177,COLONIA NUEVA MONTEVIDEO,3,True,False,,,,False
AR-08-009-178,AR-08-009,AR-08,8,Entre Rios,9,URUGUAY,178,HERRERA,1671,True,True,00178,Uruguay,1837,False
AR-08-009-179,AR-08-009,AR-08,8,Entre Rios,9,URUGUAY,179,LAS MOSCAS,388,True,True,00179,Uruguay,407,False
AR-08-009-180,AR-08-009,AR-08,8,Entre Rios,9,URUGUAY,180,URQUIZA,737,True,True,00180,Uruguay,768,False
AR-08-009-181,AR-08-009,AR-08,8,Entre Rios,9,URUGUAY,181,ROCAMORA,374,True,True,00181,Uruguay,412,False
AR-08-010-182,AR-08-010,AR-08,8,Entre Rios,10,GUALEGUAYCHU,182,GUALEGUAYCHU NORTE,18276,True,True,00182,Gualeguaychú,18810,False
AR-08-010-183,AR-08-010,AR-08,8,Entre Rios,10,GUALEGUAYCHU,183,GUALEGUAYCHU SUD,24246,True,True,00183,Gualeguaychú,24046,False
AR-08-010-184,AR-08-010,AR-08,8,Entre Rios,10,GUALEGUAYCHU,184,SUBURBIO NORTE GUALEGUAYCHU,14480,True,True,00184,Gualeguaychú,16358,False
AR-08-010-185,AR-08-010,AR-08,8,Entre Rios,10,GUALEGUAYCHU,185,SUBURBIO SUD GUALEGUAYCHU,16409,True,True,00185,Gualeguaychú,18309,False
AR-08-010-186,AR-08-010,AR-08,8,Entre Rios,10,GUALEGUAYCHU,186,COSTA URUGUAY SUR,334,True,True,00186,Gualeguaychú,406,False
AR-08-010-187,AR-08-010,AR-08,8,Entre Rios,10,GUALEGUAYCHU,187,COSTA URUGUAY NORTE,147,True,True,00187,Gualeguaychú,211,False
AR-08-010-188,AR-08-010,AR-08,8,Entre Rios,10,GUALEGUAYCHU,188,EJIDO ESTE GUALEGUAYCHU,58,True,True,00188,Gualeguaychú,109,False
AR-08-010-189,AR-08-010,AR-08,8,Entre Rios,10,GUALEGUAYCHU,189,PUEBLO GENERAL BELGRANO,2369,True,True,00189,Gualeguaychú,3603,False
AR-08-010-190,AR-08-010,AR-08,8,Entre Rios,10,GUALEGUAYCHU,190,PERDICES,206,True,True,00190,Gualeguaychú,187,False
AR-08-010-191,AR-08-010,AR-08,8,Entre Rios,10,GUALEGUAYCHU,191,PEHUAJO SUR,132,True,True,00191,Gualeguaychú,101,False
AR-08-010-192,AR-08-010,AR-08,8,Entre Rios,10,GUALEGUAYCHU,192,VILLA LARROQUE,6161,True,True,00192,Gualeguaychú,6614,False
AR-08-010-193,AR-08-010,AR-08,8,Entre Rios,10,GUALEGUAYCHU,193,IRAZUSTA,369,True,True,00193,Gualeguaychú,370,False
AR-08-010-194,AR-08-010,AR-08,8,Entre Rios,10,GUALEGUAYCHU,194,DOS HERMANAS,125,True,True,00194,Gualeguaychú,124,False
AR-08-010-195A,AR-08-010,AR-08,8,Entre Rios,10,GUALEGUAYCHU,195A,ENRIQUE CARBO,839,True,True,0195A,Gualeguaychú,995,False
AR-08-010-196,AR-08-010,AR-08,8,Entre Rios,10,GUALEGUAYCHU,196,CUCHILLA REDONDA,103,True,True,00196,Gualeguaychú,100,False
AR-08-010-197,AR-08-010,AR-08,8,Entre Rios,10,GUALEGUAYCHU,197,CEIBAS,16,True,True,00197,Gualeguaychú,21,False
AR-08-010-198,AR-08-010,AR-08,8,Entre Rios,10,GUALEGUAYCHU,198,URDINARRAIN,8258,True,True,00198,Gualeguaychú,8718,False
AR-08-010-199,AR-08-010,AR-08,8,Entre Rios,10,GUALEGUAYCHU,199,COLONIA FLORIDA DEL OESTE,20,True,True,00199,Gualeguaychú,13,False
AR-08-010-200,AR-08-010,AR-08,8,Entre Rios,10,GUALEGUAYCHU,200,ALDEA SAN ANTONIO,1618,True,True,00200,Gualeguaychú,1699,False
AR-08-010-201,AR-08-010,AR-08,8,Entre Rios,10,GUALEGUAYCHU,201,ALDEA SAN JUAN,257,True,True,00201,Gualeguaychú,278,False
AR-08-010-202,AR-08-010,AR-08,8,Entre Rios,10,GUALEGUAYCHU,202,GILBERT,1053,True,True,00202,Gualeguaychú,1109,False
AR-08-010-202A,AR-08-010,AR-08,8,Entre Rios,10,GUALEGUAYCHU,202A,ESCRIÑA,88,True,True,0202A,Gualeguaychú,81,False
AR-08-010-203,AR-08-010,AR-08,8,Entre Rios,10,GUALEGUAYCHU,203,PEHUAJO NORTE,176,True,True,00203,Gualeguaychú,159,False
AR-08-010-204,AR-08-010,AR-08,8,Entre Rios,10,GUALEGUAYCHU,204,RINCON DEL GATO,185,True,True,00204,Gualeguaychú,191,False
AR-08-010-205,AR-08-010,AR-08,8,Entre Rios,10,GUALEGUAYCHU,205,BRITOS,269,True,True,00205,Gualeguaychú,307,False
AR-08-010-206,AR-08-010,AR-08,8,Entre Rios,10,GUALEGUAYCHU,206,TALITAS,136,True,True,00206,Gualeguaychú,131,False
AR-08-010-207,AR-08-010,AR-08,8,Entre Rios,10,GUALEGUAYCHU,207,COSTA SAN ANTONIO,69,True,True,00207,Gualeguaychú,63,False
AR-08-011-208,AR-08-011,AR-08,8,Entre Rios,11,ISLAS DEL IBICUY,208,IBICUY,4589,True,True,00208,Islas del Ibicuy,5043,False
AR-08-011-209,AR-08-011,AR-08,8,Entre Rios,11,ISLAS DEL IBICUY,209,MAZARUCA,139,True,True,00209,Islas del Ibicuy,158,False
AR-08-011-210,AR-08-011,AR-08,8,Entre Rios,11,ISLAS DEL IBICUY,210,SECCION ISLAS,98,True,True,00210,Islas del Ibicuy,85,False
AR-08-011-211,AR-08-011,AR-08,8,Entre Rios,11,ISLAS DEL IBICUY,211,VILLA PARANACITO,3915,True,True,00211,Islas del Ibicuy,4219,False
AR-08-011-212,AR-08-011,AR-08,8,Entre Rios,11,ISLAS DEL IBICUY,212,MEDANOS,433,True,True,00212,Islas del Ibicuy,484,False
AR-08-011-213,AR-08-011,AR-08,8,Entre Rios,11,ISLAS DEL IBICUY,213,PUEBLO CEIBAS,2033,True,True,00213,Islas del Ibicuy,2264,False
AR-08-011-213A,AR-08-011,AR-08,8,Entre Rios,11,ISLAS DEL IBICUY,213A,ÑANCAY,202,True,True,0213A,Islas del Ibicuy,198,False
AR-08-012-214,AR-08-012,AR-08,8,Entre Rios,12,VILLAGUAY,214,VILLAGUAY,28846,True,True,00214,Villaguay,30666,False
AR-08-012-215,AR-08-012,AR-08,8,Entre Rios,12,VILLAGUAY,215,EJIDO NORTE VILLAGUAY,1610,True,True,00215,Villaguay,1785,False
AR-08-012-216,AR-08-012,AR-08,8,Entre Rios,12,VILLAGUAY,216,DOMINGUEZ,1755,True,True,00216,Villaguay,1798,False
AR-08-012-217,AR-08-012,AR-08,8,Entre Rios,12,VILLAGUAY,217,SAN GREGORIO,71,True,True,00217,Villaguay,80,False
AR-08-012-218,AR-08-012,AR-08,8,Entre Rios,12,VILLAGUAY,218,INGENIERO SAJAROFF,449,True,True,00218,Villaguay,488,False
AR-08-012-219,AR-08-012,AR-08,8,Entre Rios,12,VILLAGUAY,219,VILLA CLARA,2667,True,True,00219,Villaguay,2832,False
AR-08-012-220,AR-08-012,AR-08,8,Entre Rios,12,VILLAGUAY,220,SAN JORGE,91,True,True,00220,Villaguay,71,False
AR-08-012-221,AR-08-012,AR-08,8,Entre Rios,12,VILLAGUAY,221,JUBILEO,611,True,True,00221,Villaguay,662,False
AR-08-012-222,AR-08-012,AR-08,8,Entre Rios,12,VILLAGUAY,222,RAICES ESTE,971,True,True,00222,Villaguay,1039,False
AR-08-012-223,AR-08-012,AR-08,8,Entre Rios,12,VILLAGUAY,223,RAICES OESTE,701,True,True,00223,Villaguay,692,False
AR-08-012-224,AR-08-012,AR-08,8,Entre Rios,12,VILLAGUAY,224,MOJONES SUD,679,True,True,00224,Villaguay,703,False
AR-08-012-225,AR-08-012,AR-08,8,Entre Rios,12,VILLAGUAY,225,MOJONES NORTE,641,True,True,00225,Villaguay,677,False
AR-08-012-226,AR-08-012,AR-08,8,Entre Rios,12,VILLAGUAY,226,COLONIA ADIVINOS,64,True,True,00226,Villaguay,82,False
AR-08-012-227,AR-08-012,AR-08,8,Entre Rios,12,VILLAGUAY,227,LUCAS SUD 1°,460,True,True,00227,Villaguay,440,False
AR-08-012-228,AR-08-012,AR-08,8,Entre Rios,12,VILLAGUAY,228,LUCAS SUD 2°,555,True,True,00228,Villaguay,528,False
AR-08-012-229,AR-08-012,AR-08,8,Entre Rios,12,VILLAGUAY,229,LUCAS NORTE,1126,True,True,00229,Villaguay,1076,False
AR-08-013-230,AR-08-013,AR-08,8,Entre Rios,13,CONCORDIA,230,CONCORDIA OESTE SUR,23831,True,True,00230,Concordia,23737,False
AR-08-013-231,AR-08-013,AR-08,8,Entre Rios,13,CONCORDIA,231,CONCORDIA OESTE NORTE,25987,True,True,00231,Concordia,25604,False
AR-08-013-232,AR-08-013,AR-08,8,Entre Rios,13,CONCORDIA,232,CONCORDIA ESTE SUR,13868,True,True,00232,Concordia,13342,False
AR-08-013-233,AR-08-013,AR-08,8,Entre Rios,13,CONCORDIA,233,CONCORDIA ESTE NORTE,16391,True,True,00233,Concordia,16567,False
AR-08-013-234,AR-08-013,AR-08,8,Entre Rios,13,CONCORDIA,234,VILLA ZORRAQUIN,2815,True,True,00234,Concordia,3234,False
AR-08-013-235,AR-08-013,AR-08,8,Entre Rios,13,CONCORDIA,235,EJIDO CONCORDIA,31166,True,True,00235,Concordia,35870,False
AR-08-013-236,AR-08-013,AR-08,8,Entre Rios,13,CONCORDIA,236,LA BIANCA,5217,True,True,00236,Concordia,5858,False
AR-08-013-237,AR-08-013,AR-08,8,Entre Rios,13,CONCORDIA,237,FRIGORIFICO YUQUERI,6357,True,True,00237,Concordia,6970,False
AR-08-013-238,AR-08-013,AR-08,8,Entre Rios,13,CONCORDIA,238,LOS CHARRUAS,4009,True,True,00238,Concordia,4629,False
AR-08-013-239,AR-08-013,AR-08,8,Entre Rios,13,CONCORDIA,239,LOMA NEGRA,107,True,True,00239,Concordia,88,False
AR-08-013-240,AR-08-013,AR-08,8,Entre Rios,13,CONCORDIA,240,COLONIA AYUI,2009,True,True,00240,Concordia,2156,False
AR-08-013-241,AR-08-013,AR-08,8,Entre Rios,13,CONCORDIA,241,COLONIA ROCA,580,True,True,00241,Concordia,632,False
AR-08-013-242,AR-08-013,AR-08,8,Entre Rios,13,CONCORDIA,242,LA CRIOLLA,2590,True,True,00242,Concordia,2842,False
AR-08-013-243,AR-08-013,AR-08,8,Entre Rios,13,CONCORDIA,243,MAGNASCO,915,True,True,00243,Concordia,1021,False
AR-08-013-244,AR-08-013,AR-08,8,Entre Rios,13,CONCORDIA,244,MOREYRA,120,True,True,00244,Concordia,139,False
AR-08-013-245,AR-08-013,AR-08,8,Entre Rios,13,CONCORDIA,245,COLONIA YERUA,60,True,True,00245,Concordia,54,False
AR-08-013-246,AR-08-013,AR-08,8,Entre Rios,13,CONCORDIA,246,ESTANCIA GRANDE,2490,True,True,00246,Concordia,3392,False
AR-08-013-247,AR-08-013,AR-08,8,Entre Rios,13,CONCORDIA,247,ESTACION YERUA,293,True,True,00247,Concordia,291,False
AR-08-013-248,AR-08-013,AR-08,8,Entre Rios,13,CONCORDIA,248,CLODOMIRO LEDESMA,127,True,True,00248,Concordia,157,False
AR-08-013-249,AR-08-013,AR-08,8,Entre Rios,13,CONCORDIA,249,PUERTO YERUA,1546,True,True,00249,Concordia,1806,False
AR-08-013-250,AR-08-013,AR-08,8,Entre Rios,13,CONCORDIA,250,NUEVA ESCOCIA,418,True,True,00250,Concordia,519,False
AR-08-013-251,AR-08-013,AR-08,8,Entre Rios,13,CONCORDIA,251,PEDERNAL,471,True,True,00251,Concordia,490,False
AR-08-014-252,AR-08-014,AR-08,8,Entre Rios,14,FEDERAL,252,FEDERAL,14761,True,True,00252,Federal,15670,False
AR-08-014-253,AR-08-014,AR-08,8,Entre Rios,14,FEDERAL,253,COLONIA FEDERAL,1421,True,True,00253,Federal,1455,False
AR-08-014-254,AR-08-014,AR-08,8,Entre Rios,14,FEDERAL,254,NUEVA VIZCAYA,459,True,True,00254,Federal,494,False
AR-08-014-255,AR-08-014,AR-08,8,Entre Rios,14,FEDERAL,255,CARPINCHORI,196,True,True,00255,Federal,202,False
AR-08-014-256,AR-08-014,AR-08,8,Entre Rios,14,FEDERAL,256,EL GATO,196,True,True,00256,Federal,228,False
AR-08-014-257,AR-08-014,AR-08,8,Entre Rios,14,FEDERAL,257,BANDERAS,129,True,True,00257,Federal,124,False
AR-08-014-258,AR-08-014,AR-08,8,Entre Rios,14,FEDERAL,258,CONSCRIPTO BERNARDI,1594,True,True,00258,Federal,1836,False
AR-08-014-259,AR-08-014,AR-08,8,Entre Rios,14,FEDERAL,259,EL CIMARRON,470,True,True,00259,Federal,503,False
AR-08-014-260,AR-08-014,AR-08,8,Entre Rios,14,FEDERAL,260,COLONIA LA MARTA,84,True,True,00260,Federal,79,False
AR-08-014-261,AR-08-014,AR-08,8,Entre Rios,14,FEDERAL,261,COLONIA SAN LORENZO,78,True,True,00261,Federal,67,False
AR-08-014-262,AR-08-014,AR-08,8,Entre Rios,14,FEDERAL,262,CHAÑAR,324,True,True,00262,Federal,329,False
AR-08-014-263,AR-08-014,AR-08,8,Entre Rios,14,FEDERAL,263,SAUCE DE LUNA,3195,True,True,00263,Federal,3296,False
AR-08-014-264,AR-08-014,AR-08,8,Entre Rios,14,FEDERAL,264,ENCIERRA,104,True,True,00264,Federal,135,False
AR-08-014-265,AR-08-014,AR-08,8,Entre Rios,14,FEDERAL,265,LAS ACHIRAS,13,True,True,00265,Federal,13,False
AR-08-015-266,AR-08-015,AR-08,8,Entre Rios,15,COLON,266,COLON,21449,True,True,00266,Colón,22870,False
AR-08-015-267,AR-08-015,AR-08,8,Entre Rios,15,COLON,267,EJIDO COLON,1323,True,True,00267,Colón,2145,False
AR-08-015-268,AR-08-015,AR-08,8,Entre Rios,15,COLON,268,SAN JOSE,12532,True,True,00268,Colón,13767,False
AR-08-015-269,AR-08-015,AR-08,8,Entre Rios,15,COLON,269,EL BRILLANTE,3705,True,True,00269,Colón,4094,False
AR-08-015-270,AR-08-015,AR-08,8,Entre Rios,15,COLON,270,PRIMER DISTRITO,231,True,True,00270,Colón,253,False
AR-08-015-271,AR-08-015,AR-08,8,Entre Rios,15,COLON,271,COLONIA NUEVA SUR,128,True,True,00271,Colón,130,False
AR-08-015-272,AR-08-015,AR-08,8,Entre Rios,15,COLON,272,COLONIA 1° DE MAYO,139,True,True,00272,Colón,143,False
AR-08-015-273,AR-08-015,AR-08,8,Entre Rios,15,COLON,273,COLONIA NUEVA NORTE,149,True,True,00273,Colón,178,False
AR-08-015-274,AR-08-015,AR-08,8,Entre Rios,15,COLON,274,VILLA ELISA,10172,True,True,00274,Colón,10585,False
AR-08-015-275,AR-08-015,AR-08,8,Entre Rios,15,COLON,275,SEGUNDO DISTRITO,288,True,True,00275,Colón,289,False
AR-08-015-276,AR-08-015,AR-08,8,Entre Rios,15,COLON,276,LA CLARITA,590,True,True,00276,Colón,570,False
AR-08-015-277,AR-08-015,AR-08,8,Entre Rios,15,COLON,277,TERCER DISTRITO,203,True,True,00277,Colón,210,False
AR-08-015-278,AR-08-015,AR-08,8,Entre Rios,15,COLON,278,COLONIA EL CARMEN,49,True,True,00278,Colón,58,False
AR-08-015-279,AR-08-015,AR-08,8,Entre Rios,15,COLON,279,PUENTE GUALEGUAYCHU,92,True,True,00279,Colón,92,False
AR-08-015-280,AR-08-015,AR-08,8,Entre Rios,15,COLON,280,SAN ANTONIO,314,True,True,00280,Colón,353,False
AR-08-015-281,AR-08-015,AR-08,8,Entre Rios,15,COLON,281,SANTA ROSA,18,True,True,00281,Colón,26,False
AR-08-015-282,AR-08-015,AR-08,8,Entre Rios,15,COLON,282,FABRICA,621,True,True,00282,Colón,759,False
AR-08-015-283,AR-08-015,AR-08,8,Entre Rios,15,COLON,283,CUARTO DISTRITO,660,True,True,00283,Colón,680,False
AR-08-015-285,AR-08-015,AR-08,8,Entre Rios,15,COLON,285,QUINTO DISTRITO,51,True,True,00285,Colón,47,False
AR-08-015-286,AR-08-015,AR-08,8,Entre Rios,15,COLON,286,SEXTO DISTRITO,30,True,True,00286,Colón,18,False
AR-08-015-287,AR-08-015,AR-08,8,Entre Rios,15,COLON,287,UBAJAY,2611,True,True,00287,Colón,2895,False
AR-08-016-288,AR-08-016,AR-08,8,Entre Rios,16,FELICIANO,288,FELICIANO,9097,True,True,00288,Feliciano,9968,False
AR-08-016-289,AR-08-016,AR-08,8,Entre Rios,16,FELICIANO,289,EJIDO FELICIANO,1492,True,True,00289,Feliciano,1638,False
AR-08-016-290,AR-08-016,AR-08,8,Entre Rios,16,FELICIANO,290,DISTRITO FELICIANO,383,True,True,00290,Feliciano,424,False
AR-08-016-291,AR-08-016,AR-08,8,Entre Rios,16,FELICIANO,291,BASUALDO,313,True,True,00291,Feliciano,333,False
AR-08-016-292,AR-08-016,AR-08,8,Entre Rios,16,FELICIANO,292,CHAÑAR,697,True,True,00292,Feliciano,694,False
AR-08-016-293,AR-08-016,AR-08,8,Entre Rios,16,FELICIANO,293,ATENCIO,266,True,True,00293,Feliciano,279,False
AR-08-016-294,AR-08-016,AR-08,8,Entre Rios,16,FELICIANO,294,MANANTIALES,535,True,True,00294,Feliciano,498,False
AR-08-017-295,AR-08-017,AR-08,8,Entre Rios,17,FEDERACION,295,VIEJA FEDERACION,496,True,True,00295,Federación,545,False
AR-08-017-296,AR-08-017,AR-08,8,Entre Rios,17,FEDERACION,296,NUEVA FEDERACION,12881,True,True,00296,Federación,14170,False
AR-08-017-297,AR-08-017,AR-08,8,Entre Rios,17,FEDERACION,297,EJIDO FEDERACION,973,True,True,00297,Federación,1178,False
AR-08-017-298,AR-08-017,AR-08,8,Entre Rios,17,FEDERACION,298,MANDISOVI,346,True,True,00298,Federación,366,False
AR-08-017-299,AR-08-017,AR-08,8,Entre Rios,17,FEDERACION,299,COLONIA FREITAS,1203,True,True,00299,Federación,1162,False
AR-08-017-300,AR-08-017,AR-08,8,Entre Rios,17,FEDERACION,300,GUALEGUAYCITO,867,True,True,00300,Federación,928,False
AR-08-017-301,AR-08-017,AR-08,8,Entre Rios,17,FEDERACION,301,TATUTI,6,True,False,,,,False
AR-08-017-302,AR-08-017,AR-08,8,Entre Rios,17,FEDERACION,302,SAN JAIME DE LA FRONTERA,4049,True,True,00302,Federación,4208,False
AR-08-017-303,AR-08-017,AR-08,8,Entre Rios,17,FEDERACION,303,COLONIA SANTA MARIA,505,True,True,00303,Federación,516,False
AR-08-017-304,AR-08-017,AR-08,8,Entre Rios,17,FEDERACION,304,ATENCIO AL ESTE,46,True,True,00304,Federación,63,False
AR-08-017-304A,AR-08-017,AR-08,8,Entre Rios,17,FEDERACION,304A,LOS CONQUISTADORES,1135,True,True,0304A,Federación,1259,False
AR-08-017-305,AR-08-017,AR-08,8,Entre Rios,17,FEDERACION,305,CHAJARI,30534,True,True,00305,Federación,33332,False
AR-08-017-306,AR-08-017,AR-08,8,Entre Rios,17,FEDERACION,306,VILLA DEL ROSARIO,3764,True,True,00306,Federación,4022,False
AR-08-017-307,AR-08-017,AR-08,8,Entre Rios,17,FEDERACION,307,SAN ROQUE,163,True,True,00307,Federación,154,False
AR-08-017-308,AR-08-017,AR-08,8,Entre Rios,17,FEDERACION,308,SANTA ANA,1845,True,True,00308,Federación,1996,False
AR-08-017-309,AR-08-017,AR-08,8,Entre Rios,17,FEDERACION,309,CAÑADA DEL CERRO,140,True,True,00309,Federación,123,False
AR-08-018-310,AR-08-018,AR-08,8,Entre Rios,18,SAN SALVADOR,310,SAN SALVADOR,11929,True,True,00310,San Salvador,13035,False
AR-08-018-311,AR-08-018,AR-08,8,Entre Rios,18,SAN SALVADOR,311,GENERAL CAMPOS,3505,True,True,00311,San Salvador,3787,False
AR-08-018-312,AR-08-018,AR-08,8,Entre Rios,18,SAN SALVADOR,312,WALTER MOSS,36,True,True,00312,San Salvador,45,False
AR-08-018-313,AR-08-018,AR-08,8,Entre Rios,18,SAN SALVADOR,313,COLONIA OFICIAL N° 5,51,True,True,00313,San Salvador,49,False
AR-08-018-314,AR-08-018,AR-08,8,Entre Rios,18,SAN SALVADOR,314,LAS COLONIAS,278,True,True,00314,San Salvador,276,False
AR-08-018-315,AR-08-018,AR-08,8,Entre Rios,18,SAN SALVADOR,315,ARROYO GRANDE,12,True,True,00315,San Salvador,16,False
AR-09-001-1,AR-09-001,AR-09,9,Formosa,1,FORMOSA,1,CAPITAL,19296,True,True,00001,Formosa,18509,False
AR-09-001-11,AR-09-001,AR-09,9,Formosa,1,FORMOSA,11,CAPITAL,838,True,True,00011,Formosa,892,False
AR-09-001-14,AR-09-001,AR-09,9,Formosa,1,FORMOSA,14,CAPITAL,139,True,True,00014,Formosa,255,False
AR-09-001-15,AR-09-001,AR-09,9,Formosa,1,FORMOSA,15,CAPITAL,78,True,True,00015,Formosa,70,False
AR-09-001-16,AR-09-001,AR-09,9,Formosa,1,FORMOSA,16,CAPITAL,313,True,True,00016,Formosa,285,False
AR-09-001-17,AR-09-001,AR-09,9,Formosa,1,FORMOSA,17,CAPITAL,988,True,True,00017,Formosa,1274,False
AR-09-001-17A,AR-09-001,AR-09,9,Formosa,1,FORMOSA,17A,CAPITAL,185,True,True,0017A,Formosa,188,False
AR-09-001-17B,AR-09-001,AR-09,9,Formosa,1,FORMOSA,17B,CAPITAL,40,True,True,0017B,Formosa,35,False
AR-09-001-18,AR-09-001,AR-09,9,Formosa,1,FORMOSA,18,CAPITAL,1447,True,True,00018,Formosa,1492,False
AR-09-001-18A,AR-09-001,AR-09,9,Formosa,1,FORMOSA,18A,CAPITAL,20,True,True,0018A,Formosa,10,False
AR-09-001-19,AR-09-001,AR-09,9,Formosa,1,FORMOSA,19,CAPITAL,1369,True,True,00019,Formosa,1449,False
AR-09-001-2,AR-09-001,AR-09,9,Formosa,1,FORMOSA,2,CAPITAL,6442,True,True,00002,Formosa,5492,False
AR-09-001-20,AR-09-001,AR-09,9,Formosa,1,FORMOSA,20,CAPITAL,82,True,True,00020,Formosa,83,False
AR-09-001-21,AR-09-001,AR-09,9,Formosa,1,FORMOSA,21,CAPITAL,1122,True,True,00021,Formosa,1217,False
AR-09-001-21A,AR-09-001,AR-09,9,Formosa,1,FORMOSA,21A,CAPITAL,152,True,True,0021A,Formosa,166,False
AR-09-001-3,AR-09-001,AR-09,9,Formosa,1,FORMOSA,3,CAPITAL,56620,True,True,00003,Formosa,55781,False
AR-09-001-4,AR-09-001,AR-09,9,Formosa,1,FORMOSA,4,CAPITAL,22848,True,True,00004,Formosa,22129,False
AR-09-001-5,AR-09-001,AR-09,9,Formosa,1,FORMOSA,5,CAPITAL,41635,True,True,00005,Formosa,49769,False
AR-09-001-5A,AR-09-001,AR-09,9,Formosa,1,FORMOSA,5A,CAPITAL,2348,True,True,0005A,Formosa,2844,False
AR-09-001-6,AR-09-001,AR-09,9,Formosa,1,FORMOSA,6,CAPITAL,2608,True,True,00006,Formosa,3340,False
AR-09-001-7,AR-09-001,AR-09,9,Formosa,1,FORMOSA,7,CAPITAL,25438,True,True,00007,Formosa,38135,False
AR-09-001-8,AR-09-001,AR-09,9,Formosa,1,FORMOSA,8,CAPITAL,140,True,True,00008,Formosa,70,False
AR-09-001-8A,AR-09-001,AR-09,9,Formosa,1,FORMOSA,8A,CAPITAL,3297,True,True,0008A,Formosa,3725,False
AR-09-001-8B,AR-09-001,AR-09,9,Formosa,1,FORMOSA,8B,CAPITAL,2270,True,True,0008B,Formosa,2449,False
AR-09-001-9,AR-09-001,AR-09,9,Formosa,1,FORMOSA,9,CAPITAL,54,True,True,00009,Formosa,40,False
AR-09-002-22,AR-09-002,AR-09,9,Formosa,2,LAISHI,22,LAISHI,3763,True,True,00022,Laishí,4130,False
AR-09-002-22A,AR-09-002,AR-09,9,Formosa,2,LAISHI,22A,LAISHI,873,True,True,0022A,Laishí,1032,False
AR-09-002-22B,AR-09-002,AR-09,9,Formosa,2,LAISHI,22B,LAISHI,277,True,True,0022B,Laishí,211,False
AR-09-002-22C,AR-09-002,AR-09,9,Formosa,2,LAISHI,22C,LAISHI,19,True,True,0022C,Laishí,17,False
AR-09-002-23,AR-09-002,AR-09,9,Formosa,2,LAISHI,23,LAISHI,1769,True,True,00023,Laishí,2155,False
AR-09-002-23A,AR-09-002,AR-09,9,Formosa,2,LAISHI,23A,LAISHI,228,True,True,0023A,Laishí,139,False
AR-09-002-23B,AR-09-002,AR-09,9,Formosa,2,LAISHI,23B,LAISHI,8,True,True,0023B,Laishí,13,False
AR-09-002-23C,AR-09-002,AR-09,9,Formosa,2,LAISHI,23C,LAISHI,3403,True,True,0023C,Laishí,3267,False
AR-09-002-24,AR-09-002,AR-09,9,Formosa,2,LAISHI,24,LAISHI,5485,True,True,00024,Laishí,5619,False
AR-09-002-24A,AR-09-002,AR-09,9,Formosa,2,LAISHI,24A,LAISHI,146,True,True,0024A,Laishí,121,False
AR-09-002-24B,AR-09-002,AR-09,9,Formosa,2,LAISHI,24B,LAISHI,457,True,True,0024B,Laishí,403,False
AR-09-003-25,AR-09-003,AR-09,9,Formosa,3,PILCOMAYO,25,PILCOMAYO,187,True,True,00025,Pilcomayo,154,False
AR-09-003-26,AR-09-003,AR-09,9,Formosa,3,PILCOMAYO,26,PILCOMAYO,5960,True,True,00026,Pilcomayo,6176,False
AR-09-003-26A,AR-09-003,AR-09,9,Formosa,3,PILCOMAYO,26A,PILCOMAYO,189,True,True,0026A,Pilcomayo,106,False
AR-09-003-26B,AR-09-003,AR-09,9,Formosa,3,PILCOMAYO,26B,PILCOMAYO,104,True,True,0026B,Pilcomayo,56,False
AR-09-003-27,AR-09-003,AR-09,9,Formosa,3,PILCOMAYO,27,PILCOMAYO,19,True,True,00027,Pilcomayo,12,False
AR-09-003-28,AR-09-003,AR-09,9,Formosa,3,PILCOMAYO,28,PILCOMAYO,2687,True,True,00028,Pilcomayo,2945,False
AR-09-003-28A,AR-09-003,AR-09,9,Formosa,3,PILCOMAYO,28A,PILCOMAYO,162,True,True,0028A,Pilcomayo,71,False
AR-09-003-28B,AR-09-003,AR-09,9,Formosa,3,PILCOMAYO,28B,PILCOMAYO,839,True,True,0028B,Pilcomayo,569,False
AR-09-003-29,AR-09-003,AR-09,9,Formosa,3,PILCOMAYO,29,PILCOMAYO,7619,True,True,00029,Pilcomayo,8588,False
AR-09-003-29A,AR-09-003,AR-09,9,Formosa,3,PILCOMAYO,29A,PILCOMAYO,122,True,True,0029A,Pilcomayo,69,False
AR-09-003-30,AR-09-003,AR-09,9,Formosa,3,PILCOMAYO,30,PILCOMAYO,5449,True,True,00030,Pilcomayo,6104,False
AR-09-003-30A,AR-09-003,AR-09,9,Formosa,3,PILCOMAYO,30A,PILCOMAYO,405,True,True,0030A,Pilcomayo,589,False
AR-09-003-31,AR-09-003,AR-09,9,Formosa,3,PILCOMAYO,31,PILCOMAYO,227,True,True,00031,Pilcomayo,210,False
AR-09-003-31A,AR-09-003,AR-09,9,Formosa,3,PILCOMAYO,31A,PILCOMAYO,611,True,True,0031A,Pilcomayo,719,False
AR-09-003-31B,AR-09-003,AR-09,9,Formosa,3,PILCOMAYO,31B,PILCOMAYO,792,True,True,0031B,Pilcomayo,682,False
AR-09-003-32,AR-09-003,AR-09,9,Formosa,3,PILCOMAYO,32,PILCOMAYO,45956,True,True,00032,Pilcomayo,49245,False
AR-09-003-32A,AR-09-003,AR-09,9,Formosa,3,PILCOMAYO,32A,PILCOMAYO,159,True,True,0032A,Pilcomayo,145,False
AR-09-003-32B,AR-09-003,AR-09,9,Formosa,3,PILCOMAYO,32B,PILCOMAYO,478,True,True,0032B,Pilcomayo,511,False
AR-09-004-34,AR-09-004,AR-09,9,Formosa,4,PIRANE,34,PIRANE,16617,True,True,00034,Pirané,18334,False
AR-09-004-34A,AR-09-004,AR-09,9,Formosa,4,PIRANE,34A,PIRANE,252,True,True,0034A,Pirané,206,False
AR-09-004-34B,AR-09-004,AR-09,9,Formosa,4,PIRANE,34B,PIRANE,34,True,True,0034B,Pirané,16,False
AR-09-004-34C,AR-09-004,AR-09,9,Formosa,4,PIRANE,34C,PIRANE,9,True,False,,,,False
AR-09-004-35,AR-09-004,AR-09,9,Formosa,4,PIRANE,35,PIRANE,670,True,True,00035,Pirané,496,False
AR-09-004-35A,AR-09-004,AR-09,9,Formosa,4,PIRANE,35A,PIRANE,368,True,True,0035A,Pirané,259,False
AR-09-004-35B,AR-09-004,AR-09,9,Formosa,4,PIRANE,35B,PIRANE,231,True,True,0035B,Pirané,120,False
AR-09-004-36,AR-09-004,AR-09,9,Formosa,4,PIRANE,36,PIRANE,6344,True,True,00036,Pirané,6724,False
AR-09-004-36A,AR-09-004,AR-09,9,Formosa,4,PIRANE,36A,PIRANE,226,True,True,0036A,Pirané,205,False
AR-09-004-36B,AR-09-004,AR-09,9,Formosa,4,PIRANE,36B,PIRANE,76,True,True,0036B,Pirané,61,False
AR-09-004-36C,AR-09-004,AR-09,9,Formosa,4,PIRANE,36C,PIRANE,172,True,True,0036C,Pirané,140,False
AR-09-004-37,AR-09-004,AR-09,9,Formosa,4,PIRANE,37,PIRANE,150,True,True,00037,Pirané,79,False
AR-09-004-37A,AR-09-004,AR-09,9,Formosa,4,PIRANE,37A,PIRANE,126,True,True,0037A,Pirané,45,False
AR-09-004-37B,AR-09-004,AR-09,9,Formosa,4,PIRANE,37B,PIRANE,6269,True,True,0037B,Pirané,6912,False
AR-09-004-37C,AR-09-004,AR-09,9,Formosa,4,PIRANE,37C,PIRANE,12707,True,True,0037C,Pirané,13908,False
AR-09-004-37D,AR-09-004,AR-09,9,Formosa,4,PIRANE,37D,PIRANE,214,True,True,0037D,Pirané,145,False
AR-09-004-37E,AR-09-004,AR-09,9,Formosa,4,PIRANE,37E,PIRANE,46,True,True,0037E,Pirané,28,False
AR-09-004-37F,AR-09-004,AR-09,9,Formosa,4,PIRANE,37F,PIRANE,139,True,True,0037F,Pirané,58,False
AR-09-004-37G,AR-09-004,AR-09,9,Formosa,4,PIRANE,37G,PIRANE,451,True,True,0037G,Pirané,369,False
AR-09-004-38,AR-09-004,AR-09,9,Formosa,4,PIRANE,38,PIRANE,19,True,True,00038,Pirané,18,False
AR-09-004-38A,AR-09-004,AR-09,9,Formosa,4,PIRANE,38A,PIRANE,582,True,True,0038A,Pirané,390,False
AR-09-004-39,AR-09-004,AR-09,9,Formosa,4,PIRANE,39,PIRANE,6658,True,True,00039,Pirané,7208,False
AR-09-004-39A,AR-09-004,AR-09,9,Formosa,4,PIRANE,39A,PIRANE,303,True,True,0039A,Pirané,176,False
AR-09-004-40,AR-09-004,AR-09,9,Formosa,4,PIRANE,40,PIRANE,118,True,True,00040,Pirané,99,False
AR-09-004-41,AR-09-004,AR-09,9,Formosa,4,PIRANE,41,PIRANE,173,True,True,00041,Pirané,135,False
AR-09-004-41A,AR-09-004,AR-09,9,Formosa,4,PIRANE,41A,PIRANE,777,True,True,0041A,Pirané,708,False
AR-09-004-42,AR-09-004,AR-09,9,Formosa,4,PIRANE,42,PIRANE,30,True,True,00042,Pirané,23,False
AR-09-005-43,AR-09-005,AR-09,9,Formosa,5,PILAGAS,43,PILAGAS,5394,True,True,00043,Pilagás,5500,False
AR-09-005-43A,AR-09-005,AR-09,9,Formosa,5,PILAGAS,43A,PILAGAS,2769,True,True,0043A,Pilagás,3183,False
AR-09-005-43B,AR-09-005,AR-09,9,Formosa,5,PILAGAS,43B,PILAGAS,150,True,True,0043B,Pilagás,108,False
AR-09-005-43C,AR-09-005,AR-09,9,Formosa,5,PILAGAS,43C,PILAGAS,3219,True,True,0043C,Pilagás,3893,False
AR-09-005-43D,AR-09-005,AR-09,9,Formosa,5,PILAGAS,43D,PILAGAS,167,True,True,0043D,Pilagás,86,False
AR-09-005-43E,AR-09-005,AR-09,9,Formosa,5,PILAGAS,43E,PILAGAS,250,True,True,0043E,Pilagás,83,False
AR-09-005-43F,AR-09-005,AR-09,9,Formosa,5,PILAGAS,43F,PILAGAS,169,True,True,0043F,Pilagás,79,False
AR-09-005-44,AR-09-005,AR-09,9,Formosa,5,PILAGAS,44,PILAGAS,3404,True,True,00044,Pilagás,3653,False
AR-09-005-44A,AR-09-005,AR-09,9,Formosa,5,PILAGAS,44A,PILAGAS,182,True,True,0044A,Pilagás,96,False
AR-09-005-45,AR-09-005,AR-09,9,Formosa,5,PILAGAS,45,PILAGAS,320,True,True,00045,Pilagás,308,False
AR-09-006-47,AR-09-006,AR-09,9,Formosa,6,PATIÑO,47,PATIÑO,26,True,True,00047,Patiño,24,False
AR-09-006-47A,AR-09-006,AR-09,9,Formosa,6,PATIÑO,47A,PATIÑO,11,True,True,0047A,Patiño,16,False
AR-09-006-48,AR-09-006,AR-09,9,Formosa,6,PATIÑO,48,PATIÑO,23,True,True,00048,Patiño,20,False
AR-09-006-49,AR-09-006,AR-09,9,Formosa,6,PATIÑO,49,PATIÑO,185,True,True,00049,Patiño,620,False
AR-09-006-50,AR-09-006,AR-09,9,Formosa,6,PATIÑO,50,PATIÑO,6430,True,True,00050,Patiño,6647,False
AR-09-006-50A,AR-09-006,AR-09,9,Formosa,6,PATIÑO,50A,PATIÑO,40,True,True,0050A,Patiño,29,False
AR-09-006-50B,AR-09-006,AR-09,9,Formosa,6,PATIÑO,50B,PATIÑO,1213,True,True,0050B,Patiño,802,False
AR-09-006-51,AR-09-006,AR-09,9,Formosa,6,PATIÑO,51,PATIÑO,82,True,True,00051,Patiño,58,False
AR-09-006-51A,AR-09-006,AR-09,9,Formosa,6,PATIÑO,51A,PATIÑO,5368,True,True,0051A,Patiño,5416,False
AR-09-006-51B,AR-09-006,AR-09,9,Formosa,6,PATIÑO,51B,PATIÑO,131,True,True,0051B,Patiño,93,False
AR-09-006-52,AR-09-006,AR-09,9,Formosa,6,PATIÑO,52,PATIÑO,138,True,True,00052,Patiño,92,False
AR-09-006-53,AR-09-006,AR-09,9,Formosa,6,PATIÑO,53,PATIÑO,32,True,True,00053,Patiño,45,False
AR-09-006-54,AR-09-006,AR-09,9,Formosa,6,PATIÑO,54,PATIÑO,4185,True,True,00054,Patiño,4364,False
AR-09-006-54A,AR-09-006,AR-09,9,Formosa,6,PATIÑO,54A,PATIÑO,46,True,True,0054A,Patiño,35,False
AR-09-006-55,AR-09-006,AR-09,9,Formosa,6,PATIÑO,55,PATIÑO,34,True,True,00055,Patiño,21,False
AR-09-006-56,AR-09-006,AR-09,9,Formosa,6,PATIÑO,56,PATIÑO,9271,True,True,00056,Patiño,9459,False
AR-09-006-56A,AR-09-006,AR-09,9,Formosa,6,PATIÑO,56A,PATIÑO,242,True,True,0056A,Patiño,145,False
AR-09-006-57,AR-09-006,AR-09,9,Formosa,6,PATIÑO,57,PATIÑO,97,True,True,00057,Patiño,68,False
AR-09-006-58,AR-09-006,AR-09,9,Formosa,6,PATIÑO,58,PATIÑO,38,True,True,00058,Patiño,25,False
AR-09-006-58A,AR-09-006,AR-09,9,Formosa,6,PATIÑO,58A,PATIÑO,36,True,True,0058A,Patiño,36,False
AR-09-006-59,AR-09-006,AR-09,9,Formosa,6,PATIÑO,59,PATIÑO,22,True,True,00059,Patiño,21,False
AR-09-006-59A,AR-09-006,AR-09,9,Formosa,6,PATIÑO,59A,PATIÑO,46,True,True,0059A,Patiño,38,False
AR-09-006-60,AR-09-006,AR-09,9,Formosa,6,PATIÑO,60,PATIÑO,5346,True,True,00060,Patiño,5833,False
AR-09-006-60A,AR-09-006,AR-09,9,Formosa,6,PATIÑO,60A,PATIÑO,18,True,True,0060A,Patiño,11,False
AR-09-006-61,AR-09-006,AR-09,9,Formosa,6,PATIÑO,61,PATIÑO,466,True,True,00061,Patiño,202,False
AR-09-006-62,AR-09-006,AR-09,9,Formosa,6,PATIÑO,62,PATIÑO,101,True,True,00062,Patiño,91,False
AR-09-006-63,AR-09-006,AR-09,9,Formosa,6,PATIÑO,63,PATIÑO,9,True,True,00063,Patiño,10,False
AR-09-006-63A,AR-09-006,AR-09,9,Formosa,6,PATIÑO,63A,PATIÑO,45,True,True,0063A,Patiño,40,False
AR-09-006-64,AR-09-006,AR-09,9,Formosa,6,PATIÑO,64,PATIÑO,2003,True,True,00064,Patiño,2259,False
AR-09-006-64A,AR-09-006,AR-09,9,Formosa,6,PATIÑO,64A,PATIÑO,3896,True,True,0064A,Patiño,4365,False
AR-09-006-64B,AR-09-006,AR-09,9,Formosa,6,PATIÑO,64B,PATIÑO,54,True,True,0064B,Patiño,17,False
AR-09-006-65,AR-09-006,AR-09,9,Formosa,6,PATIÑO,65,PATIÑO,794,True,True,00065,Patiño,824,False
AR-09-006-65A,AR-09-006,AR-09,9,Formosa,6,PATIÑO,65A,PATIÑO,32,True,True,0065A,Patiño,19,False
AR-09-006-65B,AR-09-006,AR-09,9,Formosa,6,PATIÑO,65B,PATIÑO,31,True,True,0065B,Patiño,11,False
AR-09-006-66,AR-09-006,AR-09,9,Formosa,6,PATIÑO,66,PATIÑO,108,True,True,00066,Patiño,73,False
AR-09-006-66A,AR-09-006,AR-09,9,Formosa,6,PATIÑO,66A,PATIÑO,62,True,True,0066A,Patiño,59,False
AR-09-006-66B,AR-09-006,AR-09,9,Formosa,6,PATIÑO,66B,PATIÑO,26,True,True,0066B,Patiño,13,False
AR-09-006-67,AR-09-006,AR-09,9,Formosa,6,PATIÑO,67,PATIÑO,12312,True,True,00067,Patiño,14044,False
AR-09-006-67A,AR-09-006,AR-09,9,Formosa,6,PATIÑO,67A,PATIÑO,85,True,True,0067A,Patiño,82,False
AR-09-006-68,AR-09-006,AR-09,9,Formosa,6,PATIÑO,68,PATIÑO,377,True,True,00068,Patiño,418,False
AR-09-006-69,AR-09-006,AR-09,9,Formosa,6,PATIÑO,69,PATIÑO,35,True,True,00069,Patiño,36,False
AR-09-006-70,AR-09-006,AR-09,9,Formosa,6,PATIÑO,70,PATIÑO,2282,True,True,00070,Patiño,3111,False
AR-09-006-70A,AR-09-006,AR-09,9,Formosa,6,PATIÑO,70A,PATIÑO,51,True,True,0070A,Patiño,22,False
AR-09-006-71,AR-09-006,AR-09,9,Formosa,6,PATIÑO,71,PATIÑO,4751,True,True,00071,Patiño,4968,False
AR-09-006-71A,AR-09-006,AR-09,9,Formosa,6,PATIÑO,71A,PATIÑO,406,True,True,0071A,Patiño,259,False
AR-09-007-72,AR-09-007,AR-09,9,Formosa,7,BERMEJO,72,BERMEJO,363,True,True,00072,Bermejo,311,False
AR-09-007-72A,AR-09-007,AR-09,9,Formosa,7,BERMEJO,72A,BERMEJO,65,True,True,0072A,Bermejo,72,False
AR-09-007-72B,AR-09-007,AR-09,9,Formosa,7,BERMEJO,72B,BERMEJO,158,True,True,0072B,Bermejo,166,False
AR-09-007-73,AR-09-007,AR-09,9,Formosa,7,BERMEJO,73,BERMEJO,609,True,True,00073,Bermejo,598,False
AR-09-007-74,AR-09-007,AR-09,9,Formosa,7,BERMEJO,74,BERMEJO,167,True,True,00074,Bermejo,194,False
AR-09-007-75,AR-09-007,AR-09,9,Formosa,7,BERMEJO,75,BERMEJO,4347,True,True,00075,Bermejo,4901,False
AR-09-007-76,AR-09-007,AR-09,9,Formosa,7,BERMEJO,76,BERMEJO,280,True,True,00076,Bermejo,297,False
AR-09-007-76A,AR-09-007,AR-09,9,Formosa,7,BERMEJO,76A,BERMEJO,108,True,True,0076A,Bermejo,83,False
AR-09-007-77,AR-09-007,AR-09,9,Formosa,7,BERMEJO,77,BERMEJO,577,True,True,00077,Bermejo,724,False
AR-09-007-78,AR-09-007,AR-09,9,Formosa,7,BERMEJO,78,BERMEJO,306,True,True,00078,Bermejo,432,False
AR-09-007-79,AR-09-007,AR-09,9,Formosa,7,BERMEJO,79,BERMEJO,95,True,True,00079,Bermejo,100,False
AR-09-007-80,AR-09-007,AR-09,9,Formosa,7,BERMEJO,80,BERMEJO,2607,True,True,00080,Bermejo,3559,False
AR-09-007-80A,AR-09-007,AR-09,9,Formosa,7,BERMEJO,80A,BERMEJO,225,True,True,0080A,Bermejo,196,False
AR-09-007-80B,AR-09-007,AR-09,9,Formosa,7,BERMEJO,80B,BERMEJO,113,True,True,0080B,Bermejo,88,False
AR-09-007-81,AR-09-007,AR-09,9,Formosa,7,BERMEJO,81,BERMEJO,1699,True,True,00081,Bermejo,1817,False
AR-09-007-81A,AR-09-007,AR-09,9,Formosa,7,BERMEJO,81A,BERMEJO,56,True,True,0081A,Bermejo,29,False
AR-09-008-82,AR-09-008,AR-09,9,Formosa,8,MATACOS,82,MATACOS,12399,True,True,00082,Matacos,13482,False
AR-09-008-82A,AR-09-008,AR-09,9,Formosa,8,MATACOS,82A,MATACOS,90,True,True,0082A,Matacos,65,False
AR-09-008-82B,AR-09-008,AR-09,9,Formosa,8,MATACOS,82B,MATACOS,44,True,True,0082B,Matacos,38,False
AR-09-009-83,AR-09-009,AR-09,9,Formosa,9,RAMON LISTA,83,RAMON LISTA,2504,True,True,00083,Ramón Lista,3428,False
AR-09-009-83A,AR-09-009,AR-09,9,Formosa,9,RAMON LISTA,83A,RAMON LISTA,3900,True,True,0083A,Ramón Lista,4915,False
AR-09-009-83B,AR-09-009,AR-09,9,Formosa,9,RAMON LISTA,83B,RAMON LISTA,793,True,True,0083B,Ramón Lista,808,False
AR-09-009-83C,AR-09-009,AR-09,9,Formosa,9,RAMON LISTA,83C,RAMON LISTA,168,True,True,0083C,Ramón Lista,161,False
AR-09-009-84,AR-09-009,AR-09,9,Formosa,9,RAMON LISTA,84,RAMON LISTA,812,True,True,00084,Ramón Lista,1003,False
AR-09-009-84A,AR-09-009,AR-09,9,Formosa,9,RAMON LISTA,84A,RAMON LISTA,582,True,True,0084A,Ramón Lista,701,False
AR-09-009-84B,AR-09-009,AR-09,9,Formosa,9,RAMON LISTA,84B,RAMON LISTA,773,True,True,0084B,Ramón Lista,1143,False
AR-09-009-84C,AR-09-009,AR-09,9,Formosa,9,RAMON LISTA,84C,RAMON LISTA,502,True,True,0084C,Ramón Lista,660,False
AR-10-001-1,AR-10-001,AR-10,10,Jujuy,1,DR.MANUEL BELGRANO,1,CIUD.EXTREMO ESTE (1-599>,7136,True,True,00001,Dr. Manuel Belgrano,7876,False
AR-10-001-10A,AR-10-001,AR-10,10,Jujuy,1,DR.MANUEL BELGRANO,10A,SAN PEDRITO,50319,True,True,0010A,Dr. Manuel Belgrano,48192,False
AR-10-001-10B,AR-10-001,AR-10,10,Jujuy,1,DR.MANUEL BELGRANO,10B,ALTO COMEDERO,43742,True,True,0010B,Dr. Manuel Belgrano,65295,False
AR-10-001-11,AR-10-001,AR-10,10,Jujuy,1,DR.MANUEL BELGRANO,11,REYES,3363,True,True,00011,Dr. Manuel Belgrano,3906,False
AR-10-001-12,AR-10-001,AR-10,10,Jujuy,1,DR.MANUEL BELGRANO,12,GUERRERO Y T.DE REYES,705,True,True,00012,Dr. Manuel Belgrano,813,False
AR-10-001-13,AR-10-001,AR-10,10,Jujuy,1,DR.MANUEL BELGRANO,13,LA ALMONA-JUAN GALAN,215,True,True,00013,Dr. Manuel Belgrano,215,False
AR-10-001-14,AR-10-001,AR-10,10,Jujuy,1,DR.MANUEL BELGRANO,14,LA VIÑA-CHIJRA,18019,True,True,00014,Dr. Manuel Belgrano,19784,False
AR-10-001-15,AR-10-001,AR-10,10,Jujuy,1,DR.MANUEL BELGRANO,15,LAS CAPILLAS,75,True,True,00015,Dr. Manuel Belgrano,53,False
AR-10-001-16,AR-10-001,AR-10,10,Jujuy,1,DR.MANUEL BELGRANO,16,OCLOYAS,306,True,True,00016,Dr. Manuel Belgrano,324,False
AR-10-001-17,AR-10-001,AR-10,10,Jujuy,1,DR.MANUEL BELGRANO,17,TILQUIZA-TIRAXI,98,True,True,00017,Dr. Manuel Belgrano,89,False
AR-10-001-18,AR-10-001,AR-10,10,Jujuy,1,DR.MANUEL BELGRANO,18,LOS PERALES,6300,True,True,00018,Dr. Manuel Belgrano,7974,False
AR-10-001-19,AR-10-001,AR-10,10,Jujuy,1,DR.MANUEL BELGRANO,19,LEON-LOZANO,2020,True,True,00019,Dr. Manuel Belgrano,3068,False
AR-10-001-2,AR-10-001,AR-10,10,Jujuy,1,DR.MANUEL BELGRANO,2,CIUDAD CENTRO (600-999),2149,True,True,00002,Dr. Manuel Belgrano,1966,False
AR-10-001-20,AR-10-001,AR-10,10,Jujuy,1,DR.MANUEL BELGRANO,20,EL CHAÑI,118,True,True,00020,Dr. Manuel Belgrano,112,False
AR-10-001-21,AR-10-001,AR-10,10,Jujuy,1,DR.MANUEL BELGRANO,21,YALA,2240,True,True,00021,Dr. Manuel Belgrano,3397,False
AR-10-001-3,AR-10-001,AR-10,10,Jujuy,1,DR.MANUEL BELGRANO,3,CIUDAD EXTREMO OESTE 1000-1399,2589,True,True,00003,Dr. Manuel Belgrano,2370,False
AR-10-001-4,AR-10-001,AR-10,10,Jujuy,1,DR.MANUEL BELGRANO,4,B°BELGRANO Y SAN MARTIN,6303,True,True,00004,Dr. Manuel Belgrano,6161,False
AR-10-001-5,AR-10-001,AR-10,10,Jujuy,1,DR.MANUEL BELGRANO,5,B°25 DE MAYO -LOS HUAICOS,5022,True,True,00005,Dr. Manuel Belgrano,5791,False
AR-10-001-6,AR-10-001,AR-10,10,Jujuy,1,DR.MANUEL BELGRANO,6,B° CIUDAD DE NIEVA,6851,True,True,00006,Dr. Manuel Belgrano,6211,False
AR-10-001-7,AR-10-001,AR-10,10,Jujuy,1,DR.MANUEL BELGRANO,7,B° CUYAYA Y MORENO,26951,True,True,00007,Dr. Manuel Belgrano,22751,False
AR-10-001-8,AR-10-001,AR-10,10,Jujuy,1,DR.MANUEL BELGRANO,8,B° GORRITI-CORONEL ARIAS,26518,True,True,00008,Dr. Manuel Belgrano,22795,False
AR-10-001-9,AR-10-001,AR-10,10,Jujuy,1,DR.MANUEL BELGRANO,9,B° ALMIRANTE BROWN,336,True,True,00009,Dr. Manuel Belgrano,647,False
AR-10-002-22,AR-10-002,AR-10,10,Jujuy,2,PALPALA,22,PALPALA-CIUDAD,42124,True,True,00022,Palpalá,47848,False
AR-10-002-23,AR-10-002,AR-10,10,Jujuy,2,PALPALA,23,ZAPLA -CARAHUNCO,407,True,True,00023,Palpalá,298,False
AR-10-002-24,AR-10-002,AR-10,10,Jujuy,2,PALPALA,24,EL BRETE-C.FORESTAL-CUCHO,471,True,True,00024,Palpalá,435,False
AR-10-003-25A,AR-10-003,AR-10,10,Jujuy,3,SAN ANTONIO,25A,SAN ANTONIO (PUEBLO),1802,True,True,0025A,San Antonio,2746,False
AR-10-003-25B,AR-10-003,AR-10,10,Jujuy,3,SAN ANTONIO,25B,LOS ALISOS,1638,True,True,0025B,San Antonio,2752,False
AR-10-003-26,AR-10-003,AR-10,10,Jujuy,3,SAN ANTONIO,26,LA CABAÑA,205,True,True,00026,San Antonio,92,False
AR-10-003-27,AR-10-003,AR-10,10,Jujuy,3,SAN ANTONIO,27,LA TOMA,445,True,True,00027,San Antonio,447,False
AR-10-004-28,AR-10-004,AR-10,10,Jujuy,4,EL CARMEN,28,EL CARMEN (CIUDAD),12705,True,True,00028,El Carmen,15022,False
AR-10-004-29,AR-10-004,AR-10,10,Jujuy,4,EL CARMEN,29,DIQUE LA CIENAGA,404,True,True,00029,El Carmen,170,False
AR-10-004-30,AR-10-004,AR-10,10,Jujuy,4,EL CARMEN,30,CHAMICAL,1193,True,True,00030,El Carmen,695,False
AR-10-004-31,AR-10-004,AR-10,10,Jujuy,4,EL CARMEN,31,CIUDAD PERICO,36154,True,True,00031,El Carmen,41255,False
AR-10-004-32,AR-10-004,AR-10,10,Jujuy,4,EL CARMEN,32,MONTERRICO,14208,True,True,00032,El Carmen,17275,False
AR-10-004-33A,AR-10-004,AR-10,10,Jujuy,4,EL CARMEN,33A,PUESTO VIEJO,2140,True,True,0033A,El Carmen,2633,False
AR-10-004-33B,AR-10-004,AR-10,10,Jujuy,4,EL CARMEN,33B,LOS LAPACHOS,758,True,True,0033B,El Carmen,490,False
AR-10-004-34,AR-10-004,AR-10,10,Jujuy,4,EL CARMEN,34,PAMPA BLANCA,3048,True,True,00034,El Carmen,3603,False
AR-10-004-35,AR-10-004,AR-10,10,Jujuy,4,EL CARMEN,35,AGUAS CALIENTES,2553,True,True,00035,El Carmen,3093,False
AR-10-005-36,AR-10-005,AR-10,10,Jujuy,5,SAN PEDRO,36,SAN PEDRO (CIUDAD),46150,True,True,00036,San Pedro,51160,False
AR-10-005-37,AR-10-005,AR-10,10,Jujuy,5,SAN PEDRO,37,LA ESPERANZA,3074,True,True,00037,San Pedro,3692,False
AR-10-005-38,AR-10-005,AR-10,10,Jujuy,5,SAN PEDRO,38,MIRAFLORES,1312,True,True,00038,San Pedro,1191,False
AR-10-005-39,AR-10-005,AR-10,10,Jujuy,5,SAN PEDRO,39,SAN ANTONIO,1640,True,True,00039,San Pedro,1108,False
AR-10-005-40,AR-10-005,AR-10,10,Jujuy,5,SAN PEDRO,40,RODEITO-CHAGUARAL,1259,True,True,00040,San Pedro,1694,False
AR-10-005-41,AR-10-005,AR-10,10,Jujuy,5,SAN PEDRO,41,SAN LUCAS-LOBATON,599,True,True,00041,San Pedro,310,False
AR-10-005-42A,AR-10-005,AR-10,10,Jujuy,5,SAN PEDRO,42A,SAN JUAN DE DIOS,603,True,True,0042A,San Pedro,521,False
AR-10-005-42B,AR-10-005,AR-10,10,Jujuy,5,SAN PEDRO,42B,ARROYO COLORADO,333,True,True,0042B,San Pedro,211,False
AR-10-005-43,AR-10-005,AR-10,10,Jujuy,5,SAN PEDRO,43,ARRAYANAL-LA CIENEGA-EL QUEMAD,1103,True,True,00043,San Pedro,948,False
AR-10-005-45,AR-10-005,AR-10,10,Jujuy,5,SAN PEDRO,45,LA MENDIETA,3944,True,True,00045,San Pedro,3884,False
AR-10-005-46,AR-10-005,AR-10,10,Jujuy,5,SAN PEDRO,46,BARRO NEGRO,1178,True,True,00046,San Pedro,1026,False
AR-10-006-48,AR-10-006,AR-10,10,Jujuy,6,SANTA BARBARA,48,SANTA CLARA,4204,True,True,00048,Santa Bárbara,4796,False
AR-10-006-49,AR-10-006,AR-10,10,Jujuy,6,SANTA BARBARA,49,EL FUERTE,690,True,True,00049,Santa Bárbara,677,False
AR-10-006-50,AR-10-006,AR-10,10,Jujuy,6,SANTA BARBARA,50,EL PIQUETE,2325,True,True,00050,Santa Bárbara,2305,False
AR-10-006-51A,AR-10-006,AR-10,10,Jujuy,6,SANTA BARBARA,51A,VINALITO,922,True,True,0051A,Santa Bárbara,919,False
AR-10-006-51B,AR-10-006,AR-10,10,Jujuy,6,SANTA BARBARA,51B,EL TALAR,2373,True,True,0051B,Santa Bárbara,2482,False
AR-10-006-52,AR-10-006,AR-10,10,Jujuy,6,SANTA BARBARA,52,PALMA SOLA,4013,True,True,00052,Santa Bárbara,4284,False
AR-10-007-53,AR-10-007,AR-10,10,Jujuy,7,LEDESMA,53,LIB.GRAL.SAN MARTIN,34747,True,True,00053,Ledesma,36792,False
AR-10-007-54,AR-10-007,AR-10,10,Jujuy,7,LEDESMA,54,PUEBLO LEDESMA,2160,True,True,00054,Ledesma,864,False
AR-10-007-57,AR-10-007,AR-10,10,Jujuy,7,LEDESMA,57,LA CANDELARIA,140,True,True,00057,Ledesma,95,False
AR-10-007-60,AR-10-007,AR-10,10,Jujuy,7,LEDESMA,60,MAIZ NEGRO,40,True,True,00060,Ledesma,24,False
AR-10-007-61,AR-10-007,AR-10,10,Jujuy,7,LEDESMA,61,LOTE PAULINA,194,True,True,00061,Ledesma,53,False
AR-10-007-64,AR-10-007,AR-10,10,Jujuy,7,LEDESMA,64,CALILEGUA,4766,True,True,00064,Ledesma,7248,False
AR-10-007-66,AR-10-007,AR-10,10,Jujuy,7,LEDESMA,66,FRAILE PINTADO,11045,True,True,00066,Ledesma,12088,False
AR-10-007-67,AR-10-007,AR-10,10,Jujuy,7,LEDESMA,67,CHALICAN,892,True,True,00067,Ledesma,1029,False
AR-10-007-69,AR-10-007,AR-10,10,Jujuy,7,LEDESMA,69,YUTO,6337,True,True,00069,Ledesma,6728,False
AR-10-007-70,AR-10-007,AR-10,10,Jujuy,7,LEDESMA,70,CAIMANCITO,4169,True,True,00070,Ledesma,4345,False
AR-10-008-71A,AR-10-008,AR-10,10,Jujuy,8,VALLE GRANDE,71A,PAMPICHUELA,309,True,True,0071A,Valle Grande,368,False
AR-10-008-71B,AR-10-008,AR-10,10,Jujuy,8,VALLE GRANDE,71B,SAN FRANCISCO,608,True,True,0071B,Valle Grande,674,False
AR-10-008-72,AR-10-008,AR-10,10,Jujuy,8,VALLE GRANDE,72,SAN LUCAS,58,True,True,00072,Valle Grande,54,False
AR-10-008-73A,AR-10-008,AR-10,10,Jujuy,8,VALLE GRANDE,73A,VALLE GRANDE (PUEBLO),691,True,True,0073A,Valle Grande,709,False
AR-10-008-73B,AR-10-008,AR-10,10,Jujuy,8,VALLE GRANDE,73B,ALTO CALILEGUA,27,True,True,0073B,Valle Grande,21,False
AR-10-008-74A,AR-10-008,AR-10,10,Jujuy,8,VALLE GRANDE,74A,SANTA ANA,451,True,True,0074A,Valle Grande,439,False
AR-10-008-74B,AR-10-008,AR-10,10,Jujuy,8,VALLE GRANDE,74B,VALLE COLORADO,226,True,True,0074B,Valle Grande,241,False
AR-10-008-75,AR-10-008,AR-10,10,Jujuy,8,VALLE GRANDE,75,CASPALA,326,True,True,00075,Valle Grande,400,False
AR-10-009-76,AR-10-009,AR-10,10,Jujuy,9,TUMBAYA,76,TUMBAYA (PUEBLO),860,True,True,00076,Tumbaya,947,False
AR-10-009-77,AR-10-009,AR-10,10,Jujuy,9,TUMBAYA,77,SAN BERNARDO,107,True,True,00077,Tumbaya,143,False
AR-10-009-78,AR-10-009,AR-10,10,Jujuy,9,TUMBAYA,78,VOLCAN,1810,True,True,00078,Tumbaya,1772,False
AR-10-009-79,AR-10-009,AR-10,10,Jujuy,9,TUMBAYA,79,PURMAMARCA,1222,True,True,00079,Tumbaya,1598,False
AR-10-009-80,AR-10-009,AR-10,10,Jujuy,9,TUMBAYA,80,LA CIENAGA,109,True,True,00080,Tumbaya,32,False
AR-10-009-81,AR-10-009,AR-10,10,Jujuy,9,TUMBAYA,81,COLORADOS,280,True,True,00081,Tumbaya,221,False
AR-10-009-82,AR-10-009,AR-10,10,Jujuy,9,TUMBAYA,82,EL MORENO,435,True,True,00082,Tumbaya,415,False
AR-10-010-83,AR-10-010,AR-10,10,Jujuy,10,TILCARA,83,TILCARA (PUEBLO),5044,True,True,00083,Tilcara,5807,False
AR-10-010-84A,AR-10-010,AR-10,10,Jujuy,10,TILCARA,84A,MOLULO,74,True,True,0084A,Tilcara,57,False
AR-10-010-84B,AR-10-010,AR-10,10,Jujuy,10,TILCARA,84B,EL DURAZNO,104,True,True,0084B,Tilcara,68,False
AR-10-010-85,AR-10-010,AR-10,10,Jujuy,10,TILCARA,85,ABRA MAYO,79,True,True,00085,Tilcara,35,False
AR-10-010-86,AR-10-010,AR-10,10,Jujuy,10,TILCARA,86,JUELLA,240,True,True,00086,Tilcara,235,False
AR-10-010-87,AR-10-010,AR-10,10,Jujuy,10,TILCARA,87,MAIMARA,3065,True,True,00087,Tilcara,3890,False
AR-10-010-88A,AR-10-010,AR-10,10,Jujuy,10,TILCARA,88A,HUACALERA,1301,True,True,0088A,Tilcara,1506,False
AR-10-010-88B,AR-10-010,AR-10,10,Jujuy,10,TILCARA,88B,YACORAITE Y SAN JOSE,324,True,True,0088B,Tilcara,289,False
AR-10-010-89,AR-10-010,AR-10,10,Jujuy,10,TILCARA,89,YALA DE MONTE CARMELO,36,True,True,00089,Tilcara,37,False
AR-10-011-90A,AR-10-011,AR-10,10,Jujuy,11,HUMAHUACA,90A,CIUDAD HUMAHUACA,8712,True,True,0090A,Humahuaca,10400,False
AR-10-011-90B,AR-10-011,AR-10,10,Jujuy,11,HUMAHUACA,90B,HORNADITAS,120,True,True,0090B,Humahuaca,138,False
AR-10-011-90C,AR-10-011,AR-10,10,Jujuy,11,HUMAHUACA,90C,CORAYA Y OVARA,29,True,True,0090C,Humahuaca,27,False
AR-10-011-91,AR-10-011,AR-10,10,Jujuy,11,HUMAHUACA,91,COCTACA,251,True,True,00091,Humahuaca,160,False
AR-10-011-92A,AR-10-011,AR-10,10,Jujuy,11,HUMAHUACA,92A,UQUIA,667,True,True,0092A,Humahuaca,734,False
AR-10-011-92B,AR-10-011,AR-10,10,Jujuy,11,HUMAHUACA,92B,CALETE,43,True,True,0092B,Humahuaca,42,False
AR-10-011-92C,AR-10-011,AR-10,10,Jujuy,11,HUMAHUACA,92C,OCUMAZO,63,True,True,0092C,Humahuaca,52,False
AR-10-011-93,AR-10-011,AR-10,10,Jujuy,11,HUMAHUACA,93,RODERO,120,True,True,00093,Humahuaca,93,False
AR-10-011-94,AR-10-011,AR-10,10,Jujuy,11,HUMAHUACA,94,NEGRA MUERTA,626,True,True,00094,Humahuaca,539,False
AR-10-011-95,AR-10-011,AR-10,10,Jujuy,11,HUMAHUACA,95,TRES CRUCES,425,True,True,00095,Humahuaca,382,False
AR-10-011-96A,AR-10-011,AR-10,10,Jujuy,11,HUMAHUACA,96A,PUEBLO VIEJO,195,True,True,0096A,Humahuaca,153,False
AR-10-011-96B,AR-10-011,AR-10,10,Jujuy,11,HUMAHUACA,96B,MIYUYOC,81,True,True,0096B,Humahuaca,97,False
AR-10-011-97,AR-10-011,AR-10,10,Jujuy,11,HUMAHUACA,97,EL AGUILAR,1811,True,True,00097,Humahuaca,1216,False
AR-10-011-98,AR-10-011,AR-10,10,Jujuy,11,HUMAHUACA,98,PALCA DE APARZO,713,True,True,00098,Humahuaca,695,False
AR-10-012-100A,AR-10-012,AR-10,10,Jujuy,12,COCHINOCA,100A,PUESTO DEL MARQUES,555,True,True,0100A,Cochinoca,595,False
AR-10-012-100B,AR-10-012,AR-10,10,Jujuy,12,COCHINOCA,100B,ARBOLITO NUEVO,33,True,True,0100B,Cochinoca,25,False
AR-10-012-101,AR-10-012,AR-10,10,Jujuy,12,COCHINOCA,101,COCHINOCA (PUEBLO),177,True,True,00101,Cochinoca,165,False
AR-10-012-102A,AR-10-012,AR-10,10,Jujuy,12,COCHINOCA,102A,AGUA CALIENTE-DONCELLAS,288,True,True,0102A,Cochinoca,208,False
AR-10-012-102B,AR-10-012,AR-10,10,Jujuy,12,COCHINOCA,102B,MUÑAYOC,131,True,True,0102B,Cochinoca,107,False
AR-10-012-103,AR-10-012,AR-10,10,Jujuy,12,COCHINOCA,103,MIRAFLORES DE CANDELARIA,99,True,True,00103,Cochinoca,74,False
AR-10-012-104,AR-10-012,AR-10,10,Jujuy,12,COCHINOCA,104,CASABINDO,221,True,True,00104,Cochinoca,201,False
AR-10-012-105,AR-10-012,AR-10,10,Jujuy,12,COCHINOCA,105,TUSAQUILLAS,269,True,True,00105,Cochinoca,268,False
AR-10-012-106A,AR-10-012,AR-10,10,Jujuy,12,COCHINOCA,106A,ABDON CASTRO TOLAY,438,True,True,0106A,Cochinoca,415,False
AR-10-012-106B,AR-10-012,AR-10,10,Jujuy,12,COCHINOCA,106B,RINCONADILLAS,408,True,True,0106B,Cochinoca,446,False
AR-10-012-107,AR-10-012,AR-10,10,Jujuy,12,COCHINOCA,107,ABRALAITE,436,True,True,00107,Cochinoca,412,False
AR-10-012-99A,AR-10-012,AR-10,10,Jujuy,12,COCHINOCA,99A,ABRA PAMPA,6892,True,True,0099A,Cochinoca,8245,False
AR-10-012-99B,AR-10-012,AR-10,10,Jujuy,12,COCHINOCA,99B,AGUA CHICA,33,True,True,0099B,Cochinoca,34,False
AR-10-013-108,AR-10-013,AR-10,10,Jujuy,13,RINCONADA,108,RINCONADA,627,True,True,00108,Rinconada,736,False
AR-10-013-109,AR-10-013,AR-10,10,Jujuy,13,RINCONADA,109,MINA PIRQUITAS,455,True,True,00109,Rinconada,332,False
AR-10-013-110,AR-10-013,AR-10,10,Jujuy,13,RINCONADA,110,OROSMAYO,198,True,True,00110,Rinconada,239,False
AR-10-013-111A,AR-10-013,AR-10,10,Jujuy,13,RINCONADA,111A,CIENEGO GRANDE,185,True,True,0111A,Rinconada,168,False
AR-10-013-111B,AR-10-013,AR-10,10,Jujuy,13,RINCONADA,111B,CARAHUASI,90,True,True,0111B,Rinconada,70,False
AR-10-014-112A,AR-10-014,AR-10,10,Jujuy,14,SANTA CATALINA,112A,SANTA CATALINA (PUEBLO),658,True,True,0112A,Santa Catalina,604,False
AR-10-014-112B,AR-10-014,AR-10,10,Jujuy,14,SANTA CATALINA,112B,EL ANGOSTO,106,True,True,0112B,Santa Catalina,92,False
AR-10-014-113,AR-10-014,AR-10,10,Jujuy,14,SANTA CATALINA,113,PUESTO GRANDE,44,True,True,00113,Santa Catalina,48,False
AR-10-014-114,AR-10-014,AR-10,10,Jujuy,14,SANTA CATALINA,114,CIENEGUILLAS,346,True,True,00114,Santa Catalina,363,False
AR-10-014-114A,AR-10-014,AR-10,10,Jujuy,14,SANTA CATALINA,114A,CASIRA,195,True,True,0114A,Santa Catalina,251,False
AR-10-014-115A,AR-10-014,AR-10,10,Jujuy,14,SANTA CATALINA,115A,ORATORIO,208,True,True,0115A,Santa Catalina,187,False
AR-10-014-115B,AR-10-014,AR-10,10,Jujuy,14,SANTA CATALINA,115B,LA CIENAGA,141,True,True,0115B,Santa Catalina,122,False
AR-10-014-116A,AR-10-014,AR-10,10,Jujuy,14,SANTA CATALINA,116A,OROS,124,True,True,0116A,Santa Catalina,144,False
AR-10-014-116B,AR-10-014,AR-10,10,Jujuy,14,SANTA CATALINA,116B,PAICONES,342,True,True,0116B,Santa Catalina,339,False
AR-10-014-116C,AR-10-014,AR-10,10,Jujuy,14,SANTA CATALINA,116C,CUSI-CUSI,378,True,True,0116C,Santa Catalina,316,False
AR-10-014-117,AR-10-014,AR-10,10,Jujuy,14,SANTA CATALINA,117,YOSCABA,96,True,True,00117,Santa Catalina,89,False
AR-10-015-118,AR-10-015,AR-10,10,Jujuy,15,YAVI,118,LA QUIACA,13590,True,True,00118,Yavi,15029,False
AR-10-015-119,AR-10-015,AR-10,10,Jujuy,15,YAVI,119,YAVI (PUEBLO),926,True,True,00119,Yavi,892,False
AR-10-015-120,AR-10-015,AR-10,10,Jujuy,15,YAVI,120,PUMAHUASI,971,True,True,00120,Yavi,881,False
AR-10-015-121,AR-10-015,AR-10,10,Jujuy,15,YAVI,121,CERRILLOS-ABRA COLORADA,51,True,True,00121,Yavi,86,False
AR-10-015-122,AR-10-015,AR-10,10,Jujuy,15,YAVI,122,BARRIOS,426,True,True,00122,Yavi,426,False
AR-10-015-123,AR-10-015,AR-10,10,Jujuy,15,YAVI,123,EL CONDOR,649,True,True,00123,Yavi,527,False
AR-10-015-124,AR-10-015,AR-10,10,Jujuy,15,YAVI,124,CANGREJILLOS,381,True,True,00124,Yavi,383,False
AR-10-016-125A,AR-10-016,AR-10,10,Jujuy,16,SUSQUES,125A,EL HUANCAR,304,True,True,0125A,Susques,313,False
AR-10-016-125B,AR-10-016,AR-10,10,Jujuy,16,SUSQUES,125B,OLAROZ CHICO,203,True,True,0125B,Susques,251,False
AR-10-016-126A,AR-10-016,AR-10,10,Jujuy,16,SUSQUES,126A,CORANZULI,523,True,True,0126A,Susques,471,False
AR-10-016-126B,AR-10-016,AR-10,10,Jujuy,16,SUSQUES,126B,SUSQUES (PUEBLO),1153,True,True,0126B,Susques,1388,False
AR-10-016-126C,AR-10-016,AR-10,10,Jujuy,16,SUSQUES,126C,EL TORO,200,True,True,0126C,Susques,206,False
AR-10-016-127A,AR-10-016,AR-10,10,Jujuy,16,SUSQUES,127A,SEY,289,True,True,0127A,Susques,296,False
AR-10-016-127B,AR-10-016,AR-10,10,Jujuy,16,SUSQUES,127B,CATUA,378,True,True,0127B,Susques,441,False
AR-11-001-1,AR-11-001,AR-11,11,La Pampa,1,ATREUCO,1,DOBLAS,1504,True,True,00001,Atreucó,1582,False
AR-11-001-2,AR-11-001,AR-11,11,La Pampa,1,ATREUCO,2,MACACHIN,4555,True,True,00002,Atreucó,4989,False
AR-11-001-3,AR-11-001,AR-11,11,La Pampa,1,ATREUCO,3,MIGUEL RIGLOS,2174,True,True,00003,Atreucó,2352,False
AR-11-001-4,AR-11-001,AR-11,11,La Pampa,1,ATREUCO,4,ROLON,659,True,True,00004,Atreucó,743,False
AR-11-001-5,AR-11-001,AR-11,11,La Pampa,1,ATREUCO,5,TOMAS M. ANCHORENA,388,True,True,00005,Atreucó,481,False
AR-11-002-10,AR-11-002,AR-11,11,La Pampa,2,CAPITAL,10,SANTA ROSA,48078,True,True,00010,Capital,50132,False
AR-11-002-6,AR-11-002,AR-11,11,La Pampa,2,CAPITAL,6,ANGUIL,1728,True,True,00006,Capital,1923,False
AR-11-002-9,AR-11-002,AR-11,11,La Pampa,2,CAPITAL,9,SANTA ROSA,42539,True,True,00009,Capital,44030,False
AR-11-003-11,AR-11-003,AR-11,11,La Pampa,3,CALEU CALEU,11,LA ADELA,1896,True,True,00011,Caleu Caleu,2237,False
AR-11-004-13,AR-11-004,AR-11,11,La Pampa,4,CATRILO,13,CATRILO,3818,True,True,00013,Catriló,4244,False
AR-11-004-14,AR-11-004,AR-11,11,La Pampa,4,CATRILO,14,LA GLORIA,56,True,True,00014,Catriló,79,False
AR-11-004-15,AR-11-004,AR-11,11,La Pampa,4,CATRILO,15,LONQUIMAY,1572,True,True,00015,Catriló,1704,False
AR-11-004-16,AR-11-004,AR-11,11,La Pampa,4,CATRILO,16,URIBURU,879,True,True,00016,Catriló,1030,False
AR-11-005-17,AR-11-005,AR-11,11,La Pampa,5,CHALILEO,17,EMILIO MITRE,29,True,True,00017,Chalileo,36,False
AR-11-005-18,AR-11-005,AR-11,11,La Pampa,5,CHALILEO,18,SANTA ISABEL,2487,True,True,00018,Chalileo,2695,False
AR-11-006-19,AR-11-006,AR-11,11,La Pampa,6,CHAPALEUFU,19,BERNARDO LARROUDE,1573,True,True,00019,Chapaleufú,1653,False
AR-11-006-19A,AR-11-006,AR-11,11,La Pampa,6,CHAPALEUFU,19A,SARAH,153,True,True,0019A,Chapaleufú,178,False
AR-11-006-20,AR-11-006,AR-11,11,La Pampa,6,CHAPALEUFU,20,CEBALLOS,344,True,True,00020,Chapaleufú,335,False
AR-11-006-21,AR-11-006,AR-11,11,La Pampa,6,CHAPALEUFU,21,CNEL. HILARIO LAGOS,678,True,True,00021,Chapaleufú,655,False
AR-11-006-22,AR-11-006,AR-11,11,La Pampa,6,CHAPALEUFU,22,INTENDENTE ALVEAR,7072,True,True,00022,Chapaleufú,7614,False
AR-11-006-23,AR-11-006,AR-11,11,La Pampa,6,CHAPALEUFU,23,VERTIZ,656,True,True,00023,Chapaleufú,644,False
AR-11-007-24,AR-11-007,AR-11,11,La Pampa,7,CHICAL-CO,24,ALG. DEL AGUILA,457,True,True,00024,Chical Có,568,False
AR-11-007-25,AR-11-007,AR-11,11,La Pampa,7,CHICAL-CO,25,LA HUMADA,816,True,True,00025,Chical Có,906,False
AR-11-008-26,AR-11-008,AR-11,11,La Pampa,8,CONHELO,26,CONELLO,510,True,True,00026,Conhelo,553,False
AR-11-008-27,AR-11-008,AR-11,11,La Pampa,8,CONHELO,27,EDO. CASTEX,8766,True,True,00027,Conhelo,8861,False
AR-11-008-28,AR-11-008,AR-11,11,La Pampa,8,CONHELO,28,MAURICIO MAYER,353,True,True,00028,Conhelo,361,False
AR-11-008-29,AR-11-008,AR-11,11,La Pampa,8,CONHELO,29,MONTE NIEVAS,532,True,True,00029,Conhelo,561,False
AR-11-008-30,AR-11-008,AR-11,11,La Pampa,8,CONHELO,30,RUCANELO,238,True,True,00030,Conhelo,239,False
AR-11-008-31,AR-11-008,AR-11,11,La Pampa,8,CONHELO,31,WINIFREDA,2464,True,True,00031,Conhelo,2575,False
AR-11-009-32,AR-11-009,AR-11,11,La Pampa,9,CURACO,32,GOB. DUVAL,294,True,True,00032,Curacó,351,False
AR-11-009-33,AR-11-009,AR-11,11,La Pampa,9,CURACO,33,PUELCHES,491,True,True,00033,Curacó,540,False
AR-11-010-34,AR-11-010,AR-11,11,La Pampa,10,GUATRACHE,34,ALPACHIRI,1880,True,True,00034,Guatraché,1909,False
AR-11-010-35,AR-11-010,AR-11,11,La Pampa,10,GUATRACHE,35,GRAL. CAMPOS,999,True,True,00035,Guatraché,1137,False
AR-11-010-36,AR-11-010,AR-11,11,La Pampa,10,GUATRACHE,36,GUATRACHE,4249,True,True,00036,Guatraché,4675,False
AR-11-010-37,AR-11-010,AR-11,11,La Pampa,10,GUATRACHE,37,PERU,55,True,True,00037,Guatraché,60,False
AR-11-010-38,AR-11-010,AR-11,11,La Pampa,10,GUATRACHE,38,SANTA TERESA,491,True,True,00038,Guatraché,527,False
AR-11-011-39,AR-11-011,AR-11,11,La Pampa,11,HUCAL,39,BERNASCONI,1621,True,True,00039,Hucal,1692,False
AR-11-011-39A,AR-11-011,AR-11,11,La Pampa,11,HUCAL,39A,ABRAMO,404,True,True,0039A,Hucal,406,False
AR-11-011-40,AR-11-011,AR-11,11,La Pampa,11,HUCAL,40,GRAL. SAN MARTIN,2486,True,True,00040,Hucal,2586,False
AR-11-011-42,AR-11-011,AR-11,11,La Pampa,11,HUCAL,42,JACINTO ARAUZ,2494,True,True,00042,Hucal,2543,False
AR-11-012-43,AR-11-012,AR-11,11,La Pampa,12,LOVENTUE,43,CARRO QUEMADO,337,True,True,00043,Loventué,380,False
AR-11-012-45,AR-11-012,AR-11,11,La Pampa,12,LOVENTUE,45,LOVENTUE,116,True,True,00045,Loventué,152,False
AR-11-012-46,AR-11-012,AR-11,11,La Pampa,12,LOVENTUE,46,LUAN TORO,648,True,True,00046,Loventué,656,False
AR-11-012-47,AR-11-012,AR-11,11,La Pampa,12,LOVENTUE,47,TELEN,1222,True,True,00047,Loventué,1305,False
AR-11-012-48,AR-11-012,AR-11,11,La Pampa,12,LOVENTUE,48,VICTORICA,5431,True,True,00048,Loventué,5678,False
AR-11-013-49,AR-11-013,AR-11,11,La Pampa,13,LIHUEL CALEL,49,CUCHILLO-CO,240,True,True,00049,Lihuel Calel,272,False
AR-11-014-53,AR-11-014,AR-11,11,La Pampa,14,LIMAY MAHUIDA,53,LA REFORMA,231,True,True,00053,Limay Mahuida,227,False
AR-11-014-54,AR-11-014,AR-11,11,La Pampa,14,LIMAY MAHUIDA,54,LIMAY MAHUIDA,160,True,True,00054,Limay Mahuida,158,False
AR-11-015-55,AR-11-015,AR-11,11,La Pampa,15,MARACO,55,AGUSTONI,325,True,True,00055,Maracó,337,False
AR-11-015-56,AR-11-015,AR-11,11,La Pampa,15,MARACO,56,DORILA,494,True,True,00056,Maracó,644,False
AR-11-015-57,AR-11-015,AR-11,11,La Pampa,15,MARACO,57,GRAL. PICO,21562,True,True,00057,Maracó,23486,False
AR-11-015-58,AR-11-015,AR-11,11,La Pampa,15,MARACO,58,GRAL. PICO,28581,True,True,00058,Maracó,29556,False
AR-11-015-59,AR-11-015,AR-11,11,La Pampa,15,MARACO,59,SPELUZZI,459,True,True,00059,Maracó,621,False
AR-11-015-60,AR-11-015,AR-11,11,La Pampa,15,MARACO,60,TREBOLARES,53,True,True,00060,Maracó,66,False
AR-11-016-61,AR-11-016,AR-11,11,La Pampa,16,PUELEN,61,25 DE MAYO,7372,True,True,00061,Puelén,8431,False
AR-11-016-62,AR-11-016,AR-11,11,La Pampa,16,PUELEN,62,PUELEN,634,True,True,00062,Puelén,649,False
AR-11-017-63,AR-11-017,AR-11,11,La Pampa,17,QUEMU QUEMU,63,COLONIA BARON,2654,True,True,00063,Quemú Quemú,2715,False
AR-11-017-64,AR-11-017,AR-11,11,La Pampa,17,QUEMU QUEMU,64,MIGUEL CANE,693,True,True,00064,Quemú Quemú,696,False
AR-11-017-65,AR-11-017,AR-11,11,La Pampa,17,QUEMU QUEMU,65,QUEMU QUEMU,3453,True,True,00065,Quemú Quemú,3594,False
AR-11-017-66,AR-11-017,AR-11,11,La Pampa,17,QUEMU QUEMU,66,RELMO,132,True,True,00066,Quemú Quemú,158,False
AR-11-017-67,AR-11-017,AR-11,11,La Pampa,17,QUEMU QUEMU,67,COLONIA SAN JOSE,41,True,True,00067,Quemú Quemú,46,False
AR-11-017-68,AR-11-017,AR-11,11,La Pampa,17,QUEMU QUEMU,68,VILLA MIRASOL,593,True,True,00068,Quemú Quemú,590,False
AR-11-018-69,AR-11-018,AR-11,11,La Pampa,18,RANCUL,69,CALEUFU,2030,True,True,00069,Rancul,2133,False
AR-11-018-70,AR-11-018,AR-11,11,La Pampa,18,RANCUL,70,CHAMAICO,7,True,True,00070,Rancul,6,False
AR-11-018-71,AR-11-018,AR-11,11,La Pampa,18,RANCUL,71,LA MARUJA,1261,True,True,00071,Rancul,1294,False
AR-11-018-72,AR-11-018,AR-11,11,La Pampa,18,RANCUL,72,PARERA,2045,True,True,00072,Rancul,2137,False
AR-11-018-73,AR-11-018,AR-11,11,La Pampa,18,RANCUL,73,PICHI HUINCA,216,True,True,00073,Rancul,255,False
AR-11-018-74,AR-11-018,AR-11,11,La Pampa,18,RANCUL,74,QUETREQUEN,383,True,True,00074,Rancul,438,False
AR-11-018-75,AR-11-018,AR-11,11,La Pampa,18,RANCUL,75,RANCUL,3207,True,True,00075,Rancul,3462,False
AR-11-019-76,AR-11-019,AR-11,11,La Pampa,19,REALICO,76,ADOLFO VAN PRAET,294,True,True,00076,Realicó,301,False
AR-11-019-77,AR-11-019,AR-11,11,La Pampa,19,REALICO,77,ALTA ITALIA,1306,True,True,00077,Realicó,1378,False
AR-11-019-78,AR-11-019,AR-11,11,La Pampa,19,REALICO,78,MAISONNAVE,270,True,True,00078,Realicó,335,False
AR-11-019-79,AR-11-019,AR-11,11,La Pampa,19,REALICO,79,EMB. MARTINI,1193,True,True,00079,Realicó,1262,False
AR-11-019-80,AR-11-019,AR-11,11,La Pampa,19,REALICO,80,FALUCHO,187,True,True,00080,Realicó,219,False
AR-11-019-81,AR-11-019,AR-11,11,La Pampa,19,REALICO,81,ING. LUIGGI,4220,True,True,00081,Realicó,4385,False
AR-11-019-82,AR-11-019,AR-11,11,La Pampa,19,REALICO,82,REALICO,6960,True,True,00082,Realicó,7361,False
AR-11-020-83,AR-11-020,AR-11,11,La Pampa,20,TOAY,83,SAN JOSE,1,True,True,00083,Toay,5,False
AR-11-020-84,AR-11-020,AR-11,11,La Pampa,20,TOAY,84,NAICO,11,True,True,00084,Toay,8,False
AR-11-020-85,AR-11-020,AR-11,11,La Pampa,20,TOAY,85,OF. ENRIQUE SEGURA,3,True,True,00085,Toay,4,False
AR-11-020-86,AR-11-020,AR-11,11,La Pampa,20,TOAY,86,TOAY,12268,True,True,00086,Toay,14906,False
AR-11-021-87,AR-11-021,AR-11,11,La Pampa,21,TRENEL,87,ARATA,1006,True,True,00087,Trenel,1067,False
AR-11-021-88,AR-11-021,AR-11,11,La Pampa,21,TRENEL,88,METILEO,488,True,True,00088,Trenel,601,False
AR-11-021-89,AR-11-021,AR-11,11,La Pampa,21,TRENEL,89,TRENEL,3260,True,True,00089,Trenel,3389,False
AR-11-022-90,AR-11-022,AR-11,11,La Pampa,22,UTRACAN,90,ATALIVA ROCA,699,True,True,00090,Utracán,821,False
AR-11-022-91,AR-11-022,AR-11,11,La Pampa,22,UTRACAN,91,COLONIA STA. MARIA,314,True,True,00091,Utracán,332,False
AR-11-022-92,AR-11-022,AR-11,11,La Pampa,22,UTRACAN,92,CHACHARRAMENDI,263,True,True,00092,Utracán,274,False
AR-11-022-93,AR-11-022,AR-11,11,La Pampa,22,UTRACAN,93,GRAL. ACHA,11653,True,True,00093,Utracán,12226,False
AR-11-022-94,AR-11-022,AR-11,11,La Pampa,22,UTRACAN,94,QUEHUE,479,True,True,00094,Utracán,506,False
AR-11-022-95,AR-11-022,AR-11,11,La Pampa,22,UTRACAN,95,UNANUE,119,True,True,00095,Utracán,124,False
AR-12-001-1A,AR-12-001,AR-12,12,La Rioja,1,CAPITAL,1A,MICROCENTRO,2620,True,True,0001A,Capital,2503,False
AR-12-001-1B,AR-12-001,AR-12,12,La Rioja,1,CAPITAL,1B,CENTRO ESTE,2100,True,True,0001B,Capital,2475,False
AR-12-001-1C,AR-12-001,AR-12,12,La Rioja,1,CAPITAL,1C,SAN MARTIN,4711,True,True,0001C,Capital,4759,False
AR-12-001-1D,AR-12-001,AR-12,12,La Rioja,1,CAPITAL,1D,SAN VICENTE,4533,True,True,0001D,Capital,4635,False
AR-12-001-1E,AR-12-001,AR-12,12,La Rioja,1,CAPITAL,1E,SAN ROMAN,1742,True,True,0001E,Capital,1794,False
AR-12-001-1F,AR-12-001,AR-12,12,La Rioja,1,CAPITAL,1F,CENTRO OESTE,1154,True,True,0001F,Capital,1123,False
AR-12-001-1G,AR-12-001,AR-12,12,La Rioja,1,CAPITAL,1G,CENTRO SUR,1869,True,True,0001G,Capital,1740,False
AR-12-001-1H,AR-12-001,AR-12,12,La Rioja,1,CAPITAL,1H,HOSPITAL,12585,True,True,0001H,Capital,15235,False
AR-12-001-1I,AR-12-001,AR-12,12,La Rioja,1,CAPITAL,1I,MATADERO,18927,True,True,0001I,Capital,17623,False
AR-12-001-1J,AR-12-001,AR-12,12,La Rioja,1,CAPITAL,1J,FERROVIARIO,1701,True,True,0001J,Capital,1553,False
AR-12-001-1K,AR-12-001,AR-12,12,La Rioja,1,CAPITAL,1K,SCHINCAL,2552,True,True,0001K,Capital,3369,False
AR-12-001-1L,AR-12-001,AR-12,12,La Rioja,1,CAPITAL,1L,EVITA,13542,True,True,0001L,Capital,14223,False
AR-12-001-1M,AR-12-001,AR-12,12,La Rioja,1,CAPITAL,1M,VARGAS,11197,True,True,0001M,Capital,11438,False
AR-12-001-1N,AR-12-001,AR-12,12,La Rioja,1,CAPITAL,1N,ANTARTIDA ARGENTINA,12857,True,True,0001N,Capital,14655,False
AR-12-001-1O,AR-12-001,AR-12,12,La Rioja,1,CAPITAL,1O,FACUNDO QUIROGA,2345,True,True,0001O,Capital,2253,False
AR-12-001-1P,AR-12-001,AR-12,12,La Rioja,1,CAPITAL,1P,FALDEO DEL VELAZCO SUR,24452,True,True,0001P,Capital,30453,False
AR-12-001-1Q,AR-12-001,AR-12,12,La Rioja,1,CAPITAL,1Q,TALAMUYUNA,128,True,True,0001Q,Capital,150,False
AR-12-001-1R,AR-12-001,AR-12,12,La Rioja,1,CAPITAL,1R,CEBOLLAR,42,True,True,0001R,Capital,51,False
AR-12-001-1S,AR-12-001,AR-12,12,La Rioja,1,CAPITAL,1S,SAN PEDRO,107,True,True,0001S,Capital,122,False
AR-12-001-1T,AR-12-001,AR-12,12,La Rioja,1,CAPITAL,1T,EL BARRIAL,186,True,True,0001T,Capital,190,False
AR-12-001-1U,AR-12-001,AR-12,12,La Rioja,1,CAPITAL,1U,LAS CATAS,128,True,True,0001U,Capital,137,False
AR-12-001-1V,AR-12-001,AR-12,12,La Rioja,1,CAPITAL,1V,LA RAMADITA,322,True,True,0001V,Capital,387,False
AR-12-001-1W,AR-12-001,AR-12,12,La Rioja,1,CAPITAL,1W,LA LATA,119,True,True,0001W,Capital,137,False
AR-12-001-1X,AR-12-001,AR-12,12,La Rioja,1,CAPITAL,1X,EL CANTADERO,49,True,True,0001X,Capital,50,False
AR-12-001-2A,AR-12-001,AR-12,12,La Rioja,1,CAPITAL,2A,4 DE JUNIO,9134,True,True,0002A,Capital,9718,False
AR-12-001-2B,AR-12-001,AR-12,12,La Rioja,1,CAPITAL,2B,LA QUEBRADA,3901,True,True,0002B,Capital,4495,False
AR-12-001-2C,AR-12-001,AR-12,12,La Rioja,1,CAPITAL,2C,COCHANGASTA,9562,True,True,0002C,Capital,9977,False
AR-12-001-2D,AR-12-001,AR-12,12,La Rioja,1,CAPITAL,2D,VIAL,7398,True,True,0002D,Capital,8666,False
AR-12-002-3,AR-12-002,AR-12,12,La Rioja,2,SANAGASTA,3,SANAGASTA,2721,True,True,00003,Sanagasta,3097,False
AR-12-003-4,AR-12-003,AR-12,12,La Rioja,3,CASTRO BARROS,4,AMINGA,879,True,True,00004,Castro Barros,1042,False
AR-12-003-5A,AR-12-003,AR-12,12,La Rioja,3,CASTRO BARROS,5A,ANILLACO,1618,True,True,0005A,Castro Barros,1865,False
AR-12-003-5B,AR-12-003,AR-12,12,La Rioja,3,CASTRO BARROS,5B,LOS MOLINOS,347,True,True,0005B,Castro Barros,373,False
AR-12-003-6A,AR-12-003,AR-12,12,La Rioja,3,CASTRO BARROS,6A,PINCHAS,425,True,True,0006A,Castro Barros,457,False
AR-12-003-6B,AR-12-003,AR-12,12,La Rioja,3,CASTRO BARROS,6B,LAS PEÑAS,160,True,True,0006B,Castro Barros,191,False
AR-12-003-7,AR-12-003,AR-12,12,La Rioja,3,CASTRO BARROS,7,CHUQUIS,237,True,True,00007,Castro Barros,238,False
AR-12-003-8A,AR-12-003,AR-12,12,La Rioja,3,CASTRO BARROS,8A,ANJULLON,490,True,True,0008A,Castro Barros,466,False
AR-12-003-8B,AR-12-003,AR-12,12,La Rioja,3,CASTRO BARROS,8B,SANTA VERA CRUZ,163,True,True,0008B,Castro Barros,179,False
AR-12-003-8C,AR-12-003,AR-12,12,La Rioja,3,CASTRO BARROS,8C,SAN PEDRO,296,True,True,0008C,Castro Barros,342,False
AR-12-004-10,AR-12-004,AR-12,12,La Rioja,4,ARAUCO,10,MACHIGASTA,1222,True,True,00010,Arauco,1294,False
AR-12-004-11A,AR-12-004,AR-12,12,La Rioja,4,ARAUCO,11A,ARAUCO,266,True,False,,,,False
AR-12-004-11B,AR-12-004,AR-12,12,La Rioja,4,ARAUCO,11B,UDPINANGO,19,True,False,,,,False
AR-12-004-12A,AR-12-004,AR-12,12,La Rioja,4,ARAUCO,12A,ESTACION MAZAN,292,True,False,,,,False
AR-12-004-12B,AR-12-004,AR-12,12,La Rioja,4,ARAUCO,12B,VILLA MAZAN,980,True,False,,,,False
AR-12-004-9A,AR-12-004,AR-12,12,La Rioja,4,ARAUCO,9A,AIMOGASTA,8985,True,True,0009A,Arauco,9897,False
AR-12-004-9B,AR-12-004,AR-12,12,La Rioja,4,ARAUCO,9B,BAÑADO DE LOS PANTANOS,381,True,True,0009B,Arauco,409,False
AR-12-005-13,AR-12-005,AR-12,12,La Rioja,5,SAN BLAS DE LOS SAUCES,13,SALICAS,623,True,True,00013,San Blas de los Sauces,655,False
AR-12-005-14A,AR-12-005,AR-12,12,La Rioja,5,SAN BLAS DE LOS SAUCES,14A,ALPASINCHE,321,True,False,,,,False
AR-12-005-14B,AR-12-005,AR-12,12,La Rioja,5,SAN BLAS DE LOS SAUCES,14B,CHAUPIHUASI,197,True,False,,,,False
AR-12-005-15,AR-12-005,AR-12,12,La Rioja,5,SAN BLAS DE LOS SAUCES,15,SAN BLAS,1043,True,True,00015,San Blas de los Sauces,1176,False
AR-12-005-16A,AR-12-005,AR-12,12,La Rioja,5,SAN BLAS DE LOS SAUCES,16A,SCHAQUI,523,True,False,,,,False
AR-12-005-16B,AR-12-005,AR-12,12,La Rioja,5,SAN BLAS DE LOS SAUCES,16B,CUIPAN,331,True,False,,,,False
AR-12-005-17,AR-12-005,AR-12,12,La Rioja,5,SAN BLAS DE LOS SAUCES,17,SURIYACO,234,True,True,00017,San Blas de los Sauces,255,False
AR-12-006-18A,AR-12-006,AR-12,12,La Rioja,6,CHILECITO,18A,CHILECITO,24292,True,True,0018A,Chilecito,26510,False
AR-12-006-18B,AR-12-006,AR-12,12,La Rioja,6,CHILECITO,18B,SANTA FLORENTINA,101,True,True,0018B,Chilecito,133,False
AR-12-006-19,AR-12-006,AR-12,12,La Rioja,6,CHILECITO,19,SAN MIGUEL,639,True,True,00019,Chilecito,777,False
AR-12-006-20,AR-12-006,AR-12,12,La Rioja,6,CHILECITO,20,LOS SARMIENTOS,1453,True,True,00020,Chilecito,1447,False
AR-12-006-21,AR-12-006,AR-12,12,La Rioja,6,CHILECITO,21,ANGUINAN,1442,True,True,00021,Chilecito,1595,False
AR-12-006-22A,AR-12-006,AR-12,12,La Rioja,6,CHILECITO,22A,MALLIGASTA,1902,True,True,0022A,Chilecito,2191,False
AR-12-006-22B,AR-12-006,AR-12,12,La Rioja,6,CHILECITO,22B,TILIMUQUI,265,True,True,0022B,Chilecito,307,False
AR-12-006-23A,AR-12-006,AR-12,12,La Rioja,6,CHILECITO,23A,SAÑOGASTA,1502,True,True,0023A,Chilecito,1592,False
AR-12-006-23B,AR-12-006,AR-12,12,La Rioja,6,CHILECITO,23B,MIRANDA,172,True,True,0023B,Chilecito,185,False
AR-12-006-23C,AR-12-006,AR-12,12,La Rioja,6,CHILECITO,23C,GUANCHIN,181,True,True,0023C,Chilecito,199,False
AR-12-006-24,AR-12-006,AR-12,12,La Rioja,6,CHILECITO,24,VICHIGASTA,2376,True,True,00024,Chilecito,2896,False
AR-12-006-25,AR-12-006,AR-12,12,La Rioja,6,CHILECITO,25,NONOGASTA,5422,True,True,00025,Chilecito,6135,False
AR-12-007-26,AR-12-007,AR-12,12,La Rioja,7,FAMATINA,26,FAMATINA,2545,True,True,00026,Famatina,2746,False
AR-12-007-27,AR-12-007,AR-12,12,La Rioja,7,FAMATINA,27,CARRIZAL,324,True,True,00027,Famatina,268,False
AR-12-007-28A,AR-12-007,AR-12,12,La Rioja,7,FAMATINA,28A,CAMPANA,815,True,True,0028A,Famatina,860,False
AR-12-007-28B,AR-12-007,AR-12,12,La Rioja,7,FAMATINA,28B,SANTA CRUZ,305,True,True,0028B,Famatina,314,False
AR-12-007-28C,AR-12-007,AR-12,12,La Rioja,7,FAMATINA,28C,ANGULOS,91,True,True,0028C,Famatina,100,False
AR-12-007-28D,AR-12-007,AR-12,12,La Rioja,7,FAMATINA,28D,CHAÑARMUYO,240,True,True,0028D,Famatina,252,False
AR-12-007-29A,AR-12-007,AR-12,12,La Rioja,7,FAMATINA,29A,PITUIL,746,True,True,0029A,Famatina,811,False
AR-12-007-29B,AR-12-007,AR-12,12,La Rioja,7,FAMATINA,29B,ANTINACO,93,True,True,0029B,Famatina,100,False
AR-12-008-30A,AR-12-008,AR-12,12,La Rioja,8,CNEL. FELIPE VARELA,30A,VILLA UNION,4222,True,True,0030A,Coronel Felipe Varela,4276,False
AR-12-008-30B,AR-12-008,AR-12,12,La Rioja,8,CNEL. FELIPE VARELA,30B,BANDA FLORIDA,375,True,True,0030B,Coronel Felipe Varela,359,False
AR-12-008-30C,AR-12-008,AR-12,12,La Rioja,8,CNEL. FELIPE VARELA,30C,LOS PALACIOS,442,True,True,0030C,Coronel Felipe Varela,417,False
AR-12-008-31A,AR-12-008,AR-12,12,La Rioja,8,CNEL. FELIPE VARELA,31A,PAGANCILLO,791,True,True,0031A,Coronel Felipe Varela,812,False
AR-12-008-31B,AR-12-008,AR-12,12,La Rioja,8,CNEL. FELIPE VARELA,31B,AICUÑA,259,True,True,0031B,Coronel Felipe Varela,272,False
AR-12-008-31C,AR-12-008,AR-12,12,La Rioja,8,CNEL. FELIPE VARELA,31C,LOS TAMBILLOS,88,True,True,0031C,Coronel Felipe Varela,104,False
AR-12-008-31D,AR-12-008,AR-12,12,La Rioja,8,CNEL. FELIPE VARELA,31D,EL CARDON,50,True,True,0031D,Coronel Felipe Varela,54,False
AR-12-008-31E,AR-12-008,AR-12,12,La Rioja,8,CNEL. FELIPE VARELA,31E,LOS PATILLOS,8,True,True,0031E,Coronel Felipe Varela,10,False
AR-12-008-32,AR-12-008,AR-12,12,La Rioja,8,CNEL. FELIPE VARELA,32,GUANDACOL,2254,True,True,00032,Coronel Felipe Varela,2421,False
AR-12-008-32A,AR-12-008,AR-12,12,La Rioja,8,CNEL. FELIPE VARELA,32A,SANTA CLARA,303,True,True,0032A,Coronel Felipe Varela,324,False
AR-12-008-32B,AR-12-008,AR-12,12,La Rioja,8,CNEL. FELIPE VARELA,32B,EL ZAPALLAR,9,True,True,0032B,Coronel Felipe Varela,11,False
AR-12-009-33,AR-12-009,AR-12,12,La Rioja,9,GRAL. LAMADRID,33,VILLA CASTELLI,1591,True,True,00033,General Lamadrid,1782,False
AR-12-010-34A,AR-12-010,AR-12,12,La Rioja,10,VINCHINA,34A,VINCHINA,2081,True,True,0034A,Vinchina,2162,False
AR-12-010-34B,AR-12-010,AR-12,12,La Rioja,10,VINCHINA,34B,VALLE HERMOSO,31,True,True,0034B,Vinchina,33,False
AR-12-010-35A,AR-12-010,AR-12,12,La Rioja,10,VINCHINA,35A,JAGUE,241,True,True,0035A,Vinchina,230,False
AR-12-010-35B,AR-12-010,AR-12,12,La Rioja,10,VINCHINA,35B,POTRERO GRANDE,25,True,True,0035B,Vinchina,26,False
AR-12-011-36,AR-12-011,AR-12,12,La Rioja,11,INDEPENDENCIA,36,PATQUIA,1952,True,True,00036,Independencia,2247,False
AR-12-011-37A,AR-12-011,AR-12,12,La Rioja,11,INDEPENDENCIA,37A,AMANA,195,True,True,0037A,Independencia,181,False
AR-12-011-37B,AR-12-011,AR-12,12,La Rioja,11,INDEPENDENCIA,37B,LA TORRE,92,True,True,0037B,Independencia,84,False
AR-12-012-38A,AR-12-012,AR-12,12,La Rioja,12,CHAMICAL,38A,CHAMICAL,11968,True,True,0038A,Chamical,12444,False
AR-12-012-38B,AR-12-012,AR-12,12,La Rioja,12,CHAMICAL,38B,EL RETAMO,19,True,True,0038B,Chamical,23,False
AR-12-012-39,AR-12-012,AR-12,12,La Rioja,12,CHAMICAL,39,BELLA VISTA,198,True,True,00039,Chamical,187,False
AR-12-012-40A,AR-12-012,AR-12,12,La Rioja,12,CHAMICAL,40A,SANTA RITA DE LA ZANJA,26,True,True,0040A,Chamical,20,False
AR-12-012-40B,AR-12-012,AR-12,12,La Rioja,12,CHAMICAL,40B,ESQUINA DEL NORTE,33,True,True,0040B,Chamical,32,False
AR-12-013-41A,AR-12-013,AR-12,12,La Rioja,13,ANGEL VICENTE PEÑALOZA,41A,TAMA,1304,True,True,0041A,Ángel Vicente Peñaloza,1475,False
AR-12-013-41B,AR-12-013,AR-12,12,La Rioja,13,ANGEL VICENTE PEÑALOZA,41B,PUNTA DE LOS LLANOS,457,True,True,0041B,Ángel Vicente Peñaloza,481,False
AR-12-013-41C,AR-12-013,AR-12,12,La Rioja,13,ANGEL VICENTE PEÑALOZA,41C,ALCAZAR,134,True,True,0041C,Ángel Vicente Peñaloza,135,False
AR-12-013-41D,AR-12-013,AR-12,12,La Rioja,13,ANGEL VICENTE PEÑALOZA,41D,TUIZON,105,True,True,0041D,Ángel Vicente Peñaloza,109,False
AR-12-013-41E,AR-12-013,AR-12,12,La Rioja,13,ANGEL VICENTE PEÑALOZA,41E,CARRIZAL,150,True,True,0041E,Ángel Vicente Peñaloza,147,False
AR-12-013-41F,AR-12-013,AR-12,12,La Rioja,13,ANGEL VICENTE PEÑALOZA,41F,SAN RAMON,92,True,True,0041F,Ángel Vicente Peñaloza,95,False
AR-12-013-41G,AR-12-013,AR-12,12,La Rioja,13,ANGEL VICENTE PEÑALOZA,41G,SIERRA DE LOS QUINTEROS,75,True,True,0041G,Ángel Vicente Peñaloza,75,False
AR-12-013-41H,AR-12-013,AR-12,12,La Rioja,13,ANGEL VICENTE PEÑALOZA,41H,CHILA,147,True,True,0041H,Ángel Vicente Peñaloza,154,False
AR-12-014-42,AR-12-014,AR-12,12,La Rioja,14,GRAL. BELGRANO,42,OLTA,5064,True,True,00042,General Belgrano,5302,False
AR-12-014-43,AR-12-014,AR-12,12,La Rioja,14,GRAL. BELGRANO,43,TALVA,207,True,True,00043,General Belgrano,199,False
AR-12-014-44,AR-12-014,AR-12,12,La Rioja,14,GRAL. BELGRANO,44,CORTADERAS,257,True,True,00044,General Belgrano,250,False
AR-12-014-45A,AR-12-014,AR-12,12,La Rioja,14,GRAL. BELGRANO,45A,CHAÑAR,847,True,True,0045A,General Belgrano,846,False
AR-12-014-45B,AR-12-014,AR-12,12,La Rioja,14,GRAL. BELGRANO,45B,SIMBOLAR,76,True,True,0045B,General Belgrano,67,False
AR-12-014-46,AR-12-014,AR-12,12,La Rioja,14,GRAL. BELGRANO,46,ESTACION CASTRO BARROS,94,True,True,00046,General Belgrano,79,False
AR-12-015-47A,AR-12-015,AR-12,12,La Rioja,15,JUAN FACUNDO QUIROGA,47A,MALANZAN,1304,True,True,0047A,General Juan Facundo Quiroga,1397,False
AR-12-015-47B,AR-12-015,AR-12,12,La Rioja,15,JUAN FACUNDO QUIROGA,47B,TUANI,87,True,True,0047B,General Juan Facundo Quiroga,71,False
AR-12-015-48A,AR-12-015,AR-12,12,La Rioja,15,JUAN FACUNDO QUIROGA,48A,SOLCA,278,True,True,0048A,General Juan Facundo Quiroga,248,False
AR-12-015-48B,AR-12-015,AR-12,12,La Rioja,15,JUAN FACUNDO QUIROGA,48B,NACATE,410,True,True,0048B,General Juan Facundo Quiroga,399,False
AR-12-015-49A,AR-12-015,AR-12,12,La Rioja,15,JUAN FACUNDO QUIROGA,49A,EL POTRERO,120,True,True,0049A,General Juan Facundo Quiroga,129,False
AR-12-015-49B,AR-12-015,AR-12,12,La Rioja,15,JUAN FACUNDO QUIROGA,49B,EL RETAMAL,19,True,True,0049B,General Juan Facundo Quiroga,15,False
AR-12-015-49C,AR-12-015,AR-12,12,La Rioja,15,JUAN FACUNDO QUIROGA,49C,SALANA,43,True,True,0049C,General Juan Facundo Quiroga,49,False
AR-12-015-49D,AR-12-015,AR-12,12,La Rioja,15,JUAN FACUNDO QUIROGA,49D,PORTEZUELO,957,True,True,0049D,General Juan Facundo Quiroga,1013,False
AR-12-015-50,AR-12-015,AR-12,12,La Rioja,15,JUAN FACUNDO QUIROGA,50,SAN ANTONIO,186,True,True,00050,General Juan Facundo Quiroga,170,False
AR-12-016-51A,AR-12-016,AR-12,12,La Rioja,16,GRAL.ORTIZ DE OCAMPO,51A,CATUNA,1972,True,True,0051A,General Ortiz de Ocampo,2154,False
AR-12-016-51B,AR-12-016,AR-12,12,La Rioja,16,GRAL.ORTIZ DE OCAMPO,51B,EL QUEMADO,185,True,True,0051B,General Ortiz de Ocampo,219,False
AR-12-016-52A,AR-12-016,AR-12,12,La Rioja,16,GRAL.ORTIZ DE OCAMPO,52A,MILAGRO,3394,True,True,0052A,General Ortiz de Ocampo,3632,False
AR-12-016-52B,AR-12-016,AR-12,12,La Rioja,16,GRAL.ORTIZ DE OCAMPO,52B,LA ISLA,11,True,True,0052B,General Ortiz de Ocampo,11,False
AR-12-016-53,AR-12-016,AR-12,12,La Rioja,16,GRAL.ORTIZ DE OCAMPO,53,AMBIL,225,True,True,00053,General Ortiz de Ocampo,250,False
AR-12-016-54A,AR-12-016,AR-12,12,La Rioja,16,GRAL.ORTIZ DE OCAMPO,54A,OLPAS,288,True,True,0054A,General Ortiz de Ocampo,316,False
AR-12-016-54B,AR-12-016,AR-12,12,La Rioja,16,GRAL.ORTIZ DE OCAMPO,54B,LOS AGUIRRES,159,True,True,0054B,General Ortiz de Ocampo,154,False
AR-12-017-55A,AR-12-017,AR-12,12,La Rioja,17,ROSARIO VERA PEÑALOZA,55A,CHEPES,9959,True,True,0055A,Rosario Vera Peñaloza,11593,False
AR-12-017-55B,AR-12-017,AR-12,12,La Rioja,17,ROSARIO VERA PEÑALOZA,55B,MASCASIN,111,True,True,0055B,Rosario Vera Peñaloza,98,False
AR-12-017-55C,AR-12-017,AR-12,12,La Rioja,17,ROSARIO VERA PEÑALOZA,55C,ÑOQUEVES,194,True,True,0055C,Rosario Vera Peñaloza,184,False
AR-12-017-55D,AR-12-017,AR-12,12,La Rioja,17,ROSARIO VERA PEÑALOZA,55D,LA LAGUNA,45,True,True,0055D,Rosario Vera Peñaloza,38,False
AR-12-017-55E,AR-12-017,AR-12,12,La Rioja,17,ROSARIO VERA PEÑALOZA,55E,VALLE HERMOSO,97,True,True,0055E,Rosario Vera Peñaloza,83,False
AR-12-017-56A,AR-12-017,AR-12,12,La Rioja,17,ROSARIO VERA PEÑALOZA,56A,SAN ISIDRO,146,True,True,0056A,Rosario Vera Peñaloza,135,False
AR-12-017-56B,AR-12-017,AR-12,12,La Rioja,17,ROSARIO VERA PEÑALOZA,56B,EL TOTORAL,284,True,True,0056B,Rosario Vera Peñaloza,253,False
AR-12-017-56C,AR-12-017,AR-12,12,La Rioja,17,ROSARIO VERA PEÑALOZA,56C,EL DIVISADERO,199,True,True,0056C,Rosario Vera Peñaloza,152,False
AR-12-017-57A,AR-12-017,AR-12,12,La Rioja,17,ROSARIO VERA PEÑALOZA,57A,DESIDERIO TELLO,621,True,True,0057A,Rosario Vera Peñaloza,597,False
AR-12-017-57B,AR-12-017,AR-12,12,La Rioja,17,ROSARIO VERA PEÑALOZA,57B,CHELCOS,140,True,True,0057B,Rosario Vera Peñaloza,129,False
AR-12-017-58A,AR-12-017,AR-12,12,La Rioja,17,ROSARIO VERA PEÑALOZA,58A,EL TALA,137,True,True,0058A,Rosario Vera Peñaloza,145,False
AR-12-017-58B,AR-12-017,AR-12,12,La Rioja,17,ROSARIO VERA PEÑALOZA,58B,LA JARILLA,88,True,True,0058B,Rosario Vera Peñaloza,87,False
AR-12-017-59,AR-12-017,AR-12,12,La Rioja,17,ROSARIO VERA PEÑALOZA,59,VILLA CASANA,300,True,True,00059,Rosario Vera Peñaloza,270,False
AR-12-018-60,AR-12-018,AR-12,12,La Rioja,18,GRAL. SAN MARTIN,60,ULAPES,2845,True,True,00060,General San Martín,3166,False
AR-12-018-61A,AR-12-018,AR-12,12,La Rioja,18,GRAL. SAN MARTIN,61A,BAJO HONDO,64,True,True,0061A,General San Martín,61,False
AR-12-018-61B,AR-12-018,AR-12,12,La Rioja,18,GRAL. SAN MARTIN,61B,AGUAYO,165,True,True,0061B,General San Martín,157,False
AR-12-018-61C,AR-12-018,AR-12,12,La Rioja,18,GRAL. SAN MARTIN,61C,SAN SOLANO,168,True,True,0061C,General San Martín,162,False
AR-12-018-61D,AR-12-018,AR-12,12,La Rioja,18,GRAL. SAN MARTIN,61D,CUATRO ESQUINAS,117,True,True,0061D,General San Martín,116,False
AR-12-018-62A,AR-12-018,AR-12,12,La Rioja,18,GRAL. SAN MARTIN,62A,CORRAL DE ISAAC,166,True,True,0062A,General San Martín,165,False
AR-12-018-62B,AR-12-018,AR-12,12,La Rioja,18,GRAL. SAN MARTIN,62B,SAN RAFAEL,48,True,True,0062B,General San Martín,52,False
AR-12-018-62C,AR-12-018,AR-12,12,La Rioja,18,GRAL. SAN MARTIN,62C,PUESTO DICHOSO,78,True,True,0062C,General San Martín,85,False
AR-12-018-62D,AR-12-018,AR-12,12,La Rioja,18,GRAL. SAN MARTIN,62D,EL BALDE,57,True,True,0062D,General San Martín,49,False
AR-12-018-62E,AR-12-018,AR-12,12,La Rioja,18,GRAL. SAN MARTIN,62E,VILLA NIDIA,202,True,True,0062E,General San Martín,197,False
AR-13-001-1,AR-13-001,AR-13,13,Mendoza,1,CAPITAL,1,CIUDAD DE MENDOZA,4117,True,True,00001,Capital,4057,False
AR-13-001-10,AR-13-001,AR-13,13,Mendoza,1,CAPITAL,10,CIUDAD DE MENDOZA,1566,True,True,00010,Capital,1524,False
AR-13-001-11,AR-13-001,AR-13,13,Mendoza,1,CAPITAL,11,CIUDAD DE MENDOZA,898,True,True,00011,Capital,865,False
AR-13-001-12,AR-13-001,AR-13,13,Mendoza,1,CAPITAL,12,CIUDAD DE MENDOZA,1293,True,True,00012,Capital,1329,False
AR-13-001-13,AR-13-001,AR-13,13,Mendoza,1,CAPITAL,13,CIUDAD DE MENDOZA,1716,True,True,00013,Capital,1671,False
AR-13-001-14,AR-13-001,AR-13,13,Mendoza,1,CAPITAL,14,CIUDAD DE MENDOZA,5566,True,True,00014,Capital,5413,False
AR-13-001-15,AR-13-001,AR-13,13,Mendoza,1,CAPITAL,15,CIUDAD DE MENDOZA,1870,True,True,00015,Capital,1733,False
AR-13-001-16,AR-13-001,AR-13,13,Mendoza,1,CAPITAL,16,CIUDAD DE MENDOZA,1348,True,True,00016,Capital,1358,False
AR-13-001-17,AR-13-001,AR-13,13,Mendoza,1,CAPITAL,17,CIUDAD DE MENDOZA,5665,True,True,00017,Capital,5564,False
AR-13-001-18,AR-13-001,AR-13,13,Mendoza,1,CAPITAL,18,CIUDAD DE MENDOZA,5946,True,True,00018,Capital,5873,False
AR-13-001-18A,AR-13-001,AR-13,13,Mendoza,1,CAPITAL,18A,BARRIO SAN MARTIN,9031,True,True,0018A,Capital,8937,False
AR-13-001-18B,AR-13-001,AR-13,13,Mendoza,1,CAPITAL,18B,BO SANIDAD,4804,True,True,0018B,Capital,5345,False
AR-13-001-19,AR-13-001,AR-13,13,Mendoza,1,CAPITAL,19,CIUDAD DE MENDOZA,7778,True,True,00019,Capital,8152,False
AR-13-001-2,AR-13-001,AR-13,13,Mendoza,1,CAPITAL,2,CIUDAD DE MENDOZA,2063,True,True,00002,Capital,2022,False
AR-13-001-20,AR-13-001,AR-13,13,Mendoza,1,CAPITAL,20,CIUDAD DE MENDOZA,6485,True,True,00020,Capital,6628,False
AR-13-001-21,AR-13-001,AR-13,13,Mendoza,1,CAPITAL,21,CIUDAD DE MENDOZA,2132,True,True,00021,Capital,2056,False
AR-13-001-22,AR-13-001,AR-13,13,Mendoza,1,CAPITAL,22,CIUDAD DE MENDOZA,2735,True,True,00022,Capital,2633,False
AR-13-001-22A,AR-13-001,AR-13,13,Mendoza,1,CAPITAL,22A,LA FAVORITA,8480,True,True,0022A,Capital,9920,False
AR-13-001-23,AR-13-001,AR-13,13,Mendoza,1,CAPITAL,23,CIUDAD DE MENDOZA,2093,True,True,00023,Capital,2015,False
AR-13-001-24,AR-13-001,AR-13,13,Mendoza,1,CAPITAL,24,CIUDAD DE MENDOZA,5071,True,True,00024,Capital,4934,False
AR-13-001-3,AR-13-001,AR-13,13,Mendoza,1,CAPITAL,3,CIUDAD DE MENDOZA,1574,True,True,00003,Capital,1541,False
AR-13-001-4,AR-13-001,AR-13,13,Mendoza,1,CAPITAL,4,CIUDAD DE MENDOZA,2451,True,True,00004,Capital,2377,False
AR-13-001-5,AR-13-001,AR-13,13,Mendoza,1,CAPITAL,5,CIUDAD DE MENDOZA,3155,True,True,00005,Capital,3084,False
AR-13-001-6,AR-13-001,AR-13,13,Mendoza,1,CAPITAL,6,CIUDAD DE MENDOZA,4487,True,True,00006,Capital,4417,False
AR-13-001-7,AR-13-001,AR-13,13,Mendoza,1,CAPITAL,7,CIUDAD DE MENDOZA,2954,True,True,00007,Capital,2801,False
AR-13-001-8,AR-13-001,AR-13,13,Mendoza,1,CAPITAL,8,CIUDAD DE MENDOZA,2260,True,True,00008,Capital,2139,False
AR-13-001-9,AR-13-001,AR-13,13,Mendoza,1,CAPITAL,9,CIUDAD DE MENDOZA,2032,True,True,00009,Capital,2047,False
AR-13-002-25,AR-13-002,AR-13,13,Mendoza,2,GODOY CRUZ,25,CIUDAD DE GODOY CRUZ,12240,True,True,00025,Godoy Cruz,12196,False
AR-13-002-25A,AR-13-002,AR-13,13,Mendoza,2,GODOY CRUZ,25A,CIUDAD DE GODOY CRUZ,8405,True,True,0025A,Godoy Cruz,8390,False
AR-13-002-25B,AR-13-002,AR-13,13,Mendoza,2,GODOY CRUZ,25B,VILLA MARINI,3953,True,True,0025B,Godoy Cruz,3865,False
AR-13-002-26,AR-13-002,AR-13,13,Mendoza,2,GODOY CRUZ,26,VILLA HIPODROMO,17029,True,True,00026,Godoy Cruz,17075,False
AR-13-002-26A,AR-13-002,AR-13,13,Mendoza,2,GODOY CRUZ,26A,VILLA DEL PARQUE,30660,True,True,0026A,Godoy Cruz,31122,False
AR-13-002-27,AR-13-002,AR-13,13,Mendoza,2,GODOY CRUZ,27,TRAPICHE,38476,True,True,00027,Godoy Cruz,40356,False
AR-13-002-27A,AR-13-002,AR-13,13,Mendoza,2,GODOY CRUZ,27A,GOBERNADOR BENEGAS,7215,True,True,0027A,Godoy Cruz,7063,False
AR-13-002-27B,AR-13-002,AR-13,13,Mendoza,2,GODOY CRUZ,27B,LAS TORTUGAS,29415,True,True,0027B,Godoy Cruz,30231,False
AR-13-002-28,AR-13-002,AR-13,13,Mendoza,2,GODOY CRUZ,28,SAN FRANCISCO DEL MONTE,9563,True,True,00028,Godoy Cruz,9485,False
AR-13-003-29,AR-13-003,AR-13,13,Mendoza,3,GUAYMALLEN,29,SAN JOSE,17741,True,True,00029,Guaymallén,17224,False
AR-13-003-29A,AR-13-003,AR-13,13,Mendoza,3,GUAYMALLEN,29A,DORREGO,25615,True,True,0029A,Guaymallén,24576,False
AR-13-003-30,AR-13-003,AR-13,13,Mendoza,3,GUAYMALLEN,30,NUEVA CIUDAD,20483,True,True,00030,Guaymallén,22452,False
AR-13-003-30A,AR-13-003,AR-13,13,Mendoza,3,GUAYMALLEN,30A,AVELLANEDA OESTE,15413,True,True,0030A,Guaymallén,15294,False
AR-13-003-30B,AR-13-003,AR-13,13,Mendoza,3,GUAYMALLEN,30B,AVELLANEDA ESTE,13433,True,True,0030B,Guaymallén,13200,False
AR-13-003-30C,AR-13-003,AR-13,13,Mendoza,3,GUAYMALLEN,30C,CAPILLA DEL ROSARIO,21065,True,True,0030C,Guaymallén,22189,False
AR-13-003-30D,AR-13-003,AR-13,13,Mendoza,3,GUAYMALLEN,30D,HIGUERITA,17207,True,True,0030D,Guaymallén,18352,False
AR-13-003-30E,AR-13-003,AR-13,13,Mendoza,3,GUAYMALLEN,30E,LA CAÑADITA,22346,True,True,0030E,Guaymallén,22706,False
AR-13-003-31,AR-13-003,AR-13,13,Mendoza,3,GUAYMALLEN,31,EL BERMEJO,15728,True,True,00031,Guaymallén,17702,False
AR-13-003-31A,AR-13-003,AR-13,13,Mendoza,3,GUAYMALLEN,31A,EL SAUCE,5280,True,True,0031A,Guaymallén,5905,False
AR-13-003-31B,AR-13-003,AR-13,13,Mendoza,3,GUAYMALLEN,31B,COLONIA SEGOVIA,4911,True,True,0031B,Guaymallén,5741,False
AR-13-003-32,AR-13-003,AR-13,13,Mendoza,3,GUAYMALLEN,32,RODEO DE LA CRUZ,27229,True,True,00032,Guaymallén,29748,False
AR-13-003-32A,AR-13-003,AR-13,13,Mendoza,3,GUAYMALLEN,32A,KILOMETRO 8,2101,True,True,0032A,Guaymallén,2326,False
AR-13-003-33,AR-13-003,AR-13,13,Mendoza,3,GUAYMALLEN,33,LOS CORRALITOS,15788,True,True,00033,Guaymallén,19186,False
AR-13-004-34,AR-13-004,AR-13,13,Mendoza,4,LAS HERAS,34,CIUDAD DE LAS HERAS,27712,True,True,00034,Las Heras,27220,False
AR-13-004-34A,AR-13-004,AR-13,13,Mendoza,4,LAS HERAS,34A,CHALLAO,2229,True,True,0034A,Las Heras,2838,False
AR-13-004-34B,AR-13-004,AR-13,13,Mendoza,4,LAS HERAS,34B,BARRIO INFANTA,8307,True,True,0034B,Las Heras,8664,False
AR-13-004-34C,AR-13-004,AR-13,13,Mendoza,4,LAS HERAS,34C,LA CIENEGUITA,7777,True,True,0034C,Las Heras,8033,False
AR-13-004-34D,AR-13-004,AR-13,13,Mendoza,4,LAS HERAS,34D,BARRIO MUNICIPAL,12673,True,True,0034D,Las Heras,14236,False
AR-13-004-34E,AR-13-004,AR-13,13,Mendoza,4,LAS HERAS,34E,BARRIO MARIANO MORENO,3013,True,True,0034E,Las Heras,3715,False
AR-13-004-35,AR-13-004,AR-13,13,Mendoza,4,LAS HERAS,35,PANQUEHUA,16054,True,True,00035,Las Heras,16779,False
AR-13-004-36,AR-13-004,AR-13,13,Mendoza,4,LAS HERAS,36,EL RESGUARDO,19815,True,True,00036,Las Heras,21750,False
AR-13-004-37,AR-13-004,AR-13,13,Mendoza,4,LAS HERAS,37,EL PLUMERILLO,21481,True,True,00037,Las Heras,23036,False
AR-13-004-37A,AR-13-004,AR-13,13,Mendoza,4,LAS HERAS,37A,EL ZAPALLAR,19601,True,True,0037A,Las Heras,19748,False
AR-13-004-38,AR-13-004,AR-13,13,Mendoza,4,LAS HERAS,38,EL ALGARROBAL,11044,True,True,00038,Las Heras,12858,False
AR-13-004-39,AR-13-004,AR-13,13,Mendoza,4,LAS HERAS,39,EL BORBOLLON - EL PASTAL,3536,True,True,00039,Las Heras,4378,False
AR-13-004-40,AR-13-004,AR-13,13,Mendoza,4,LAS HERAS,40,USPALLATA,4758,True,True,00040,Las Heras,5134,False
AR-13-004-40A,AR-13-004,AR-13,13,Mendoza,4,LAS HERAS,40A,PUNTA DE VACAS,32,True,True,0040A,Las Heras,36,False
AR-13-004-40B,AR-13-004,AR-13,13,Mendoza,4,LAS HERAS,40B,POLVAREDAS,89,True,True,0040B,Las Heras,91,False
AR-13-004-40C,AR-13-004,AR-13,13,Mendoza,4,LAS HERAS,40C,PUENTE DEL INCA,102,True,True,0040C,Las Heras,114,False
AR-13-005-41,AR-13-005,AR-13,13,Mendoza,5,LAVALLE,41,CIUDAD DE LAVALLE,14628,True,True,00041,Lavalle,16901,False
AR-13-005-42,AR-13-005,AR-13,13,Mendoza,5,LAVALLE,42,JOCOLI,6068,True,True,00042,Lavalle,6916,False
AR-13-005-43,AR-13-005,AR-13,13,Mendoza,5,LAVALLE,43,COSTA DE ARAUJO,7172,True,True,00043,Lavalle,7945,False
AR-13-005-43A,AR-13-005,AR-13,13,Mendoza,5,LAVALLE,43A,INGENIERO GUSTAVO ANDRE,2383,True,True,0043A,Lavalle,2500,False
AR-13-005-44,AR-13-005,AR-13,13,Mendoza,5,LAVALLE,44,EL ROSARIO,516,True,True,00044,Lavalle,539,False
AR-13-005-45,AR-13-005,AR-13,13,Mendoza,5,LAVALLE,45,ASUNCION,729,True,True,00045,Lavalle,781,False
AR-13-005-46,AR-13-005,AR-13,13,Mendoza,5,LAVALLE,46,SAN MIGUEL,680,True,True,00046,Lavalle,714,False
AR-13-006-47,AR-13-006,AR-13,13,Mendoza,6,MAIPU,47,GENERAL GUTIERREZ,18101,True,True,00047,Maipú,19037,False
AR-13-006-47A,AR-13-006,AR-13,13,Mendoza,6,MAIPU,47A,LUZURIAGA,19338,True,True,0047A,Maipú,19827,False
AR-13-006-48,AR-13-006,AR-13,13,Mendoza,6,MAIPU,48,CIUDAD DE MAIPU,37621,True,True,00048,Maipú,42060,False
AR-13-006-49,AR-13-006,AR-13,13,Mendoza,6,MAIPU,49,RUSSELL,3373,True,True,00049,Maipú,4054,False
AR-13-006-49A,AR-13-006,AR-13,13,Mendoza,6,MAIPU,49A,CRUZ DE PIEDRA,3851,True,True,0049A,Maipú,4112,False
AR-13-006-49B,AR-13-006,AR-13,13,Mendoza,6,MAIPU,49B,LUNLUNTA,2389,True,True,0049B,Maipú,2836,False
AR-13-006-50,AR-13-006,AR-13,13,Mendoza,6,MAIPU,50,PEDREGAL,6224,True,True,00050,Maipú,5652,False
AR-13-006-51,AR-13-006,AR-13,13,Mendoza,6,MAIPU,51,COQUIMBITO,15389,True,True,00051,Maipú,16557,False
AR-13-006-52,AR-13-006,AR-13,13,Mendoza,6,MAIPU,52,GENERAL ORTEGA,789,True,True,00052,Maipú,968,False
AR-13-006-53,AR-13-006,AR-13,13,Mendoza,6,MAIPU,53,RODEO DEL MEDIO,13805,True,True,00053,Maipú,17378,False
AR-13-006-54,AR-13-006,AR-13,13,Mendoza,6,MAIPU,54,FRAY LUIS BELTRAN,11743,True,True,00054,Maipú,13022,False
AR-13-006-54A,AR-13-006,AR-13,13,Mendoza,6,MAIPU,54A,SAN ROQUE,5630,True,True,0054A,Maipú,6341,False
AR-13-006-55,AR-13-006,AR-13,13,Mendoza,6,MAIPU,55,LAS ISLAS,348,True,True,00055,Maipú,318,False
AR-13-006-56,AR-13-006,AR-13,13,Mendoza,6,MAIPU,56,LAS BARRANCAS,1499,True,True,00056,Maipú,1690,False
AR-13-007-57,AR-13-007,AR-13,13,Mendoza,7,LUJAN,57,CIUDAD DE LUJAN DE CUYO,18244,True,True,00057,Luján de Cuyo,18503,False
AR-13-007-58,AR-13-007,AR-13,13,Mendoza,7,LUJAN,58,MAYOR DRUMMOND,11082,True,True,00058,Luján de Cuyo,13001,False
AR-13-007-59,AR-13-007,AR-13,13,Mendoza,7,LUJAN,59,CARRODILLA,19780,True,True,00059,Luján de Cuyo,21667,False
AR-13-007-60,AR-13-007,AR-13,13,Mendoza,7,LUJAN,60,CH.DE CORIA,13373,True,True,00060,Luján de Cuyo,15912,False
AR-13-007-60A,AR-13-007,AR-13,13,Mendoza,7,LUJAN,60A,LA PUNTILLA,3193,True,True,0060A,Luján de Cuyo,3257,False
AR-13-007-61,AR-13-007,AR-13,13,Mendoza,7,LUJAN,61,VISTALBA,9519,True,True,00061,Luján de Cuyo,11787,False
AR-13-007-62,AR-13-007,AR-13,13,Mendoza,7,LUJAN,62,CACHEUTA,229,True,True,00062,Luján de Cuyo,291,False
AR-13-007-62A,AR-13-007,AR-13,13,Mendoza,7,LUJAN,62A,POTRERILLOS,1121,True,True,0062A,Luján de Cuyo,1372,False
AR-13-007-63,AR-13-007,AR-13,13,Mendoza,7,LUJAN,63,PERDRIEL,12927,True,True,00063,Luján de Cuyo,15820,False
AR-13-007-64,AR-13-007,AR-13,13,Mendoza,7,LUJAN,64,AGRELO,4251,True,True,00064,Luján de Cuyo,4890,False
AR-13-007-65,AR-13-007,AR-13,13,Mendoza,7,LUJAN,65,EL CARRIZAL,7324,True,True,00065,Luján de Cuyo,8822,False
AR-13-007-65A,AR-13-007,AR-13,13,Mendoza,7,LUJAN,65A,EL CARRIZAL DE ABAJO Y DEL MED,469,True,True,0065A,Luján de Cuyo,607,False
AR-13-008-66,AR-13-008,AR-13,13,Mendoza,8,TUPUNGATO,66,CIUDAD DE TUPUNGATO,14825,True,True,00066,Tupungato,15980,False
AR-13-008-66A,AR-13-008,AR-13,13,Mendoza,8,TUPUNGATO,66A,CORDON DEL PLATA,3735,True,True,0066A,Tupungato,4842,False
AR-13-008-66B,AR-13-008,AR-13,13,Mendoza,8,TUPUNGATO,66B,EL ZAMPAL,2917,True,True,0066B,Tupungato,3320,False
AR-13-008-67,AR-13-008,AR-13,13,Mendoza,8,TUPUNGATO,67,EL PERAL,1020,True,True,00067,Tupungato,1008,False
AR-13-008-67A,AR-13-008,AR-13,13,Mendoza,8,TUPUNGATO,67A,SAN JOSE,2394,True,True,0067A,Tupungato,2684,False
AR-13-008-68,AR-13-008,AR-13,13,Mendoza,8,TUPUNGATO,68,LA CARRERA,130,True,True,00068,Tupungato,113,False
AR-13-008-68A,AR-13-008,AR-13,13,Mendoza,8,TUPUNGATO,68A,ANCON,13,True,True,0068A,Tupungato,11,False
AR-13-009-69,AR-13-009,AR-13,13,Mendoza,9,SAN MARTIN,69,CIUDAD DE SAN MARTIN,46442,True,True,00069,San Martín,47846,False
AR-13-009-70,AR-13-009,AR-13,13,Mendoza,9,SAN MARTIN,70,PALMIRA,21271,True,True,00070,San Martín,22366,False
AR-13-009-71,AR-13-009,AR-13,13,Mendoza,9,SAN MARTIN,71,MONTECASEROS,5027,True,True,00071,San Martín,5011,False
AR-13-009-72,AR-13-009,AR-13,13,Mendoza,9,SAN MARTIN,72,BUEN ORDEN,3314,True,True,00072,San Martín,3891,False
AR-13-009-73,AR-13-009,AR-13,13,Mendoza,9,SAN MARTIN,73,ALTO VERDE,5624,True,True,00073,San Martín,5489,False
AR-13-009-74,AR-13-009,AR-13,13,Mendoza,9,SAN MARTIN,74,ALTO SALVADOR,1803,True,True,00074,San Martín,1964,False
AR-13-009-75,AR-13-009,AR-13,13,Mendoza,9,SAN MARTIN,75,CHAPANAY,3252,True,True,00075,San Martín,3338,False
AR-13-009-76,AR-13-009,AR-13,13,Mendoza,9,SAN MARTIN,76,TRES PORTEÑAS,3874,True,True,00076,San Martín,4062,False
AR-13-009-76A,AR-13-009,AR-13,13,Mendoza,9,SAN MARTIN,76A,NUEVA CALIFORNIA,1938,True,True,0076A,San Martín,1972,False
AR-13-009-76B,AR-13-009,AR-13,13,Mendoza,9,SAN MARTIN,76B,EL CENTRAL,1368,True,True,0076B,San Martín,1489,False
AR-13-010-77,AR-13-010,AR-13,13,Mendoza,10,JUNIN,77,CIUDAD DE JUNIN,10467,True,True,00077,Junín,11846,False
AR-13-010-78,AR-13-010,AR-13,13,Mendoza,10,JUNIN,78,MEDRANO,2788,True,True,00078,Junín,3147,False
AR-13-010-79,AR-13-010,AR-13,13,Mendoza,10,JUNIN,79,RODRIGUEZ PEÑA,1563,True,True,00079,Junín,1743,False
AR-13-010-80,AR-13-010,AR-13,13,Mendoza,10,JUNIN,80,BARRIALES,4814,True,True,00080,Junín,5598,False
AR-13-010-81,AR-13-010,AR-13,13,Mendoza,10,JUNIN,81,LA COLONIA,8835,True,True,00081,Junín,9294,False
AR-13-010-82,AR-13-010,AR-13,13,Mendoza,10,JUNIN,82,MUNDO NUEVO,2948,True,True,00082,Junín,3381,False
AR-13-010-83,AR-13-010,AR-13,13,Mendoza,10,JUNIN,83,PHILLIPS,2193,True,True,00083,Junín,2407,False
AR-13-011-84,AR-13-011,AR-13,13,Mendoza,11,RIVADAVIA,84,CIUDAD DE RIVADAVIA,27034,True,True,00084,Rivadavia,27646,False
AR-13-011-85,AR-13-011,AR-13,13,Mendoza,11,RIVADAVIA,85,SANTA MARIA DE ORO,2325,True,True,00085,Rivadavia,2550,False
AR-13-011-86,AR-13-011,AR-13,13,Mendoza,11,RIVADAVIA,86,LOS ARBOLES,1346,True,True,00086,Rivadavia,1621,False
AR-13-011-86A,AR-13-011,AR-13,13,Mendoza,11,RIVADAVIA,86A,MEDRANO,1670,True,True,0086A,Rivadavia,1637,False
AR-13-011-87,AR-13-011,AR-13,13,Mendoza,11,RIVADAVIA,87,LA LIBERTAD,2135,True,True,00087,Rivadavia,2270,False
AR-13-011-88,AR-13-011,AR-13,13,Mendoza,11,RIVADAVIA,88,REDUCCION,1605,True,True,00088,Rivadavia,1670,False
AR-13-011-89,AR-13-011,AR-13,13,Mendoza,11,RIVADAVIA,89,LOS CAMPAMENTOS,4578,True,True,00089,Rivadavia,4826,False
AR-13-011-90,AR-13-011,AR-13,13,Mendoza,11,RIVADAVIA,90,EL MIRADOR,3925,True,True,00090,Rivadavia,3943,False
AR-13-012-91,AR-13-012,AR-13,13,Mendoza,12,TUNUYAN,91,CIUDAD DE TUNUYAN,27189,True,True,00091,Tunuyán,29917,False
AR-13-012-92,AR-13-012,AR-13,13,Mendoza,12,TUNUYAN,92,LAS ROSAS,3461,True,True,00092,Tunuyán,3929,False
AR-13-012-93,AR-13-012,AR-13,13,Mendoza,12,TUNUYAN,93,VISTA FLORES,5652,True,True,00093,Tunuyán,6230,False
AR-13-012-93A,AR-13-012,AR-13,13,Mendoza,12,TUNUYAN,93A,EL MANZANO HISTORICO,136,True,True,0093A,Tunuyán,154,False
AR-13-012-94,AR-13-012,AR-13,13,Mendoza,12,TUNUYAN,94,VILLA SECA,1358,True,True,00094,Tunuyán,1558,False
AR-13-012-94A,AR-13-012,AR-13,13,Mendoza,12,TUNUYAN,94A,LOS ARBOLES,282,True,True,0094A,Tunuyán,320,False
AR-13-012-95,AR-13-012,AR-13,13,Mendoza,12,TUNUYAN,95,LOS SAUCES,879,True,True,00095,Tunuyán,946,False
AR-13-012-96,AR-13-012,AR-13,13,Mendoza,12,TUNUYAN,96,CAMPO DE LOS ANDES,583,True,True,00096,Tunuyán,483,False
AR-13-013-97,AR-13-013,AR-13,13,Mendoza,13,SAN CARLOS,97,VILLA DE SAN CARLOS,6396,True,True,00097,San Carlos,7207,False
AR-13-013-97A,AR-13-013,AR-13,13,Mendoza,13,SAN CARLOS,97A,CAPIZ,292,True,True,0097A,San Carlos,368,False
AR-13-013-98,AR-13-013,AR-13,13,Mendoza,13,SAN CARLOS,98,CHILECITO,1696,True,True,00098,San Carlos,1807,False
AR-13-013-98A,AR-13-013,AR-13,13,Mendoza,13,SAN CARLOS,98A,PAREDITAS,2100,True,True,0098A,San Carlos,2452,False
AR-13-013-99,AR-13-013,AR-13,13,Mendoza,13,SAN CARLOS,99,LA CONSULTA,10274,True,True,00099,San Carlos,11092,False
AR-13-013-99A,AR-13-013,AR-13,13,Mendoza,13,SAN CARLOS,99A,EUGENIO BUSTOS,5541,True,True,0099A,San Carlos,5954,False
AR-13-014-100,AR-13-014,AR-13,13,Mendoza,14,SANTA ROSA,100,VILLA DE SANTA ROSA,3188,True,True,00100,Santa Rosa,3240,False
AR-13-014-100A,AR-13-014,AR-13,13,Mendoza,14,SANTA ROSA,100A,ÑACUÑAN,71,True,True,0100A,Santa Rosa,70,False
AR-13-014-100B,AR-13-014,AR-13,13,Mendoza,14,SANTA ROSA,100B,EL MARCADO,346,True,True,0100B,Santa Rosa,600,False
AR-13-014-100C,AR-13-014,AR-13,13,Mendoza,14,SANTA ROSA,100C,12 DE OCTUBRE,1950,True,True,0100C,Santa Rosa,2341,False
AR-13-014-101,AR-13-014,AR-13,13,Mendoza,14,SANTA ROSA,101,LAS CATITAS,4741,True,True,00101,Santa Rosa,5119,False
AR-13-014-101A,AR-13-014,AR-13,13,Mendoza,14,SANTA ROSA,101A,LA CIENEGUITA,10,True,True,0101A,Santa Rosa,11,False
AR-13-014-102,AR-13-014,AR-13,13,Mendoza,14,SANTA ROSA,102,LA DORMIDA,3275,True,True,00102,Santa Rosa,3453,False
AR-13-015-103,AR-13-015,AR-13,13,Mendoza,15,LA PAZ,103,VILLA NUEVA,7309,True,True,00103,La Paz,7570,False
AR-13-015-104,AR-13-015,AR-13,13,Mendoza,15,LA PAZ,104,VILLA ANTIGUA,788,True,True,00104,La Paz,1179,False
AR-13-015-105,AR-13-015,AR-13,13,Mendoza,15,LA PAZ,105,ARROYITO,187,True,True,00105,La Paz,163,False
AR-13-015-106,AR-13-015,AR-13,13,Mendoza,15,LA PAZ,106,DESAGUADERO,463,True,True,00106,La Paz,558,False
AR-13-016-107,AR-13-016,AR-13,13,Mendoza,16,SAN RAFAEL,107,CIUDAD IRIGOYEN AL NORTE,17769,True,True,00107,San Rafael,17481,False
AR-13-016-107A,AR-13-016,AR-13,13,Mendoza,16,SAN RAFAEL,107A,CIUDAD MITRE AL NORTE,14581,True,True,0107A,San Rafael,14561,False
AR-13-016-107B,AR-13-016,AR-13,13,Mendoza,16,SAN RAFAEL,107B,CIUDAD MITRE AL SUR,23307,True,True,0107B,San Rafael,23882,False
AR-13-016-107C,AR-13-016,AR-13,13,Mendoza,16,SAN RAFAEL,107C,CIUDAD IRIGOYEN AL SUR,32540,True,True,0107C,San Rafael,34402,False
AR-13-016-108,AR-13-016,AR-13,13,Mendoza,16,SAN RAFAEL,108,CUADRO NACIONAL,8291,True,True,00108,San Rafael,8935,False
AR-13-016-109,AR-13-016,AR-13,13,Mendoza,16,SAN RAFAEL,109,EL CERRITO,2493,True,True,00109,San Rafael,2845,False
AR-13-016-110,AR-13-016,AR-13,13,Mendoza,16,SAN RAFAEL,110,LAS PAREDES,9442,True,True,00110,San Rafael,10985,False
AR-13-016-111,AR-13-016,AR-13,13,Mendoza,16,SAN RAFAEL,111,RAMA CAIDA,5733,True,True,00111,San Rafael,6298,False
AR-13-016-112,AR-13-016,AR-13,13,Mendoza,16,SAN RAFAEL,112,CAÑADA SECA,8164,True,True,00112,San Rafael,8723,False
AR-13-016-113,AR-13-016,AR-13,13,Mendoza,16,SAN RAFAEL,113,MONTE COMAN,3377,True,True,00113,San Rafael,3220,False
AR-13-016-114,AR-13-016,AR-13,13,Mendoza,16,SAN RAFAEL,114,LA LLAVE,1422,True,True,00114,San Rafael,1425,False
AR-13-016-115,AR-13-016,AR-13,13,Mendoza,16,SAN RAFAEL,115,GOUDGE,2773,True,True,00115,San Rafael,2923,False
AR-13-016-116,AR-13-016,AR-13,13,Mendoza,16,SAN RAFAEL,116,25 DE MAYO,1635,True,True,00116,San Rafael,1735,False
AR-13-016-117,AR-13-016,AR-13,13,Mendoza,16,SAN RAFAEL,117,CUADRO BENEGAS,3684,True,True,00117,San Rafael,3871,False
AR-13-016-117A,AR-13-016,AR-13,13,Mendoza,16,SAN RAFAEL,117A,EL NIHUIL,963,True,True,0117A,San Rafael,982,False
AR-13-016-118,AR-13-016,AR-13,13,Mendoza,16,SAN RAFAEL,118,LAS MALVINAS,1393,True,True,00118,San Rafael,1394,False
AR-13-016-119,AR-13-016,AR-13,13,Mendoza,16,SAN RAFAEL,119,PUNTA DEL AGUA,512,True,True,00119,San Rafael,443,False
AR-13-016-120,AR-13-016,AR-13,13,Mendoza,16,SAN RAFAEL,120,VILLA ATUEL,4071,True,True,00120,San Rafael,4000,False
AR-13-016-121,AR-13-016,AR-13,13,Mendoza,16,SAN RAFAEL,121,REAL DEL PADRE,4502,True,True,00121,San Rafael,4398,False
AR-13-016-122,AR-13-016,AR-13,13,Mendoza,16,SAN RAFAEL,122,JAIME PRATS,1024,True,True,00122,San Rafael,921,False
AR-13-016-123,AR-13-016,AR-13,13,Mendoza,16,SAN RAFAEL,123,LA GUEVARINA,42,True,True,00123,San Rafael,42,False
AR-13-016-124,AR-13-016,AR-13,13,Mendoza,16,SAN RAFAEL,124,EL SOSNEADO,382,True,True,00124,San Rafael,323,False
AR-13-017-125,AR-13-017,AR-13,13,Mendoza,17,MALARGUE,125,CIUDAD DE MALARGUE,21320,True,True,00125,Malargüe,23387,False
AR-13-017-126,AR-13-017,AR-13,13,Mendoza,17,MALARGUE,126,AGUA ESCONDIDA,603,True,True,00126,Malargüe,567,False
AR-13-017-127,AR-13-017,AR-13,13,Mendoza,17,MALARGUE,127,EL MANZANO,213,True,True,00127,Malargüe,181,False
AR-13-017-127A,AR-13-017,AR-13,13,Mendoza,17,MALARGUE,127A,BARDAS BLANCAS,828,True,True,0127A,Malargüe,900,False
AR-13-017-128,AR-13-017,AR-13,13,Mendoza,17,MALARGUE,128,RIO BARRANCAS,276,True,True,00128,Malargüe,258,False
AR-13-017-129,AR-13-017,AR-13,13,Mendoza,17,MALARGUE,129,AGUA DEL TORO,45,True,True,00129,Malargüe,38,False
AR-13-018-130,AR-13-018,AR-13,13,Mendoza,18,GRAL. ALVEAR,130,CIUDAD DE GRAL.ALVEAR,24574,True,True,00130,General Alvear,25378,False
AR-13-018-131,AR-13-018,AR-13,13,Mendoza,18,GRAL. ALVEAR,131,BOWEN,6980,True,True,00131,General Alvear,6910,False
AR-13-018-132,AR-13-018,AR-13,13,Mendoza,18,GRAL. ALVEAR,132,ALVEAR OESTE,3556,True,True,00132,General Alvear,3485,False
AR-13-018-133,AR-13-018,AR-13,13,Mendoza,18,GRAL. ALVEAR,133,LA MARZOLINA,1464,True,True,00133,General Alvear,1282,False
AR-13-018-134,AR-13-018,AR-13,13,Mendoza,18,GRAL. ALVEAR,134,SAN PEDRO DEL ATUEL,1496,True,True,00134,General Alvear,1430,False
AR-13-018-134A,AR-13-018,AR-13,13,Mendoza,18,GRAL. ALVEAR,134A,COCHICO,20,True,True,0134A,General Alvear,16,False
AR-13-018-135,AR-13-018,AR-13,13,Mendoza,18,GRAL. ALVEAR,135,CANALEJAS,34,True,True,00135,General Alvear,28,False
AR-13-018-136,AR-13-018,AR-13,13,Mendoza,18,GRAL. ALVEAR,136,CORRAL DE LORCA,22,True,True,00136,General Alvear,27,False
AR-14-001-1,AR-14-001,AR-14,14,Misiones,1,CAPITAL,1,POSADAS,13889,True,True,00001,Capital,13352,False
AR-14-001-2,AR-14-001,AR-14,14,Misiones,1,CAPITAL,2,POSADAS,17310,True,True,00002,Capital,17390,False
AR-14-001-3,AR-14-001,AR-14,14,Misiones,1,CAPITAL,3,POSADAS,18292,True,True,00003,Capital,17650,False
AR-14-001-3A,AR-14-001,AR-14,14,Misiones,1,CAPITAL,3A,POSADAS,20659,True,True,0003A,Capital,20036,False
AR-14-001-4,AR-14-001,AR-14,14,Misiones,1,CAPITAL,4,POSADAS,66720,True,True,00004,Capital,66110,False
AR-14-001-4A,AR-14-001,AR-14,14,Misiones,1,CAPITAL,4A,POSADAS,32945,True,True,0004A,Capital,35675,False
AR-14-001-4B,AR-14-001,AR-14,14,Misiones,1,CAPITAL,4B,POSADAS,3541,True,True,0004B,Capital,4482,False
AR-14-001-5,AR-14-001,AR-14,14,Misiones,1,CAPITAL,5,POSADAS,18044,True,True,00005,Capital,17683,False
AR-14-001-6,AR-14-001,AR-14,14,Misiones,1,CAPITAL,6,VILLA LANUS,10084,True,True,00006,Capital,10276,False
AR-14-001-7,AR-14-001,AR-14,14,Misiones,1,CAPITAL,7,ITAEMBE,26435,True,True,00007,Capital,29065,False
AR-14-001-8,AR-14-001,AR-14,14,Misiones,1,CAPITAL,8,GARUPA CENTRO,10879,True,True,00008,Capital,13146,False
AR-14-001-8A,AR-14-001,AR-14,14,Misiones,1,CAPITAL,8A,SANTA INES,1730,True,True,0008A,Capital,2363,False
AR-14-001-8B,AR-14-001,AR-14,14,Misiones,1,CAPITAL,8B,DON SANTIAGO,11384,True,True,0008B,Capital,14474,False
AR-14-001-8C,AR-14-001,AR-14,14,Misiones,1,CAPITAL,8C,ÑU PORA,23436,True,True,0008C,Capital,27934,False
AR-14-001-9,AR-14-001,AR-14,14,Misiones,1,CAPITAL,9,FACHINAL,703,True,True,00009,Capital,992,False
AR-14-002-10,AR-14-002,AR-14,14,Misiones,2,APOSTOLES,10,APOSTOLES,22037,True,True,00010,Apóstoles,23713,False
AR-14-002-10A,AR-14-002,AR-14,14,Misiones,2,APOSTOLES,10A,BO.ESTACION,1952,True,True,0010A,Apóstoles,1965,False
AR-14-002-11,AR-14-002,AR-14,14,Misiones,2,APOSTOLES,11,SAN JOSE,5492,True,True,00011,Apóstoles,6251,False
AR-14-002-12,AR-14-002,AR-14,14,Misiones,2,APOSTOLES,12,AZARA,3146,True,True,00012,Apóstoles,3706,False
AR-14-002-12A,AR-14-002,AR-14,14,Misiones,2,APOSTOLES,12A,PUERTO AZARA,245,True,True,0012A,Apóstoles,197,False
AR-14-002-13,AR-14-002,AR-14,14,Misiones,2,APOSTOLES,13,TRES CAPONES,1137,True,True,00013,Apóstoles,1368,False
AR-14-003-14,AR-14-003,AR-14,14,Misiones,3,CANDELARIA,14,SANTA ANA,5035,True,True,00014,Candelaria,5717,False
AR-14-003-15,AR-14-003,AR-14,14,Misiones,3,CANDELARIA,15,CANDELARIA,11583,True,True,00015,Candelaria,14906,False
AR-14-003-16,AR-14-003,AR-14,14,Misiones,3,CANDELARIA,16,PROFUNDIDAD,814,True,True,00016,Candelaria,953,False
AR-14-003-17,AR-14-003,AR-14,14,Misiones,3,CANDELARIA,17,CERRO CORA,1653,True,True,00017,Candelaria,2121,False
AR-14-003-18,AR-14-003,AR-14,14,Misiones,3,CANDELARIA,18,BONPLAND,2009,True,True,00018,Candelaria,2454,False
AR-14-003-19,AR-14-003,AR-14,14,Misiones,3,CANDELARIA,19,MARTIRES,1039,True,True,00019,Candelaria,1896,False
AR-14-003-20,AR-14-003,AR-14,14,Misiones,3,CANDELARIA,20,LORETO,854,True,True,00020,Candelaria,1323,False
AR-14-004-21,AR-14-004,AR-14,14,Misiones,4,L.N.ALEM,21,L.N.ALEM,23448,True,True,00021,Leandro N. Alem,24857,False
AR-14-004-22,AR-14-004,AR-14,14,Misiones,4,L.N.ALEM,22,O.V.ANDRADE,1845,True,True,00022,Leandro N. Alem,2203,False
AR-14-004-23,AR-14-004,AR-14,14,Misiones,4,L.N.ALEM,23,CERRO AZUL,4756,True,True,00023,Leandro N. Alem,4978,False
AR-14-004-24,AR-14-004,AR-14,14,Misiones,4,L.N.ALEM,24,A.DEL MEDIO,1668,True,True,00024,Leandro N. Alem,1884,False
AR-14-004-25,AR-14-004,AR-14,14,Misiones,4,L.N.ALEM,25,DOS ARROYOS,2719,True,True,00025,Leandro N. Alem,3140,False
AR-14-004-26,AR-14-004,AR-14,14,Misiones,4,L.N.ALEM,26,GDOR.LOPEZ,1799,True,True,00026,Leandro N. Alem,2032,False
AR-14-004-27,AR-14-004,AR-14,14,Misiones,4,L.N.ALEM,27,CAAYARI,783,True,True,00027,Leandro N. Alem,1108,False
AR-14-004-28,AR-14-004,AR-14,14,Misiones,4,L.N.ALEM,28,ALMAFUERTE,1307,True,True,00028,Leandro N. Alem,1422,False
AR-14-005-29,AR-14-005,AR-14,14,Misiones,5,C.DE LA SIERRA,29,C.DE LA SIERRA,6094,True,True,00029,Concepción,6543,False
AR-14-005-30,AR-14-005,AR-14,14,Misiones,5,C.DE LA SIERRA,30,B.CONCEPCION,247,True,True,00030,Concepción,192,False
AR-14-005-31,AR-14-005,AR-14,14,Misiones,5,C.DE LA SIERRA,31,SANTA MARIA,1155,True,True,00031,Concepción,1337,False
AR-14-006-32,AR-14-006,AR-14,14,Misiones,6,SAN JAVIER,32,SAN JAVIER,10694,True,True,00032,San Javier,11553,False
AR-14-006-33,AR-14-006,AR-14,14,Misiones,6,SAN JAVIER,33,ITACARUARE,2640,True,True,00033,San Javier,3233,False
AR-14-006-34,AR-14-006,AR-14,14,Misiones,6,SAN JAVIER,34,MOJON GRANDE,1630,True,True,00034,San Javier,1940,False
AR-14-006-35,AR-14-006,AR-14,14,Misiones,6,SAN JAVIER,35,F.AMEGHINO,1461,True,True,00035,San Javier,1634,False
AR-14-006-35A,AR-14-006,AR-14,14,Misiones,6,SAN JAVIER,35A,PTO.ROSARIO,351,True,True,0035A,San Javier,293,False
AR-14-007-36,AR-14-007,AR-14,14,Misiones,7,SAN IGNACIO,36,SAN IGNACIO,9396,True,True,00036,San Ignacio,10314,False
AR-14-007-37,AR-14-007,AR-14,14,Misiones,7,SAN IGNACIO,37,CORPUS,2861,True,True,00037,San Ignacio,3037,False
AR-14-007-38,AR-14-007,AR-14,14,Misiones,7,SAN IGNACIO,38,GDOR.ROCA,4865,True,True,00038,San Ignacio,5332,False
AR-14-007-39,AR-14-007,AR-14,14,Misiones,7,SAN IGNACIO,39,SANTO PIPO,4939,True,True,00039,San Ignacio,5763,False
AR-14-007-40,AR-14-007,AR-14,14,Misiones,7,SAN IGNACIO,40,H.IRIGOYEN,2151,True,True,00040,San Ignacio,2265,False
AR-14-007-41,AR-14-007,AR-14,14,Misiones,7,SAN IGNACIO,41,GRAL.URQUIZA,1378,True,True,00041,San Ignacio,1447,False
AR-14-007-42,AR-14-007,AR-14,14,Misiones,7,SAN IGNACIO,42,COLONIA POLANA,978,True,True,00042,San Ignacio,1112,False
AR-14-007-43,AR-14-007,AR-14,14,Misiones,7,SAN IGNACIO,43,JARDIN AMERICA,19418,True,True,00043,San Ignacio,20560,False
AR-14-008-44,AR-14-008,AR-14,14,Misiones,8,OBERA,44,OBERA,50854,True,True,00044,Oberá,51585,False
AR-14-008-45,AR-14-008,AR-14,14,Misiones,8,OBERA,45,GRAL.ALVEAR,1289,True,True,00045,Oberá,1301,False
AR-14-008-46,AR-14-008,AR-14,14,Misiones,8,OBERA,46,CNIA.ALBERDI,3220,True,True,00046,Oberá,3101,False
AR-14-008-47,AR-14-008,AR-14,14,Misiones,8,OBERA,47,CAMPO VIERA,8807,True,True,00047,Oberá,9713,False
AR-14-008-48,AR-14-008,AR-14,14,Misiones,8,OBERA,48,CAMPO RAMON,6656,True,True,00048,Oberá,8077,False
AR-14-008-49,AR-14-008,AR-14,14,Misiones,8,OBERA,49,PANAMBI,4458,True,True,00049,Oberá,4895,False
AR-14-008-50,AR-14-008,AR-14,14,Misiones,8,OBERA,50,LOS HELECHOS,3678,True,True,00050,Oberá,5808,False
AR-14-008-51,AR-14-008,AR-14,14,Misiones,8,OBERA,51,GUARANI,4707,True,True,00051,Oberá,7019,False
AR-14-008-52,AR-14-008,AR-14,14,Misiones,8,OBERA,52,SAN MARTIN,1971,True,True,00052,Oberá,1882,False
AR-14-009-53,AR-14-009,AR-14,14,Misiones,9,L.G.SAN MARTIN,53,PUERTO RICO,16031,True,True,00053,Libertador General San Martín,18032,False
AR-14-009-54,AR-14-009,AR-14,14,Misiones,9,L.G.SAN MARTIN,54,PUERTO LEONI,2119,True,True,00054,Libertador General San Martín,2829,False
AR-14-009-54A,AR-14-009,AR-14,14,Misiones,9,L.G.SAN MARTIN,54A,PUERTO MINERAL,33,True,False,,,,False
AR-14-009-55,AR-14-009,AR-14,14,Misiones,9,L.G.SAN MARTIN,55,CAPIOVI,5234,True,True,00055,Libertador General San Martín,5846,False
AR-14-009-56,AR-14-009,AR-14,14,Misiones,9,L.G.SAN MARTIN,56,R.DE MONTOYA,2909,True,True,00056,Libertador General San Martín,3193,False
AR-14-009-57,AR-14-009,AR-14,14,Misiones,9,L.G.SAN MARTIN,57,GARUHAPE,6616,True,True,00057,Libertador General San Martín,7235,False
AR-14-009-58,AR-14-009,AR-14,14,Misiones,9,L.G.SAN MARTIN,58,EL ALCAZAR,3736,True,True,00058,Libertador General San Martín,4139,False
AR-14-010-59,AR-14-010,AR-14,14,Misiones,10,CAINGUAS,59,DOS DE MAYO,10400,True,True,00059,Cainguás,11332,False
AR-14-010-59B,AR-14-010,AR-14,14,Misiones,10,CAINGUAS,59B,PTE.A.U.ILLIA,2239,True,True,0059B,Cainguás,2248,False
AR-14-010-60,AR-14-010,AR-14,14,Misiones,10,CAINGUAS,60,CAMPO GRANDE,10495,True,True,00060,Cainguás,11690,False
AR-14-010-61,AR-14-010,AR-14,14,Misiones,10,CAINGUAS,61,A.DEL VALLE,12096,True,True,00061,Cainguás,13536,False
AR-14-010-61A,AR-14-010,AR-14,14,Misiones,10,CAINGUAS,61A,SALTO ENCANTADO,7424,True,True,0061A,Cainguás,5802,False
AR-14-011-62,AR-14-011,AR-14,14,Misiones,11,25 DE MAYO,62,ALBA POSSE,6838,True,True,00062,25 de Mayo,9179,False
AR-14-011-63,AR-14-011,AR-14,14,Misiones,11,25 DE MAYO,63,25 DE MAYO,9036,True,True,00063,25 de Mayo,9629,False
AR-14-011-64,AR-14-011,AR-14,14,Misiones,11,25 DE MAYO,64,COLONIA AURORA,3538,True,True,00064,25 de Mayo,4554,False
AR-14-011-64A,AR-14-011,AR-14,14,Misiones,11,25 DE MAYO,64A,COLONIA ALICIA,1892,True,True,0064A,25 de Mayo,1887,False
AR-14-011-64B,AR-14-011,AR-14,14,Misiones,11,25 DE MAYO,64B,COLONIA APARECIDA,885,True,True,0064B,25 de Mayo,998,False
AR-14-012-65,AR-14-012,AR-14,14,Misiones,12,MONTECARLO,65,MONTECARLO,18708,True,True,00065,Montecarlo,19969,False
AR-14-012-66,AR-14-012,AR-14,14,Misiones,12,MONTECARLO,66,CARAGUATAY,1547,True,True,00066,Montecarlo,1970,False
AR-14-012-66A,AR-14-012,AR-14,14,Misiones,12,MONTECARLO,66A,TARUMA,806,True,True,0066A,Montecarlo,737,False
AR-14-012-67,AR-14-012,AR-14,14,Misiones,12,MONTECARLO,67,PUERTO PIRAY,6714,True,True,00067,Montecarlo,7441,False
AR-14-013-59A,AR-14-013,AR-14,14,Misiones,13,GUARANI,59A,SAN VICENTE,33810,True,True,0059A,Guaraní,36855,False
AR-14-013-59F,AR-14-013,AR-14,14,Misiones,13,GUARANI,59F,SAN VICENTE,1031,True,False,,,,False
AR-14-013-68,AR-14-013,AR-14,14,Misiones,13,GUARANI,68,EL SOBERBIO,8606,True,True,00068,Guaraní,10214,False
AR-14-013-68A,AR-14-013,AR-14,14,Misiones,13,GUARANI,68A,CNIA.LA NUEVA,43,True,False,,,,False
AR-14-013-68B,AR-14-013,AR-14,14,Misiones,13,GUARANI,68B,CNIA.MONTEAGUDO,3652,True,True,0068B,Guaraní,4265,False
AR-14-013-68C,AR-14-013,AR-14,14,Misiones,13,GUARANI,68C,LA FLOR,1647,True,True,0068C,Guaraní,1969,False
AR-14-013-68D,AR-14-013,AR-14,14,Misiones,13,GUARANI,68D,PICADA MANDARINA,3796,True,True,0068D,Guaraní,4667,False
AR-14-014-69,AR-14-014,AR-14,14,Misiones,14,ELDORADO,69,ELDORADO,41189,True,True,00069,Eldorado,25836,False
AR-14-014-70,AR-14-014,AR-14,14,Misiones,14,ELDORADO,70,ELDORADO CENTRO,8085,True,True,00070,Eldorado,26363,False
AR-14-014-71,AR-14-014,AR-14,14,Misiones,14,ELDORADO,71,9 DE JULIO,4966,True,True,00071,Eldorado,5354,False
AR-14-014-72,AR-14-014,AR-14,14,Misiones,14,ELDORADO,72,SGO.DE LINIERS,2215,True,True,00072,Eldorado,2497,False
AR-14-014-73,AR-14-014,AR-14,14,Misiones,14,ELDORADO,73,VICTORIA,2380,True,True,00073,Eldorado,3791,False
AR-14-014-74,AR-14-014,AR-14,14,Misiones,14,ELDORADO,74,CNIA.DELICIA,4711,True,True,00074,Eldorado,5699,False
AR-14-015-75,AR-14-015,AR-14,14,Misiones,15,SAN PEDRO,75,SAN PEDRO,14501,True,True,00075,San Pedro,16331,False
AR-14-015-75A,AR-14-015,AR-14,14,Misiones,15,SAN PEDRO,75A,PARAISO,2802,True,True,0075A,San Pedro,2456,False
AR-14-015-76,AR-14-015,AR-14,14,Misiones,15,SAN PEDRO,76,TOBUNA,1161,True,True,00076,San Pedro,1145,False
AR-14-015-76A,AR-14-015,AR-14,14,Misiones,15,SAN PEDRO,76A,POZO AZUL,1283,True,True,0076A,San Pedro,4083,False
AR-14-016-77,AR-14-016,AR-14,14,Misiones,16,IGUAZU,77,ESPERANZA,12926,True,True,00077,Iguazú,14384,False
AR-14-016-78,AR-14-016,AR-14,14,Misiones,16,IGUAZU,78,WANDA,11557,True,True,00078,Iguazú,12968,False
AR-14-016-79,AR-14-016,AR-14,14,Misiones,16,IGUAZU,79,LIBERTAD,5392,True,True,00079,Iguazú,6299,False
AR-14-016-80,AR-14-016,AR-14,14,Misiones,16,IGUAZU,80,PTO.IGUAZU,38565,True,True,00080,Iguazú,17947,False
AR-14-017-81,AR-14-017,AR-14,14,Misiones,17,GRAL.MANUEL BELGRANO,81,IRIGOYEN,14229,True,True,00081,General Manuel Belgrano,15305,False
AR-14-017-82,AR-14-017,AR-14,14,Misiones,17,GRAL.MANUEL BELGRANO,82,SAN ANTONIO,7510,True,True,00082,General Manuel Belgrano,8691,False
AR-14-017-82A,AR-14-017,AR-14,14,Misiones,17,GRAL.MANUEL BELGRANO,82A,ANDRESITO,12056,True,True,0082A,General Manuel Belgrano,13651,False
AR-15-001-1,AR-15-001,AR-15,15,Neuquén,1,CONFLUENCIA,1,NEUQUEN - CAPITAL,13056,True,,,,,
AR-15-001-1A,AR-15-001,AR-15,15,Neuquén,1,CONFLUENCIA,1A,NEUQUEN - CAPITAL,742,True,,,,,
AR-15-001-1B,AR-15-001,AR-15,15,Neuquén,1,CONFLUENCIA,1B,NEUQUEN - CAPITAL,6868,True,,,,,
AR-15-001-1C,AR-15-001,AR-15,15,Neuquén,1,CONFLUENCIA,1C,NEUQUEN - CAPITAL,4146,True,,,,,
AR-15-001-1D,AR-15-001,AR-15,15,Neuquén,1,CONFLUENCIA,1D,NEUQUEN - CAPITAL,6112,True,,,,,
AR-15-001-1E,AR-15-001,AR-15,15,Neuquén,1,CONFLUENCIA,1E,NEUQUEN - CAPITAL,7039,True,,,,,
AR-15-001-1F,AR-15-001,AR-15,15,Neuquén,1,CONFLUENCIA,1F,NEUQUEN - CAPITAL,3253,True,,,,,
AR-15-001-1G,AR-15-001,AR-15,15,Neuquén,1,CONFLUENCIA,1G,NEUQUEN - CAPITAL,42945,True,,,,,
AR-15-001-2,AR-15-001,AR-15,15,Neuquén,1,CONFLUENCIA,2,CUTRAL CO,29427,True,,,,,
AR-15-001-2A,AR-15-001,AR-15,15,Neuquén,1,CONFLUENCIA,2A,FILLIS DEI,130,True,,,,,
AR-15-001-3,AR-15-001,AR-15,15,Neuquén,1,CONFLUENCIA,3,SAUZAL BONITO,243,True,,,,,
AR-15-001-4,AR-15-001,AR-15,15,Neuquén,1,CONFLUENCIA,4,CENTENARIO,29522,True,,,,,
AR-15-001-4A,AR-15-001,AR-15,15,Neuquén,1,CONFLUENCIA,4A,CENTENARIO SUR,486,True,,,,,
AR-15-001-5,AR-15-001,AR-15,15,Neuquén,1,CONFLUENCIA,5,PLAZA HUINCUL (YPF),3745,True,,,,,
AR-15-001-5A,AR-15-001,AR-15,15,Neuquén,1,CONFLUENCIA,5A,PLAZA HUINCUL (CIUDAD),10186,True,,,,,
AR-15-001-6,AR-15-001,AR-15,15,Neuquén,1,CONFLUENCIA,6,PLOTTIER,31731,True,,,,,
AR-15-001-62,AR-15-001,AR-15,15,Neuquén,1,CONFLUENCIA,62,NEUQUEN - CAPITAL,2298,True,,,,,
AR-15-001-62A,AR-15-001,AR-15,15,Neuquén,1,CONFLUENCIA,62A,NEUQUEN - CAPITAL,45713,True,,,,,
AR-15-001-63,AR-15-001,AR-15,15,Neuquén,1,CONFLUENCIA,63,NEUQUEN - CAPITAL,5391,True,,,,,
AR-15-001-63A,AR-15-001,AR-15,15,Neuquén,1,CONFLUENCIA,63A,NEUQUEN - CAPITAL,3991,True,,,,,
AR-15-001-64,AR-15-001,AR-15,15,Neuquén,1,CONFLUENCIA,64,NEUQUEN - CAPITAL,10311,True,,,,,
AR-15-001-64A,AR-15-001,AR-15,15,Neuquén,1,CONFLUENCIA,64A,NEUQUEN - CAPITAL,3569,True,,,,,
AR-15-001-7,AR-15-001,AR-15,15,Neuquén,1,CONFLUENCIA,7,SENILLOSA,7712,True,,,,,
AR-15-001-72,AR-15-001,AR-15,15,Neuquén,1,CONFLUENCIA,72,NEUQUEN - CAPITAL,17466,True,,,,,
AR-15-001-73,AR-15-001,AR-15,15,Neuquén,1,CONFLUENCIA,73,NEUQUEN - CAPITAL,13137,True,,,,,
AR-15-001-74,AR-15-001,AR-15,15,Neuquén,1,CONFLUENCIA,74,NEUQUEN - CAPITAL,6482,True,,,,,
AR-15-001-74A,AR-15-001,AR-15,15,Neuquén,1,CONFLUENCIA,74A,NEUQUEN - CAPITAL,10010,True,,,,,
AR-15-001-75,AR-15-001,AR-15,15,Neuquén,1,CONFLUENCIA,75,VISTA ALEGRE,3273,True,,,,,
AR-15-001-7A,AR-15-001,AR-15,15,Neuquén,1,CONFLUENCIA,7A,VILLA EL CHOCON,1510,True,,,,,
AR-15-001-7B,AR-15-001,AR-15,15,Neuquén,1,CONFLUENCIA,7B,PLANICIE BANDERITA,162,True,,,,,
AR-15-001-7C,AR-15-001,AR-15,15,Neuquén,1,CONFLUENCIA,7C,ARROYITOS,251,True,,,,,
AR-15-001-8,AR-15-001,AR-15,15,Neuquén,1,CONFLUENCIA,8,CHALLACO,41,True,,,,,
AR-15-002-10,AR-15-002,AR-15,15,Neuquén,2,ZAPALA,10,RAMON CASTRO,343,True,,,,,
AR-15-002-10A,AR-15-002,AR-15,15,Neuquén,2,ZAPALA,10A,PASO DE LOS INDIOS,3,True,,,,,
AR-15-002-11,AR-15-002,AR-15,15,Neuquén,2,ZAPALA,11,LAGUNA BLANCA,150,True,,,,,
AR-15-002-11A,AR-15-002,AR-15,15,Neuquén,2,ZAPALA,11A,LAGUNA MIRANDA,73,True,,,,,
AR-15-002-12,AR-15-002,AR-15,15,Neuquén,2,ZAPALA,12,BARDA NEGRA,257,True,,,,,
AR-15-002-12A,AR-15-002,AR-15,15,Neuquén,2,ZAPALA,12A,PTE.PICUN LEUFU,282,True,,,,,
AR-15-002-13,AR-15-002,AR-15,15,Neuquén,2,ZAPALA,13,MARIANO MORENO,2371,True,,,,,
AR-15-002-67,AR-15-002,AR-15,15,Neuquén,2,ZAPALA,67,COVUNCO ARRIBA,402,True,,,,,
AR-15-002-76,AR-15-002,AR-15,15,Neuquén,2,ZAPALA,76,COVUNCO ABAJO,233,True,,,,,
AR-15-002-9,AR-15-002,AR-15,15,Neuquén,2,ZAPALA,9,ZAPALA,3010,True,,,,,
AR-15-002-9A,AR-15-002,AR-15,15,Neuquén,2,ZAPALA,9A,ZAPALA,21,True,,,,,
AR-15-002-9B,AR-15-002,AR-15,15,Neuquén,2,ZAPALA,9B,ZAPALA,10446,True,,,,,
AR-15-002-9C,AR-15-002,AR-15,15,Neuquén,2,ZAPALA,9C,ZAPALA,14966,True,,,,,
AR-15-003-14,AR-15-003,AR-15,15,Neuquén,3,AÑELO,14,AÑELO FUERA DE RADIO,179,True,,,,,
AR-15-003-15,AR-15-003,AR-15,15,Neuquén,3,AÑELO,15,AÑELO RADIO MUNICIPAL,4550,True,,,,,
AR-15-003-15A,AR-15-003,AR-15,15,Neuquén,3,AÑELO,15A,S. P. DEL CHAÑAR,6183,True,,,,,
AR-15-003-15B,AR-15-003,AR-15,15,Neuquén,3,AÑELO,15B,LOS CHIHUIDOS,151,True,,,,,
AR-15-003-15C,AR-15-003,AR-15,15,Neuquén,3,AÑELO,15C,S.P DEL CHAÑAR FUERA DE RADIO,39,True,,,,,
AR-15-004-16,AR-15-004,AR-15,15,Neuquén,4,PEHUENCHES,16,BUTA RANQUIL,2400,True,,,,,
AR-15-004-16A,AR-15-004,AR-15,15,Neuquén,4,PEHUENCHES,16A,RINCON DE LOS SAUCES,16317,True,,,,,
AR-15-004-17,AR-15-004,AR-15,15,Neuquén,4,PEHUENCHES,17,LAGUNA AUQUINCO,83,True,,,,,
AR-15-004-17B,AR-15-004,AR-15,15,Neuquén,4,PEHUENCHES,17B,OCTAVIO PICO,114,True,,,,,
AR-15-004-17C,AR-15-004,AR-15,15,Neuquén,4,PEHUENCHES,17C,HUANTRAICO,75,True,,,,,
AR-15-004-71,AR-15-004,AR-15,15,Neuquén,4,PEHUENCHES,71,BARRANCAS,1057,True,,,,,
AR-15-004-71A,AR-15-004,AR-15,15,Neuquén,4,PEHUENCHES,71A,BUTACO,14,True,,,,,
AR-15-005-18,AR-15-005,AR-15,15,Neuquén,5,CHOS MALAL,18,CHOS MALAL,10823,True,,,,,
AR-15-005-19,AR-15-005,AR-15,15,Neuquén,5,CHOS MALAL,19,CHACAYCO,3,True,,,,,
AR-15-005-19A,AR-15-005,AR-15,15,Neuquén,5,CHOS MALAL,19A,CHACAY MELEHUE,186,True,,,,,
AR-15-005-19B,AR-15-005,AR-15,15,Neuquén,5,CHOS MALAL,19B,LA CIENAGA,9,True,,,,,
AR-15-005-20,AR-15-005,AR-15,15,Neuquén,5,CHOS MALAL,20,CHAPUA,114,True,,,,,
AR-15-005-20A,AR-15-005,AR-15,15,Neuquén,5,CHOS MALAL,20A,ARROYO BLANCO,177,True,,,,,
AR-15-005-21,AR-15-005,AR-15,15,Neuquén,5,CHOS MALAL,21,TRICAO MALAL,885,True,,,,,
AR-15-005-21A,AR-15-005,AR-15,15,Neuquén,5,CHOS MALAL,21A,CANCHA HUINGANCO,32,True,,,,,
AR-15-005-21B,AR-15-005,AR-15,15,Neuquén,5,CHOS MALAL,21B,CAJON DEL CURILEUVU,37,True,,,,,
AR-15-005-21C,AR-15-005,AR-15,15,Neuquén,5,CHOS MALAL,21C,CAEPE MALAL,320,True,,,,,
AR-15-005-21D,AR-15-005,AR-15,15,Neuquén,5,CHOS MALAL,21D,COYUCO,36,True,,,,,
AR-15-005-21E,AR-15-005,AR-15,15,Neuquén,5,CHOS MALAL,21E,COCHICO,134,True,,,,,
AR-15-006-22,AR-15-006,AR-15,15,Neuquén,6,MINAS,22,GUAÑACOS Y REÑILEO,278,True,,,,,
AR-15-006-22A,AR-15-006,AR-15,15,Neuquén,6,MINAS,22A,LA PRIMAVERA,36,True,,,,,
AR-15-006-23,AR-15-006,AR-15,15,Neuquén,6,MINAS,23,ANDACOLLO,2392,True,,,,,
AR-15-006-23A,AR-15-006,AR-15,15,Neuquén,6,MINAS,23A,HUINGANCO,790,True,,,,,
AR-15-006-23B,AR-15-006,AR-15,15,Neuquén,6,MINAS,23B,CAYANTA,75,True,,,,,
AR-15-006-23C,AR-15-006,AR-15,15,Neuquén,6,MINAS,23C,BUTALON NORTE,69,True,,,,,
AR-15-006-24,AR-15-006,AR-15,15,Neuquén,6,MINAS,24,LAS OVEJAS,1207,True,,,,,
AR-15-006-24A,AR-15-006,AR-15,15,Neuquén,6,MINAS,24A,BELLA VISTA,292,True,,,,,
AR-15-006-25,AR-15-006,AR-15,15,Neuquén,6,MINAS,25,VARVARCO,446,True,,,,,
AR-15-006-25A,AR-15-006,AR-15,15,Neuquén,6,MINAS,25A,INVERNADA VIEJA,47,True,,,,,
AR-15-006-25B,AR-15-006,AR-15,15,Neuquén,6,MINAS,25B,MANZANO AMARGO,502,True,,,,,
AR-15-006-69,AR-15-006,AR-15,15,Neuquén,6,MINAS,69,LOS MICHES,532,True,,,,,
AR-15-006-69A,AR-15-006,AR-15,15,Neuquén,6,MINAS,69A,TIERRAS BLANCAS,46,True,,,,,
AR-15-007-26,AR-15-007,AR-15,15,Neuquén,7,ÑORQUIN,26,TAQUIMILAN ABAJO,653,True,,,,,
AR-15-007-26A,AR-15-007,AR-15,15,Neuquén,7,ÑORQUIN,26A,TAQUIMILAN ARRIBA,135,True,,,,,
AR-15-007-26B,AR-15-007,AR-15,15,Neuquén,7,ÑORQUIN,26B,TRES CHORROS,47,True,,,,,
AR-15-007-26C,AR-15-007,AR-15,15,Neuquén,7,ÑORQUIN,26C,NAUNAUCO,44,True,,,,,
AR-15-007-26D,AR-15-007,AR-15,15,Neuquén,7,ÑORQUIN,26D,TRALAITUE,62,True,,,,,
AR-15-007-27,AR-15-007,AR-15,15,Neuquén,7,ÑORQUIN,27,EL CHOLAR,900,True,,,,,
AR-15-007-27A,AR-15-007,AR-15,15,Neuquén,7,ÑORQUIN,27A,EL CHOLAR-FUERA RADIO,10,True,,,,,
AR-15-007-27B,AR-15-007,AR-15,15,Neuquén,7,ÑORQUIN,27B,VILU MALLIN,19,True,,,,,
AR-15-007-28,AR-15-007,AR-15,15,Neuquén,7,ÑORQUIN,28,EL HUECU,1283,True,,,,,
AR-15-007-29,AR-15-007,AR-15,15,Neuquén,7,ÑORQUIN,29,ÑORQUIN,13,True,,,,,
AR-15-007-29A,AR-15-007,AR-15,15,Neuquén,7,ÑORQUIN,29A,RANQUILON,15,True,,,,,
AR-15-007-29B,AR-15-007,AR-15,15,Neuquén,7,ÑORQUIN,29B,CAVIAHUE,915,True,,,,,
AR-15-007-68,AR-15-007,AR-15,15,Neuquén,7,ÑORQUIN,68,COLIPILLE,330,True,,,,,
AR-15-008-30,AR-15-008,AR-15,15,Neuquén,8,LONCOPUE,30,HUNCAL,489,True,,,,,
AR-15-008-30A,AR-15-008,AR-15,15,Neuquén,8,LONCOPUE,30A,QUINTUCO,74,True,,,,,
AR-15-008-30B,AR-15-008,AR-15,15,Neuquén,8,LONCOPUE,30B,CHORRIACA,350,True,,,,,
AR-15-008-31,AR-15-008,AR-15,15,Neuquén,8,LONCOPUE,31,LONCOPUE,4338,True,,,,,
AR-15-008-31A,AR-15-008,AR-15,15,Neuquén,8,LONCOPUE,31A,CAJON DE ALMAZA,50,True,,,,,
AR-15-008-31B,AR-15-008,AR-15,15,Neuquén,8,LONCOPUE,31B,LONCOPUE-FUERA RADIO,51,True,,,,,
AR-15-008-32,AR-15-008,AR-15,15,Neuquén,8,LONCOPUE,32,HUARENCHENQUE,168,True,,,,,
AR-15-008-32A,AR-15-008,AR-15,15,Neuquén,8,LONCOPUE,32A,CERRO LA PARVA,23,True,,,,,
AR-15-009-33,AR-15-009,AR-15,15,Neuquén,9,PICUNCHES,33,MALLIN DE LOS CABALLOS,62,True,,,,,
AR-15-009-34,AR-15-009,AR-15,15,Neuquén,9,PICUNCHES,34,LAS LAJAS,4374,True,,,,,
AR-15-009-34A,AR-15-009,AR-15,15,Neuquén,9,PICUNCHES,34A,LA BUITRERA,442,True,,,,,
AR-15-009-35,AR-15-009,AR-15,15,Neuquén,9,PICUNCHES,35,BAJADA DEL AGRIO,887,True,,,,,
AR-15-009-35A,AR-15-009,AR-15,15,Neuquén,9,PICUNCHES,35A,QUILI MALAL,115,True,,,,,
AR-15-009-35B,AR-15-009,AR-15,15,Neuquén,9,PICUNCHES,35B,VACA MUERTA,25,True,,,,,
AR-15-009-36,AR-15-009,AR-15,15,Neuquén,9,PICUNCHES,36,CODIHUE,25,True,,,,,
AR-15-009-38,AR-15-009,AR-15,15,Neuquén,9,PICUNCHES,38,PORTADA COVUNCO,103,True,,,,,
AR-15-010-39,AR-15-010,AR-15,15,Neuquén,10,ALUMINE,39,QUILLEN,112,True,,,,,
AR-15-010-40,AR-15-010,AR-15,15,Neuquén,10,ALUMINE,40,ALUMINE,4049,True,,,,,
AR-15-010-40A,AR-15-010,AR-15,15,Neuquén,10,ALUMINE,40A,ALUMINE-FUERA RADIO,248,True,,,,,
AR-15-010-41,AR-15-010,AR-15,15,Neuquén,10,ALUMINE,41,QUILCA,55,True,,,,,
AR-15-010-42,AR-15-010,AR-15,15,Neuquén,10,ALUMINE,42,PULMARI,55,True,,,,,
AR-15-010-42A,AR-15-010,AR-15,15,Neuquén,10,ALUMINE,42A,LONCO MULA,87,True,,,,,
AR-15-010-42B,AR-15-010,AR-15,15,Neuquén,10,ALUMINE,42B,RUCA CHOROY,716,True,,,,,
AR-15-010-66,AR-15-010,AR-15,15,Neuquén,10,ALUMINE,66,VILLA PEHUENIA,1555,True,,,,,
AR-15-010-66A,AR-15-010,AR-15,15,Neuquén,10,ALUMINE,66A,LONCO LUAN,261,True,,,,,
AR-15-011-43,AR-15-011,AR-15,15,Neuquén,11,CATAN LIL,43,EL SALITRAL,127,True,,,,,
AR-15-011-44,AR-15-011,AR-15,15,Neuquén,11,CATAN LIL,44,CAICHIHUE,74,True,,,,,
AR-15-011-44A,AR-15-011,AR-15,15,Neuquén,11,CATAN LIL,44A,LA PICAZA,39,True,,,,,
AR-15-011-44B,AR-15-011,AR-15,15,Neuquén,11,CATAN LIL,44B,LAS CORTADERAS,161,True,,,,,
AR-15-011-45,AR-15-011,AR-15,15,Neuquén,11,CATAN LIL,45,LAS COLORADAS,826,True,,,,,
AR-15-011-45A,AR-15-011,AR-15,15,Neuquén,11,CATAN LIL,45A,MEDIA LUNA,69,True,,,,,
AR-15-011-45B,AR-15-011,AR-15,15,Neuquén,11,CATAN LIL,45B,LAS COLORADAS-FUERA RADIO,21,True,,,,,
AR-15-011-46,AR-15-011,AR-15,15,Neuquén,11,CATAN LIL,46,ESPINAZO DEL ZORRO,16,True,,,,,
AR-15-011-46A,AR-15-011,AR-15,15,Neuquén,11,CATAN LIL,46A,CHACAICO SUR,100,True,,,,,
AR-15-011-70,AR-15-011,AR-15,15,Neuquén,11,CATAN LIL,70,PILO LIL,149,True,,,,,
AR-15-012-47,AR-15-012,AR-15,15,Neuquén,12,PICUN LEUFU,47,PICUN LEUFU,3259,True,,,,,
AR-15-012-47A,AR-15-012,AR-15,15,Neuquén,12,PICUN LEUFU,47A,EL SAUCE,299,True,,,,,
AR-15-012-48,AR-15-012,AR-15,15,Neuquén,12,PICUN LEUFU,48,LIMAY CENTRO,94,True,,,,,
AR-15-012-48A,AR-15-012,AR-15,15,Neuquén,12,PICUN LEUFU,48A,PASO AGUERRE,326,True,,,,,
AR-15-013-49,AR-15-013,AR-15,15,Neuquén,13,COLLON CURA,49,PIEDRA DEL AGUILA,3063,True,,,,,
AR-15-013-49A,AR-15-013,AR-15,15,Neuquén,13,COLLON CURA,49A,SANTO TOMAS,434,True,,,,,
AR-15-013-49B,AR-15-013,AR-15,15,Neuquén,13,COLLON CURA,49B,CARRAN CURA,30,True,,,,,
AR-15-013-49C,AR-15-013,AR-15,15,Neuquén,13,COLLON CURA,49C,PIEDRA DEL AGUILA-FUERA RADIO,7,True,,,,,
AR-15-013-49D,AR-15-013,AR-15,15,Neuquén,13,COLLON CURA,49D,RINCON CHICO,7,True,,,,,
AR-15-013-50,AR-15-013,AR-15,15,Neuquén,13,COLLON CURA,50,ZAINA YEGUA,48,True,,,,,
AR-15-013-51,AR-15-013,AR-15,15,Neuquén,13,COLLON CURA,51,SAÑI CO,93,True,,,,,
AR-15-013-52,AR-15-013,AR-15,15,Neuquén,13,COLLON CURA,52,SAN IGNACIO,185,True,,,,,
AR-15-014-53,AR-15-014,AR-15,15,Neuquén,14,HUILICHES,53,JUNIN DE LOS ANDES,11992,True,,,,,
AR-15-014-54,AR-15-014,AR-15,15,Neuquén,14,HUILICHES,54,HUECHULAFQUEN,48,True,,,,,
AR-15-014-54A,AR-15-014,AR-15,15,Neuquén,14,HUILICHES,54A,LA UNION,108,True,,,,,
AR-15-014-55,AR-15-014,AR-15,15,Neuquén,14,HUILICHES,55,PAMPA DEL MALLEO,433,True,,,,,
AR-15-014-55A,AR-15-014,AR-15,15,Neuquén,14,HUILICHES,55A,ATREUCO,289,True,,,,,
AR-15-014-56,AR-15-014,AR-15,15,Neuquén,14,HUILICHES,56,CHIUQUILIHUIN,197,True,,,,,
AR-15-014-56A,AR-15-014,AR-15,15,Neuquén,14,HUILICHES,56A,AUCAPAN,457,True,,,,,
AR-15-015-57,AR-15-015,AR-15,15,Neuquén,15,LACAR,57,SAN MARTIN DE LOS ANDES,12500,True,,,,,
AR-15-015-58,AR-15-015,AR-15,15,Neuquén,15,LACAR,58,QUILA QUINA,179,True,,,,,
AR-15-015-58A,AR-15-015,AR-15,15,Neuquén,15,LACAR,58A,LAGO LOLOG,256,True,,,,,
AR-15-015-58B,AR-15-015,AR-15,15,Neuquén,15,LACAR,58B,HUA HUM,20,True,,,,,
AR-15-015-58C,AR-15-015,AR-15,15,Neuquén,15,LACAR,58C,LAS TAGUAS Y CALEUFU,371,True,,,,,
AR-15-015-58D,AR-15-015,AR-15,15,Neuquén,15,LACAR,58D,LAS BANDURRIAS Y TROMPUL,201,True,,,,,
AR-15-015-59,AR-15-015,AR-15,15,Neuquén,15,LACAR,59,QUEMQUEMTREU,13,True,,,,,
AR-15-015-59A,AR-15-015,AR-15,15,Neuquén,15,LACAR,59A,CHAPELCO,72,True,,,,,
AR-15-015-65,AR-15-015,AR-15,15,Neuquén,15,LACAR,65,VEGA MAIPU,13915,True,,,,,
AR-15-016-60,AR-15-016,AR-15,15,Neuquén,16,LOS LAGOS,60,VILLA TRAFUL,522,True,,,,,
AR-15-016-60A,AR-15-016,AR-15,15,Neuquén,16,LOS LAGOS,60A,LA LIPELA,55,True,,,,,
AR-15-016-61,AR-15-016,AR-15,15,Neuquén,16,LOS LAGOS,61,VILLA LA ANGOSTURA,9904,True,,,,,
AR-15-016-61A,AR-15-016,AR-15,15,Neuquén,16,LOS LAGOS,61A,V.LA ANGOSTURA-FUERA DE RADIO,64,True,,,,,
AR-15-016-61B,AR-15-016,AR-15,15,Neuquén,16,LOS LAGOS,61B,PASO COIHUE,56,True,,,,,
AR-16-001-101,AR-16-001,AR-16,16,Rio Negro,1,ADOLFO ALSINA,101,"DON BOSCO, 14 DE MARZO, PIEDRA",3600,True,True,00101,Adolfo Alsina,3946,False
AR-16-001-102,AR-16-001,AR-16,16,Rio Negro,1,ADOLFO ALSINA,102,"BARRIO GUIDO, INALAUQUEN",3581,True,True,00102,Adolfo Alsina,3600,False
AR-16-001-103,AR-16-001,AR-16,16,Rio Negro,1,ADOLFO ALSINA,103,LOS FRESNOS Y CURRU LEUVU,1767,True,True,00103,Adolfo Alsina,2163,False
AR-16-001-104,AR-16-001,AR-16,16,Rio Negro,1,ADOLFO ALSINA,104,SANTA CLARA,3609,True,True,00104,Adolfo Alsina,4016,False
AR-16-001-105,AR-16-001,AR-16,16,Rio Negro,1,ADOLFO ALSINA,105,LAVALLE,3179,True,True,00105,Adolfo Alsina,3309,False
AR-16-001-106,AR-16-001,AR-16,16,Rio Negro,1,ADOLFO ALSINA,106,MI BANDERA,1569,True,True,00106,Adolfo Alsina,1928,False
AR-16-001-107,AR-16-001,AR-16,16,Rio Negro,1,ADOLFO ALSINA,107,"SAN MARTIN, BARRIO NORTE Y EMP",2840,True,True,00107,Adolfo Alsina,3336,False
AR-16-001-108,AR-16-001,AR-16,16,Rio Negro,1,ADOLFO ALSINA,108,BELGRANO ESTE,2262,True,True,00108,Adolfo Alsina,2300,False
AR-16-001-109,AR-16-001,AR-16,16,Rio Negro,1,ADOLFO ALSINA,109,AMERICA Y 20 DE JUNIO,2483,True,True,00109,Adolfo Alsina,2446,False
AR-16-001-110,AR-16-001,AR-16,16,Rio Negro,1,ADOLFO ALSINA,110,COSTANERA Y CENTRO,2316,True,True,00110,Adolfo Alsina,2286,False
AR-16-001-111,AR-16-001,AR-16,16,Rio Negro,1,ADOLFO ALSINA,111,CEFERINO,2851,True,True,00111,Adolfo Alsina,2889,False
AR-16-001-112,AR-16-001,AR-16,16,Rio Negro,1,ADOLFO ALSINA,112,DON ZATTI,3178,True,True,00112,Adolfo Alsina,3120,False
AR-16-001-113,AR-16-001,AR-16,16,Rio Negro,1,ADOLFO ALSINA,113,FATIMA,2326,True,True,00113,Adolfo Alsina,2256,False
AR-16-001-114,AR-16-001,AR-16,16,Rio Negro,1,ADOLFO ALSINA,114,"LAS FLORES,INDEPENDENCIA,GOB.C",4008,True,True,00114,Adolfo Alsina,4443,False
AR-16-001-115,AR-16-001,AR-16,16,Rio Negro,1,ADOLFO ALSINA,115,MITRE,2340,True,True,00115,Adolfo Alsina,2207,False
AR-16-001-116,AR-16-001,AR-16,16,Rio Negro,1,ADOLFO ALSINA,116,BELGRANO OESTE,1802,True,True,00116,Adolfo Alsina,1918,False
AR-16-001-117,AR-16-001,AR-16,16,Rio Negro,1,ADOLFO ALSINA,117,SARGENTO CABRAL Y ALMIRANTE BR,2217,True,True,00117,Adolfo Alsina,2275,False
AR-16-001-118,AR-16-001,AR-16,16,Rio Negro,1,ADOLFO ALSINA,118,30 DE MARZO,702,True,True,00118,Adolfo Alsina,1489,False
AR-16-001-119,AR-16-001,AR-16,16,Rio Negro,1,ADOLFO ALSINA,119,ALVAREZ GUERRERO,1832,True,True,00119,Adolfo Alsina,2391,False
AR-16-001-120,AR-16-001,AR-16,16,Rio Negro,1,ADOLFO ALSINA,120,JARDIN,1127,True,True,00120,Adolfo Alsina,1469,False
AR-16-001-121,AR-16-001,AR-16,16,Rio Negro,1,ADOLFO ALSINA,121,EL JUNCAL,397,True,True,00121,Adolfo Alsina,525,False
AR-16-001-122,AR-16-001,AR-16,16,Rio Negro,1,ADOLFO ALSINA,122,EL CONDOR,687,True,True,00122,Adolfo Alsina,899,False
AR-16-001-2,AR-16-001,AR-16,16,Rio Negro,1,ADOLFO ALSINA,2,SAN JAVIER,1947,True,True,00002,Adolfo Alsina,2113,False
AR-16-001-3,AR-16-001,AR-16,16,Rio Negro,1,ADOLFO ALSINA,3,CUBANEA,20,True,True,00003,Adolfo Alsina,19,False
AR-16-001-4,AR-16-001,AR-16,16,Rio Negro,1,ADOLFO ALSINA,4,GUARDIA MITRE,812,True,True,00004,Adolfo Alsina,880,False
AR-16-002-7,AR-16-002,AR-16,16,Rio Negro,2,CONESA,7,GENERAL CONESA,5561,True,True,00007,Conesa,5802,False
AR-16-002-8,AR-16-002,AR-16,16,Rio Negro,2,CONESA,8,GENERAL E.FRIAS,68,True,True,00008,Conesa,67,False
AR-16-003-11,AR-16-003,AR-16,16,Rio Negro,3,SAN ANTONIO,11,SIERRA GRANDE,6787,True,True,00011,San Antonio,7076,False
AR-16-003-9,AR-16-003,AR-16,16,Rio Negro,3,SAN ANTONIO,9,SAN ANTONIO OESTE,15280,True,True,00009,San Antonio,16505,False
AR-16-003-9A,AR-16-003,AR-16,16,Rio Negro,3,SAN ANTONIO,9A,LAS GRUTAS,4633,True,True,0009A,San Antonio,6068,False
AR-16-003-9B,AR-16-003,AR-16,16,Rio Negro,3,SAN ANTONIO,9B,PTO S ANTONIO ESTE,295,True,True,0009B,San Antonio,372,False
AR-16-004-12,AR-16-004,AR-16,16,Rio Negro,4,VALCHETA,12,VALCHETA,3561,True,True,00012,Valcheta,3578,False
AR-16-004-12B,AR-16-004,AR-16,16,Rio Negro,4,VALCHETA,12B,AGUADA CECILIO,67,True,True,0012B,Valcheta,89,False
AR-16-004-13,AR-16-004,AR-16,16,Rio Negro,4,VALCHETA,13,NAHUEL NIYEU,59,True,True,00013,Valcheta,60,False
AR-16-004-14,AR-16-004,AR-16,16,Rio Negro,4,VALCHETA,14,PAJA ALTA,19,True,False,,,,False
AR-16-004-15,AR-16-004,AR-16,16,Rio Negro,4,VALCHETA,15,SIERRA PAILEMAN,132,True,True,00015,Valcheta,105,False
AR-16-004-16,AR-16-004,AR-16,16,Rio Negro,4,VALCHETA,16,ARROYO LOS BERROS,148,True,True,00016,Valcheta,120,False
AR-16-004-17,AR-16-004,AR-16,16,Rio Negro,4,VALCHETA,17,CHIPAUQUIL,68,True,True,00017,Valcheta,88,False
AR-16-004-18,AR-16-004,AR-16,16,Rio Negro,4,VALCHETA,18,ARROYO VENTANA,87,True,True,00018,Valcheta,91,False
AR-16-005-19,AR-16-005,AR-16,16,Rio Negro,5,9 DE JULIO,19,SIERRA COLORADA,1495,True,True,00019,9 de Julio,1600,False
AR-16-005-20,AR-16-005,AR-16,16,Rio Negro,5,9 DE JULIO,20,MRO RAMOS MEXIA,863,True,True,00020,9 de Julio,926,False
AR-16-005-20A,AR-16-005,AR-16,16,Rio Negro,5,9 DE JULIO,20A,MTRO R MEXIA RURAL,148,True,True,0020A,9 de Julio,136,False
AR-16-005-21,AR-16-005,AR-16,16,Rio Negro,5,9 DE JULIO,21,TRENETA,195,True,True,00021,9 de Julio,218,False
AR-16-005-22,AR-16-005,AR-16,16,Rio Negro,5,9 DE JULIO,22,CONA NIYEU,195,True,True,00022,9 de Julio,176,False
AR-16-005-22A,AR-16-005,AR-16,16,Rio Negro,5,9 DE JULIO,22A,PRAGUANIYEU,144,True,True,0022A,9 de Julio,160,False
AR-16-006-23,AR-16-006,AR-16,16,Rio Negro,6,25 DE MAYO,23,LOS MENUCOS,2996,True,True,00023,25 de Mayo,3233,False
AR-16-006-24,AR-16-006,AR-16,16,Rio Negro,6,25 DE MAYO,24,MAQUINCHAO,2367,True,True,00024,25 de Mayo,2398,False
AR-16-006-24A,AR-16-006,AR-16,16,Rio Negro,6,25 DE MAYO,24A,MAQUINCHAO RURAL,152,True,True,0024A,25 de Mayo,155,False
AR-16-006-24B,AR-16-006,AR-16,16,Rio Negro,6,25 DE MAYO,24B,AGUADA DE GUERRA,135,True,True,0024B,25 de Mayo,151,False
AR-16-006-25,AR-16-006,AR-16,16,Rio Negro,6,25 DE MAYO,25,EL CAIN,335,True,True,00025,25 de Mayo,336,False
AR-16-006-27,AR-16-006,AR-16,16,Rio Negro,6,25 DE MAYO,27,QUETREQUILE,52,True,True,00027,25 de Mayo,43,False
AR-16-006-28,AR-16-006,AR-16,16,Rio Negro,6,25 DE MAYO,28,INGENIERO JACOBACCI,6004,True,True,00028,25 de Mayo,6218,False
AR-16-006-29,AR-16-006,AR-16,16,Rio Negro,6,25 DE MAYO,29,CLEMENTE ONELLI,131,True,True,00029,25 de Mayo,157,False
AR-16-006-30,AR-16-006,AR-16,16,Rio Negro,6,25 DE MAYO,30,LAGUNA BLANCA,177,True,True,00030,25 de Mayo,190,False
AR-16-007-31,AR-16-007,AR-16,16,Rio Negro,7,ÑORQUINCO,31,ÑORQUINCO,583,True,True,00031,Ñorquinco,659,False
AR-16-007-31B,AR-16-007,AR-16,16,Rio Negro,7,ÑORQUINCO,31B,ARROYO LAS MINAS,30,True,True,0031B,Ñorquinco,42,False
AR-16-007-32,AR-16-007,AR-16,16,Rio Negro,7,ÑORQUINCO,32,LAS BAYAS,50,True,True,00032,Ñorquinco,49,False
AR-16-007-33,AR-16-007,AR-16,16,Rio Negro,7,ÑORQUINCO,33,CHACAY HUARRUCA,64,True,True,00033,Ñorquinco,65,False
AR-16-007-34,AR-16-007,AR-16,16,Rio Negro,7,ÑORQUINCO,34,RIO CHICO,342,True,True,00034,Ñorquinco,374,False
AR-16-007-35,AR-16-007,AR-16,16,Rio Negro,7,ÑORQUINCO,35,MAMUEL CHOIQUE,208,True,True,00035,Ñorquinco,240,False
AR-16-008-36,AR-16-008,AR-16,16,Rio Negro,8,PILCANIYEU,36,PILCANIYEU,939,True,True,00036,Pilcaniyeu,1011,False
AR-16-008-36B,AR-16-008,AR-16,16,Rio Negro,8,PILCANIYEU,36B,DINA HUAPI,4058,True,True,0036B,Pilcaniyeu,5196,False
AR-16-008-36C,AR-16-008,AR-16,16,Rio Negro,8,PILCANIYEU,36C,CORRALITO,80,True,True,0036C,Pilcaniyeu,227,False
AR-16-008-37,AR-16-008,AR-16,16,Rio Negro,8,PILCANIYEU,37,COMALLO,1517,True,True,00037,Pilcaniyeu,1754,False
AR-16-008-38,AR-16-008,AR-16,16,Rio Negro,8,PILCANIYEU,38,COQUELEN,32,True,False,,,,False
AR-16-008-38A,AR-16-008,AR-16,16,Rio Negro,8,PILCANIYEU,38A,PILQUINIYEU DEL LIMAY,134,True,True,0038A,Pilcaniyeu,124,False
AR-16-008-39,AR-16-008,AR-16,16,Rio Negro,8,PILCANIYEU,39,PASO FLORES,67,True,False,,,,False
AR-16-008-40A,AR-16-008,AR-16,16,Rio Negro,8,PILCANIYEU,40A,VILLA LLANQUIN,257,True,True,0040A,Pilcaniyeu,314,False
AR-16-009-4101,AR-16-009,AR-16,16,Rio Negro,9,BARILOCHE,4101,CNIA SUIZA,196,True,True,04101,Bariloche,299,False
AR-16-009-4102,AR-16-009,AR-16,16,Rio Negro,9,BARILOCHE,4102,KM 20,2897,True,True,04102,Bariloche,3597,False
AR-16-009-4103,AR-16-009,AR-16,16,Rio Negro,9,BARILOCHE,4103,KM 10,6512,True,True,04103,Bariloche,7502,False
AR-16-009-4104,AR-16-009,AR-16,16,Rio Negro,9,BARILOCHE,4104,CRUCE CATEDRAL,5892,True,True,04104,Bariloche,6913,False
AR-16-009-4105,AR-16-009,AR-16,16,Rio Negro,9,BARILOCHE,4105,TELESFERICO,2925,True,True,04105,Bariloche,3204,False
AR-16-009-4106,AR-16-009,AR-16,16,Rio Negro,9,BARILOCHE,4106,MELIPAL,3934,True,True,04106,Bariloche,4146,False
AR-16-009-4107,AR-16-009,AR-16,16,Rio Negro,9,BARILOCHE,4107,LOS COIHUES,1987,True,True,04107,Bariloche,2366,False
AR-16-009-4108,AR-16-009,AR-16,16,Rio Negro,9,BARILOCHE,4108,EL PILAR,1508,True,True,04108,Bariloche,3217,False
AR-16-009-4109,AR-16-009,AR-16,16,Rio Negro,9,BARILOCHE,4109,NAHUEL HUE,5724,True,True,04109,Bariloche,7015,False
AR-16-009-4110,AR-16-009,AR-16,16,Rio Negro,9,BARILOCHE,4110,EL FRUTILLAR,4174,True,True,04110,Bariloche,5046,False
AR-16-009-4111,AR-16-009,AR-16,16,Rio Negro,9,BARILOCHE,4111,2 DE ABRIL,1241,True,True,04111,Bariloche,1368,False
AR-16-009-4112,AR-16-009,AR-16,16,Rio Negro,9,BARILOCHE,4112,QUIMEY HUE,1989,True,True,04112,Bariloche,2128,False
AR-16-009-4113,AR-16-009,AR-16,16,Rio Negro,9,BARILOCHE,4113,ESCUELA 16,2063,True,True,04113,Bariloche,2150,False
AR-16-009-4114,AR-16-009,AR-16,16,Rio Negro,9,BARILOCHE,4114,NACIONAL,4894,True,True,04114,Bariloche,4610,False
AR-16-009-4115,AR-16-009,AR-16,16,Rio Negro,9,BARILOCHE,4115,FASTA,2443,True,True,04115,Bariloche,2483,False
AR-16-009-4116,AR-16-009,AR-16,16,Rio Negro,9,BARILOCHE,4116,EL MALLIN,1866,True,True,04116,Bariloche,1977,False
AR-16-009-4117,AR-16-009,AR-16,16,Rio Negro,9,BARILOCHE,4117,CENTRO CIVICO,1626,True,True,04117,Bariloche,1387,False
AR-16-009-4118,AR-16-009,AR-16,16,Rio Negro,9,BARILOCHE,4118,COMERCIAL,6586,True,True,04118,Bariloche,6625,False
AR-16-009-4119,AR-16-009,AR-16,16,Rio Negro,9,BARILOCHE,4119,LERA,4422,True,True,04119,Bariloche,3043,False
AR-16-009-4120,AR-16-009,AR-16,16,Rio Negro,9,BARILOCHE,4120,UNIVERSIDAD DEL COMAHUE,3111,True,True,04120,Bariloche,3294,False
AR-16-009-4121,AR-16-009,AR-16,16,Rio Negro,9,BARILOCHE,4121,DIAG GUTIERREZ,1492,True,True,04121,Bariloche,1474,False
AR-16-009-4122,AR-16-009,AR-16,16,Rio Negro,9,BARILOCHE,4122,TIRO FEDERAL,1107,True,True,04122,Bariloche,1106,False
AR-16-009-4123,AR-16-009,AR-16,16,Rio Negro,9,BARILOCHE,4123,LAS QUINTAS,3524,True,True,04123,Bariloche,3130,False
AR-16-009-4124,AR-16-009,AR-16,16,Rio Negro,9,BARILOCHE,4124,FOUROUS,2372,True,True,04124,Bariloche,2535,False
AR-16-009-4125,AR-16-009,AR-16,16,Rio Negro,9,BARILOCHE,4125,B ELFLEIN,1999,True,True,04125,Bariloche,1876,False
AR-16-009-4126,AR-16-009,AR-16,16,Rio Negro,9,BARILOCHE,4126,B LEVALLE,1867,True,True,04126,Bariloche,2358,False
AR-16-009-4127,AR-16-009,AR-16,16,Rio Negro,9,BARILOCHE,4127,LA LLAVE,4738,True,True,04127,Bariloche,4859,False
AR-16-009-4128,AR-16-009,AR-16,16,Rio Negro,9,BARILOCHE,4128,VURILOCHE,2675,True,True,04128,Bariloche,2097,False
AR-16-009-4129,AR-16-009,AR-16,16,Rio Negro,9,BARILOCHE,4129,SAN FRANCISCO,5013,True,True,04129,Bariloche,8102,False
AR-16-009-4130,AR-16-009,AR-16,16,Rio Negro,9,BARILOCHE,4130,INDUSTRIAL,5011,True,True,04130,Bariloche,6613,False
AR-16-009-4131,AR-16-009,AR-16,16,Rio Negro,9,BARILOCHE,4131,VILLA MASCARDI,58,True,True,04131,Bariloche,222,False
AR-16-009-42,AR-16-009,AR-16,16,Rio Negro,9,BARILOCHE,42,EL FOYEL,545,True,True,00042,Bariloche,666,False
AR-16-009-43,AR-16-009,AR-16,16,Rio Negro,9,BARILOCHE,43,EL BOLSON,16238,True,True,00043,Bariloche,20274,False
AR-16-009-43A,AR-16-009,AR-16,16,Rio Negro,9,BARILOCHE,43A,MALLIN AHOGADO,1425,True,True,0043A,Bariloche,1826,False
AR-16-010-44,AR-16-010,AR-16,16,Rio Negro,10,PICHI MAHUIDA,44,RIO COLORADO,12301,True,True,00044,Pichi Mahuida,13054,False
AR-16-011-47,AR-16-011,AR-16,16,Rio Negro,11,AVELLANEDA,47,CHOELE CHOEL,9479,True,True,00047,Avellaneda,10701,False
AR-16-011-48,AR-16-011,AR-16,16,Rio Negro,11,AVELLANEDA,48,LUIS BELTRAN,6003,True,True,00048,Avellaneda,6647,False
AR-16-011-49,AR-16-011,AR-16,16,Rio Negro,11,AVELLANEDA,49,LAMARQUE,6532,True,True,00049,Avellaneda,7143,False
AR-16-011-50,AR-16-011,AR-16,16,Rio Negro,11,AVELLANEDA,50,POMONA,899,True,True,00050,Avellaneda,1006,False
AR-16-011-51,AR-16-011,AR-16,16,Rio Negro,11,AVELLANEDA,51,COLONIA JOSEFA,20,True,False,,,,False
AR-16-011-52,AR-16-011,AR-16,16,Rio Negro,11,AVELLANEDA,52,DARWIN,915,True,True,00052,Avellaneda,1046,False
AR-16-011-53,AR-16-011,AR-16,16,Rio Negro,11,AVELLANEDA,53,CORONEL BELISLE,1346,True,True,00053,Avellaneda,1471,False
AR-16-011-54,AR-16-011,AR-16,16,Rio Negro,11,AVELLANEDA,54,CHIMPAY,3492,True,True,00054,Avellaneda,3823,False
AR-16-011-55,AR-16-011,AR-16,16,Rio Negro,11,AVELLANEDA,55,CHELFORO,60,True,True,00055,Avellaneda,90,False
AR-16-012-57,AR-16-012,AR-16,16,Rio Negro,12,GENERAL ROCA,57,CHICHINALES,3807,True,True,00057,General Roca,4177,False
AR-16-012-58,AR-16-012,AR-16,16,Rio Negro,12,GENERAL ROCA,58,VILLA REGINA,26918,True,True,00058,General Roca,28392,False
AR-16-012-59,AR-16-012,AR-16,16,Rio Negro,12,GENERAL ROCA,59,GRAL ENRIQUE GODOY,3520,True,True,00059,General Roca,3921,False
AR-16-012-60,AR-16-012,AR-16,16,Rio Negro,12,GENERAL ROCA,60,INGENIERO HUERGO,5811,True,True,00060,General Roca,6398,False
AR-16-012-61,AR-16-012,AR-16,16,Rio Negro,12,GENERAL ROCA,61,MAINQUE,2231,True,True,00061,General Roca,2598,False
AR-16-012-62,AR-16-012,AR-16,16,Rio Negro,12,GENERAL ROCA,62,CERVANTES,5130,True,True,00062,General Roca,6292,False
AR-16-012-6301,AR-16-012,AR-16,16,Rio Negro,12,GENERAL ROCA,6301,PASO CORDOVA,1186,True,True,06301,General Roca,1373,False
AR-16-012-6302,AR-16-012,AR-16,16,Rio Negro,12,GENERAL ROCA,6302,"MOSCONI, LA RIVERA Y LA COSTA",1422,True,True,06302,General Roca,1960,False
AR-16-012-6303,AR-16-012,AR-16,16,Rio Negro,12,GENERAL ROCA,6303,STEFENELLI,3111,True,True,06303,General Roca,3793,False
AR-16-012-6304,AR-16-012,AR-16,16,Rio Negro,12,GENERAL ROCA,6304,PROGRESO Y MALVINAS,1815,True,True,06304,General Roca,1957,False
AR-16-012-6305,AR-16-012,AR-16,16,Rio Negro,12,GENERAL ROCA,6305,B SAN CAYETANO Y OTROS,7261,True,True,06305,General Roca,8067,False
AR-16-012-6306,AR-16-012,AR-16,16,Rio Negro,12,GENERAL ROCA,6306,B UNIVERSITARIO Y OTROS,8625,True,True,06306,General Roca,9014,False
AR-16-012-6307,AR-16-012,AR-16,16,Rio Negro,12,GENERAL ROCA,6307,CENTRO,9831,True,True,06307,General Roca,9524,False
AR-16-012-6308,AR-16-012,AR-16,16,Rio Negro,12,GENERAL ROCA,6308,QUINTU PANAL Y OTROS,7098,True,True,06308,General Roca,7517,False
AR-16-012-6309,AR-16-012,AR-16,16,Rio Negro,12,GENERAL ROCA,6309,VILLA OBRERA Y OTROS,3716,True,True,06309,General Roca,4036,False
AR-16-012-6310,AR-16-012,AR-16,16,Rio Negro,12,GENERAL ROCA,6310,B BAGLIANI Y OTROS,6092,True,True,06310,General Roca,6154,False
AR-16-012-6311,AR-16-012,AR-16,16,Rio Negro,12,GENERAL ROCA,6311,B LA BARDA Y OTROS,11187,True,True,06311,General Roca,12589,False
AR-16-012-6312,AR-16-012,AR-16,16,Rio Negro,12,GENERAL ROCA,6312,B NUEVO,8585,True,True,06312,General Roca,10416,False
AR-16-012-6313,AR-16-012,AR-16,16,Rio Negro,12,GENERAL ROCA,6313,BELGRANO Y OTROS,3908,True,True,06313,General Roca,4867,False
AR-16-012-6314,AR-16-012,AR-16,16,Rio Negro,12,GENERAL ROCA,6314,CHACRA MONTE Y SECCION CHACRAS,2278,True,True,06314,General Roca,2927,False
AR-16-012-6315,AR-16-012,AR-16,16,Rio Negro,12,GENERAL ROCA,6315,ROMAGNOLI Y SECCION CHACRAS,628,True,True,06315,General Roca,885,False
AR-16-012-64,AR-16-012,AR-16,16,Rio Negro,12,GENERAL ROCA,64,ALLEN,21574,True,True,00064,General Roca,23137,False
AR-16-012-65,AR-16-012,AR-16,16,Rio Negro,12,GENERAL ROCA,65,CIPOLLETTI,65556,True,False,,,,False
AR-16-012-66,AR-16-012,AR-16,16,Rio Negro,12,GENERAL ROCA,66,CINCO SALTOS,19526,True,True,00066,General Roca,21684,False
AR-16-012-67,AR-16-012,AR-16,16,Rio Negro,12,GENERAL ROCA,67,CLTE CORDERO,1480,True,True,00067,General Roca,1828,False
AR-16-012-68,AR-16-012,AR-16,16,Rio Negro,12,GENERAL ROCA,68,CAMPO GRANDE,4014,True,True,00068,General Roca,4808,False
AR-16-012-68B,AR-16-012,AR-16,16,Rio Negro,12,GENERAL ROCA,68B,BARDA DEL MEDIO,1440,True,True,0068B,General Roca,1842,False
AR-16-012-69,AR-16-012,AR-16,16,Rio Negro,12,GENERAL ROCA,69,CATRIEL,16960,True,True,00069,General Roca,18455,False
AR-16-012-69A,AR-16-012,AR-16,16,Rio Negro,12,GENERAL ROCA,69A,CATRIEL RURAL,213,True,True,0069A,General Roca,234,False
AR-16-012-70,AR-16-012,AR-16,16,Rio Negro,12,GENERAL ROCA,70,GRAL FERNANDEZ ORO,9697,True,True,00070,General Roca,14224,False
AR-16-013-71,AR-16-013,AR-16,16,Rio Negro,13,EL CUY,71,EL CUY,555,True,True,00071,El Cuy,517,False
AR-16-013-71A,AR-16-013,AR-16,16,Rio Negro,13,EL CUY,71A,VALLE AZUL,568,True,True,0071A,El Cuy,646,False
AR-16-013-72,AR-16-013,AR-16,16,Rio Negro,13,EL CUY,72,CERRO POLICIA,301,True,True,00072,El Cuy,263,False
AR-16-013-73,AR-16-013,AR-16,16,Rio Negro,13,EL CUY,73,LONCO VACA,189,True,True,00073,El Cuy,212,False
AR-16-013-74,AR-16-013,AR-16,16,Rio Negro,13,EL CUY,74,MENCUE,522,True,True,00074,El Cuy,498,False
AR-16-013-75,AR-16-013,AR-16,16,Rio Negro,13,EL CUY,75,BAJADA COLORADA,132,True,True,00075,El Cuy,199,False
AR-16-013-76,AR-16-013,AR-16,16,Rio Negro,13,EL CUY,76,BALSA LAS PERLAS,1028,True,True,00076,El Cuy,1124,False
AR-17-001-1A,AR-17-001,AR-17,17,Salta,1,CAPITAL,1A,C,5350,True,True,0001A,Capital,5014,False
AR-17-001-1B,AR-17-001,AR-17,17,Salta,1,CAPITAL,1B,C,2062,True,True,0001B,Capital,1818,False
AR-17-001-1C,AR-17-001,AR-17,17,Salta,1,CAPITAL,1C,C,3977,True,True,0001C,Capital,3660,False
AR-17-001-1D,AR-17-001,AR-17,17,Salta,1,CAPITAL,1D,C,3893,True,True,0001D,Capital,3648,False
AR-17-001-1E,AR-17-001,AR-17,17,Salta,1,CAPITAL,1E,C,3976,True,True,0001E,Capital,3827,False
AR-17-001-1F,AR-17-001,AR-17,17,Salta,1,CAPITAL,1F,C,9442,True,True,0001F,Capital,9104,False
AR-17-001-1G,AR-17-001,AR-17,17,Salta,1,CAPITAL,1G,C,7571,True,True,0001G,Capital,7642,False
AR-17-001-2A,AR-17-001,AR-17,17,Salta,1,CAPITAL,2A,C,7328,True,True,0002A,Capital,6982,False
AR-17-001-2B,AR-17-001,AR-17,17,Salta,1,CAPITAL,2B,C,4406,True,True,0002B,Capital,4184,False
AR-17-001-2C,AR-17-001,AR-17,17,Salta,1,CAPITAL,2C,C,4120,True,True,0002C,Capital,3807,False
AR-17-001-2D,AR-17-001,AR-17,17,Salta,1,CAPITAL,2D,C,10059,True,True,0002D,Capital,9524,False
AR-17-001-2E,AR-17-001,AR-17,17,Salta,1,CAPITAL,2E,C,1760,True,True,0002E,Capital,1773,False
AR-17-001-2F,AR-17-001,AR-17,17,Salta,1,CAPITAL,2F,C,6041,True,True,0002F,Capital,5842,False
AR-17-001-2G,AR-17-001,AR-17,17,Salta,1,CAPITAL,2G,C,9671,True,True,0002G,Capital,9507,False
AR-17-001-2H,AR-17-001,AR-17,17,Salta,1,CAPITAL,2H,C,2218,True,True,0002H,Capital,2137,False
AR-17-001-2I,AR-17-001,AR-17,17,Salta,1,CAPITAL,2I,C,9009,True,True,0002I,Capital,8745,False
AR-17-001-2J,AR-17-001,AR-17,17,Salta,1,CAPITAL,2J,C,8916,True,True,0002J,Capital,9031,False
AR-17-001-2K,AR-17-001,AR-17,17,Salta,1,CAPITAL,2K,C,5883,True,True,0002K,Capital,5607,False
AR-17-001-2L,AR-17-001,AR-17,17,Salta,1,CAPITAL,2L,C,4991,True,True,0002L,Capital,4994,False
AR-17-001-2M,AR-17-001,AR-17,17,Salta,1,CAPITAL,2M,C,8576,True,True,0002M,Capital,8462,False
AR-17-001-2N,AR-17-001,AR-17,17,Salta,1,CAPITAL,2N,C,6917,True,True,0002N,Capital,6781,False
AR-17-001-2O,AR-17-001,AR-17,17,Salta,1,CAPITAL,2O,C,9597,True,True,0002O,Capital,10440,False
AR-17-001-2P,AR-17-001,AR-17,17,Salta,1,CAPITAL,2P,C,6136,True,True,0002P,Capital,6376,False
AR-17-001-2Q,AR-17-001,AR-17,17,Salta,1,CAPITAL,2Q,C,11787,True,True,0002Q,Capital,12747,False
AR-17-001-3A,AR-17-001,AR-17,17,Salta,1,CAPITAL,3A,C,17550,True,True,0003A,Capital,18133,False
AR-17-001-3B,AR-17-001,AR-17,17,Salta,1,CAPITAL,3B,C,21422,True,True,0003B,Capital,22634,False
AR-17-001-3C,AR-17-001,AR-17,17,Salta,1,CAPITAL,3C,C,10366,True,True,0003C,Capital,10727,False
AR-17-001-3D,AR-17-001,AR-17,17,Salta,1,CAPITAL,3D,C,6805,True,True,0003D,Capital,6947,False
AR-17-001-3E,AR-17-001,AR-17,17,Salta,1,CAPITAL,3E,C,5181,True,True,0003E,Capital,4993,False
AR-17-001-3F,AR-17-001,AR-17,17,Salta,1,CAPITAL,3F,C,6041,True,True,0003F,Capital,5673,False
AR-17-001-3G,AR-17-001,AR-17,17,Salta,1,CAPITAL,3G,C,10193,True,True,0003G,Capital,10046,False
AR-17-001-3H,AR-17-001,AR-17,17,Salta,1,CAPITAL,3H,C,6823,True,True,0003H,Capital,6737,False
AR-17-001-3I,AR-17-001,AR-17,17,Salta,1,CAPITAL,3I,C,16038,True,True,0003I,Capital,17549,False
AR-17-001-3J,AR-17-001,AR-17,17,Salta,1,CAPITAL,3J,C,3618,True,True,0003J,Capital,3649,False
AR-17-001-3K,AR-17-001,AR-17,17,Salta,1,CAPITAL,3K,C,7028,True,True,0003K,Capital,7768,False
AR-17-001-3L,AR-17-001,AR-17,17,Salta,1,CAPITAL,3L,C,4239,True,True,0003L,Capital,7984,False
AR-17-001-4A,AR-17-001,AR-17,17,Salta,1,CAPITAL,4A,C,8721,True,True,0004A,Capital,12082,False
AR-17-001-4B,AR-17-001,AR-17,17,Salta,1,CAPITAL,4B,C,1265,True,True,0004B,Capital,2493,False
AR-17-001-4C,AR-17-001,AR-17,17,Salta,1,CAPITAL,4C,C,2335,True,True,0004C,Capital,2921,False
AR-17-001-4D,AR-17-001,AR-17,17,Salta,1,CAPITAL,4D,C,5271,True,True,0004D,Capital,8789,False
AR-17-001-5A,AR-17-001,AR-17,17,Salta,1,CAPITAL,5A,C,9180,True,True,0005A,Capital,9487,False
AR-17-001-5B,AR-17-001,AR-17,17,Salta,1,CAPITAL,5B,C,5934,True,True,0005B,Capital,6049,False
AR-17-001-5C,AR-17-001,AR-17,17,Salta,1,CAPITAL,5C,C,9174,True,True,0005C,Capital,9494,False
AR-17-001-5D,AR-17-001,AR-17,17,Salta,1,CAPITAL,5D,C,9878,True,True,0005D,Capital,12637,False
AR-17-001-5E,AR-17-001,AR-17,17,Salta,1,CAPITAL,5E,C,21572,True,True,0005E,Capital,23539,False
AR-17-001-5F,AR-17-001,AR-17,17,Salta,1,CAPITAL,5F,C,12094,True,True,0005F,Capital,12729,False
AR-17-001-5G,AR-17-001,AR-17,17,Salta,1,CAPITAL,5G,C,10476,True,True,0005G,Capital,11262,False
AR-17-001-5H,AR-17-001,AR-17,17,Salta,1,CAPITAL,5H,C,4449,True,True,0005H,Capital,4211,False
AR-17-001-5I,AR-17-001,AR-17,17,Salta,1,CAPITAL,5I,C,13784,True,True,0005I,Capital,14457,False
AR-17-001-5J,AR-17-001,AR-17,17,Salta,1,CAPITAL,5J,C,959,True,True,0005J,Capital,1324,False
AR-17-001-5K,AR-17-001,AR-17,17,Salta,1,CAPITAL,5K,C,2786,True,True,0005K,Capital,3195,False
AR-17-001-5L,AR-17-001,AR-17,17,Salta,1,CAPITAL,5L,C,9618,True,True,0005L,Capital,9872,False
AR-17-001-5M,AR-17-001,AR-17,17,Salta,1,CAPITAL,5M,C,4530,True,True,0005M,Capital,4997,False
AR-17-001-5N,AR-17-001,AR-17,17,Salta,1,CAPITAL,5N,C,11744,True,True,0005N,Capital,14530,False
AR-17-001-5O,AR-17-001,AR-17,17,Salta,1,CAPITAL,5O,C,2767,True,True,0005O,Capital,3593,False
AR-17-001-6A,AR-17-001,AR-17,17,Salta,1,CAPITAL,6A,C,7520,True,True,0006A,Capital,8809,False
AR-17-001-7A,AR-17-001,AR-17,17,Salta,1,CAPITAL,7A,C,131,True,True,0007A,Capital,152,False
AR-17-002-8A,AR-17-002,AR-17,17,Salta,2,LA CALDERA,8A,C,3419,True,True,0008A,La Caldera,4768,False
AR-17-002-8B,AR-17-002,AR-17,17,Salta,2,LA CALDERA,8B,C,182,True,True,0008B,La Caldera,174,False
AR-17-002-8C,AR-17-002,AR-17,17,Salta,2,LA CALDERA,8C,C,99,True,True,0008C,La Caldera,103,False
AR-17-002-9A,AR-17-002,AR-17,17,Salta,2,LA CALDERA,9A,C,8231,True,True,0009A,La Caldera,10596,False
AR-17-002-9B,AR-17-002,AR-17,17,Salta,2,LA CALDERA,9B,C,324,True,True,0009B,La Caldera,332,False
AR-17-003-10A,AR-17-003,AR-17,17,Salta,3,GÜEMES,10A,C,5233,True,True,0010A,General Güemes,5679,False
AR-17-003-11A,AR-17-003,AR-17,17,Salta,3,GÜEMES,11A,C,5390,True,True,0011A,General Güemes,6132,False
AR-17-003-11B,AR-17-003,AR-17,17,Salta,3,GÜEMES,11B,C,772,True,True,0011B,General Güemes,819,False
AR-17-003-11C,AR-17-003,AR-17,17,Salta,3,GÜEMES,11C,C,522,True,True,0011C,General Güemes,528,False
AR-17-003-12A,AR-17-003,AR-17,17,Salta,3,GÜEMES,12A,C,7010,True,True,0012A,General Güemes,7092,False
AR-17-003-12B,AR-17-003,AR-17,17,Salta,3,GÜEMES,12B,C,6990,True,True,0012B,General Güemes,6889,False
AR-17-003-12C,AR-17-003,AR-17,17,Salta,3,GÜEMES,12C,C,5376,True,True,0012C,General Güemes,5333,False
AR-17-003-12D,AR-17-003,AR-17,17,Salta,3,GÜEMES,12D,C,3692,True,True,0012D,General Güemes,4491,False
AR-17-003-12E,AR-17-003,AR-17,17,Salta,3,GÜEMES,12E,C,3863,True,True,0012E,General Güemes,5068,False
AR-17-003-14A,AR-17-003,AR-17,17,Salta,3,GÜEMES,14A,C,150,True,True,0014A,General Güemes,155,False
AR-17-004-15A,AR-17-004,AR-17,17,Salta,4,METAN,15A,C,5699,True,True,0015A,Metán,6050,False
AR-17-004-15B,AR-17-004,AR-17,17,Salta,4,METAN,15B,C,5804,True,True,0015B,Metán,6129,False
AR-17-004-15C,AR-17-004,AR-17,17,Salta,4,METAN,15C,C,5513,True,True,0015C,Metán,5714,False
AR-17-004-15D,AR-17-004,AR-17,17,Salta,4,METAN,15D,C,7245,True,True,0015D,Metán,7920,False
AR-17-004-15E,AR-17-004,AR-17,17,Salta,4,METAN,15E,C,621,True,True,0015E,Metán,669,False
AR-17-004-15F,AR-17-004,AR-17,17,Salta,4,METAN,15F,C,73,True,False,,,,False
AR-17-004-15G,AR-17-004,AR-17,17,Salta,4,METAN,15G,C,146,True,True,0015G,Metán,130,False
AR-17-004-16A,AR-17-004,AR-17,17,Salta,4,METAN,16A,C,1378,True,True,0016A,Metán,1629,False
AR-17-004-16B,AR-17-004,AR-17,17,Salta,4,METAN,16B,C,451,True,True,0016B,Metán,547,False
AR-17-004-17A,AR-17-004,AR-17,17,Salta,4,METAN,17A,C,5222,True,True,0017A,Metán,5764,False
AR-17-004-17B,AR-17-004,AR-17,17,Salta,4,METAN,17B,C,526,True,True,0017B,Metán,625,False
AR-17-004-18A,AR-17-004,AR-17,17,Salta,4,METAN,18A,C,367,True,True,0018A,Metán,344,False
AR-17-004-18B,AR-17-004,AR-17,17,Salta,4,METAN,18B,C,705,True,True,0018B,Metán,790,False
AR-17-004-18C,AR-17-004,AR-17,17,Salta,4,METAN,18C,C,84,True,True,0018C,Metán,85,False
AR-17-005-20A,AR-17-005,AR-17,17,Salta,5,ANTA,20A,C,114,True,True,0020A,Anta,95,False
AR-17-005-21A,AR-17-005,AR-17,17,Salta,5,ANTA,21A,C,8486,True,True,0021A,Anta,9478,False
AR-17-005-21B,AR-17-005,AR-17,17,Salta,5,ANTA,21B,C,574,True,True,0021B,Anta,619,False
AR-17-005-22A,AR-17-005,AR-17,17,Salta,5,ANTA,22A,C,6494,True,True,0022A,Anta,7386,False
AR-17-005-22B,AR-17-005,AR-17,17,Salta,5,ANTA,22B,C,134,True,True,0022B,Anta,81,False
AR-17-005-22C,AR-17-005,AR-17,17,Salta,5,ANTA,22C,C,869,True,True,0022C,Anta,927,False
AR-17-005-22D,AR-17-005,AR-17,17,Salta,5,ANTA,22D,C,986,True,True,0022D,Anta,1132,False
AR-17-005-22E,AR-17-005,AR-17,17,Salta,5,ANTA,22E,C,1643,True,True,0022E,Anta,2085,False
AR-17-005-22F,AR-17-005,AR-17,17,Salta,5,ANTA,22F,c,100,True,True,0022F,Anta,132,False
AR-17-005-23A,AR-17-005,AR-17,17,Salta,5,ANTA,23A,C,195,True,True,0023A,Anta,208,False
AR-17-005-24A,AR-17-005,AR-17,17,Salta,5,ANTA,24A,C,15009,True,True,0024A,Anta,16351,False
AR-17-005-24B,AR-17-005,AR-17,17,Salta,5,ANTA,24B,C,217,True,True,0024B,Anta,197,False
AR-17-005-24C,AR-17-005,AR-17,17,Salta,5,ANTA,24C,C,350,True,True,0024C,Anta,394,False
AR-17-005-24D,AR-17-005,AR-17,17,Salta,5,ANTA,24D,C,225,True,True,0024D,Anta,229,False
AR-17-005-24E,AR-17-005,AR-17,17,Salta,5,ANTA,24E,C,891,True,True,0024E,Anta,935,False
AR-17-005-24F,AR-17-005,AR-17,17,Salta,5,ANTA,24F,C,322,True,True,0024F,Anta,278,False
AR-17-005-25A,AR-17-005,AR-17,17,Salta,5,ANTA,25A,C,7062,True,True,0025A,Anta,8011,False
AR-17-005-25B,AR-17-005,AR-17,17,Salta,5,ANTA,25B,C,133,True,True,0025B,Anta,132,False
AR-17-005-25C,AR-17-005,AR-17,17,Salta,5,ANTA,25C,C,1026,True,True,0025C,Anta,1169,False
AR-17-005-25D,AR-17-005,AR-17,17,Salta,5,ANTA,25D,C,1950,True,True,0025D,Anta,2088,False
AR-17-005-25E,AR-17-005,AR-17,17,Salta,5,ANTA,25E,C,457,True,True,0025E,Anta,430,False
AR-17-005-25F,AR-17-005,AR-17,17,Salta,5,ANTA,25F,C,143,True,True,0025F,Anta,189,False
AR-17-006-26A,AR-17-006,AR-17,17,Salta,6,RIVADAVIA,26A,C,458,True,True,0026A,Rivadavia,392,False
AR-17-006-26B,AR-17-006,AR-17,17,Salta,6,RIVADAVIA,26B,C,2759,True,True,0026B,Rivadavia,3505,False
AR-17-006-26C,AR-17-006,AR-17,17,Salta,6,RIVADAVIA,26C,c,170,True,True,0026C,Rivadavia,165,False
AR-17-006-27A,AR-17-006,AR-17,17,Salta,6,RIVADAVIA,27A,C,2697,True,True,0027A,Rivadavia,3126,False
AR-17-006-27B,AR-17-006,AR-17,17,Salta,6,RIVADAVIA,27B,C,227,True,True,0027B,Rivadavia,189,False
AR-17-006-27C,AR-17-006,AR-17,17,Salta,6,RIVADAVIA,27C,C,566,True,True,0027C,Rivadavia,644,False
AR-17-006-27D,AR-17-006,AR-17,17,Salta,6,RIVADAVIA,27D,C,206,True,True,0027D,Rivadavia,190,False
AR-17-006-28A,AR-17-006,AR-17,17,Salta,6,RIVADAVIA,28A,C,291,True,True,0028A,Rivadavia,257,False
AR-17-006-28B,AR-17-006,AR-17,17,Salta,6,RIVADAVIA,28B,C,4552,True,True,0028B,Rivadavia,5408,False
AR-17-006-28C,AR-17-006,AR-17,17,Salta,6,RIVADAVIA,28C,C,229,True,True,0028C,Rivadavia,273,False
AR-17-006-28D,AR-17-006,AR-17,17,Salta,6,RIVADAVIA,28D,C,116,True,True,0028D,Rivadavia,109,False
AR-17-006-28E,AR-17-006,AR-17,17,Salta,6,RIVADAVIA,28E,C,1402,True,True,0028E,Rivadavia,1732,False
AR-17-006-28F,AR-17-006,AR-17,17,Salta,6,RIVADAVIA,28F,C,692,True,True,0028F,Rivadavia,801,False
AR-17-006-28G,AR-17-006,AR-17,17,Salta,6,RIVADAVIA,28G,C,174,True,True,0028G,Rivadavia,171,False
AR-17-006-28H,AR-17-006,AR-17,17,Salta,6,RIVADAVIA,28H,C,93,True,True,0028H,Rivadavia,107,False
AR-17-006-29A,AR-17-006,AR-17,17,Salta,6,RIVADAVIA,29A,C,1810,True,True,0029A,Rivadavia,2197,False
AR-17-006-29B,AR-17-006,AR-17,17,Salta,6,RIVADAVIA,29B,C,118,True,True,0029B,Rivadavia,147,False
AR-17-006-29C,AR-17-006,AR-17,17,Salta,6,RIVADAVIA,29C,C,4032,True,True,0029C,Rivadavia,5323,False
AR-17-006-29D,AR-17-006,AR-17,17,Salta,6,RIVADAVIA,29D,C,251,True,True,0029D,Rivadavia,290,False
AR-17-006-29E,AR-17-006,AR-17,17,Salta,6,RIVADAVIA,29E,C,252,True,True,0029E,Rivadavia,208,False
AR-17-006-29F,AR-17-006,AR-17,17,Salta,6,RIVADAVIA,29F,C,1272,True,True,0029F,Rivadavia,1474,False
AR-17-006-29G,AR-17-006,AR-17,17,Salta,6,RIVADAVIA,29G,C,1204,True,True,0029G,Rivadavia,1439,False
AR-17-006-29H,AR-17-006,AR-17,17,Salta,6,RIVADAVIA,29H,C,402,True,True,0029H,Rivadavia,430,False
AR-17-006-29I,AR-17-006,AR-17,17,Salta,6,RIVADAVIA,29I,C,979,True,True,0029I,Rivadavia,1365,False
AR-17-007-30A,AR-17-007,AR-17,17,Salta,7,ORAN,30A,C,1130,True,True,0030A,Orán,984,False
AR-17-007-30B,AR-17-007,AR-17,17,Salta,7,ORAN,30B,C,4259,True,True,0030B,Orán,5491,False
AR-17-007-31A,AR-17-007,AR-17,17,Salta,7,ORAN,31A,C,34658,True,True,0031A,Orán,38494,False
AR-17-007-31B,AR-17-007,AR-17,17,Salta,7,ORAN,31B,C,25792,True,True,0031B,Orán,27936,False
AR-17-007-31C,AR-17-007,AR-17,17,Salta,7,ORAN,31C,C,434,True,True,0031C,Orán,693,False
AR-17-007-31D,AR-17-007,AR-17,17,Salta,7,ORAN,31D,C,101,True,True,0031D,Orán,122,False
AR-17-007-32A,AR-17-007,AR-17,17,Salta,7,ORAN,32A,C,740,True,True,0032A,Orán,631,False
AR-17-007-32B,AR-17-007,AR-17,17,Salta,7,ORAN,32B,C,8870,True,True,0032B,Orán,9729,False
AR-17-007-33A,AR-17-007,AR-17,17,Salta,7,ORAN,33A,C,209,True,True,0033A,Orán,253,False
AR-17-007-33B,AR-17-007,AR-17,17,Salta,7,ORAN,33B,C,301,True,True,0033B,Orán,292,False
AR-17-007-33C,AR-17-007,AR-17,17,Salta,7,ORAN,33C,C,213,True,True,0033C,Orán,225,False
AR-17-007-34A,AR-17-007,AR-17,17,Salta,7,ORAN,34A,C,13221,True,True,0034A,Orán,14471,False
AR-17-007-34B,AR-17-007,AR-17,17,Salta,7,ORAN,34B,C,75,True,True,0034B,Orán,93,False
AR-17-007-35A,AR-17-007,AR-17,17,Salta,7,ORAN,35A,C,2485,True,True,0035A,Orán,2802,False
AR-17-007-36A,AR-17-007,AR-17,17,Salta,7,ORAN,36A,C,266,True,True,0036A,Orán,313,False
AR-17-007-36B,AR-17-007,AR-17,17,Salta,7,ORAN,36B,C,17874,True,True,0036B,Orán,20238,False
AR-17-007-37A,AR-17-007,AR-17,17,Salta,7,ORAN,37A,C,130,True,True,0037A,Orán,121,False
AR-17-007-38A,AR-17-007,AR-17,17,Salta,7,ORAN,38A,C,189,True,True,0038A,Orán,156,False
AR-17-007-38B,AR-17-007,AR-17,17,Salta,7,ORAN,38B,C,148,True,True,0038B,Orán,125,False
AR-17-007-39A,AR-17-007,AR-17,17,Salta,7,ORAN,39A,C,122,True,True,0039A,Orán,110,False
AR-17-008-40A,AR-17-008,AR-17,17,Salta,8,SAN MARTIN,40A,C,16461,True,True,0040A,General José de San Martín,18285,False
AR-17-008-40B,AR-17-008,AR-17,17,Salta,8,SAN MARTIN,40B,C,1816,True,True,0040B,General José de San Martín,2200,False
AR-17-008-40C,AR-17-008,AR-17,17,Salta,8,SAN MARTIN,40C,C,236,True,True,0040C,General José de San Martín,289,False
AR-17-008-41A,AR-17-008,AR-17,17,Salta,8,SAN MARTIN,41A,C,1648,True,True,0041A,General José de San Martín,1878,False
AR-17-008-41B,AR-17-008,AR-17,17,Salta,8,SAN MARTIN,41B,C,1741,True,True,0041B,General José de San Martín,2003,False
AR-17-008-41C,AR-17-008,AR-17,17,Salta,8,SAN MARTIN,41C,C,762,True,True,0041C,General José de San Martín,1019,False
AR-17-008-41D,AR-17-008,AR-17,17,Salta,8,SAN MARTIN,41D,C,230,True,True,0041D,General José de San Martín,228,False
AR-17-008-41E,AR-17-008,AR-17,17,Salta,8,SAN MARTIN,41E,C,397,True,True,0041E,General José de San Martín,541,False
AR-17-008-42A,AR-17-008,AR-17,17,Salta,8,SAN MARTIN,42A,C,1266,True,True,0042A,General José de San Martín,1264,False
AR-17-008-42B,AR-17-008,AR-17,17,Salta,8,SAN MARTIN,42B,C,1863,True,True,0042B,General José de San Martín,2051,False
AR-17-008-42C,AR-17-008,AR-17,17,Salta,8,SAN MARTIN,42C,C,12653,True,True,0042C,General José de San Martín,13271,False
AR-17-008-43A,AR-17-008,AR-17,17,Salta,8,SAN MARTIN,43A,C,37437,True,True,0043A,General José de San Martín,35708,False
AR-17-008-43B,AR-17-008,AR-17,17,Salta,8,SAN MARTIN,43B,C,2425,True,True,0043B,General José de San Martín,3974,False
AR-17-008-43C,AR-17-008,AR-17,17,Salta,8,SAN MARTIN,43C,C,7555,True,True,0043C,General José de San Martín,8421,False
AR-17-008-43D,AR-17-008,AR-17,17,Salta,8,SAN MARTIN,43D,C,309,True,True,0043D,General José de San Martín,369,False
AR-17-008-43E,AR-17-008,AR-17,17,Salta,8,SAN MARTIN,43E,C,7588,True,True,0043E,General José de San Martín,8666,False
AR-17-008-43F,AR-17-008,AR-17,17,Salta,8,SAN MARTIN,43F,C,1247,True,True,0043F,General José de San Martín,1446,False
AR-17-008-44A,AR-17-008,AR-17,17,Salta,8,SAN MARTIN,44A,C,7926,True,True,0044A,General José de San Martín,8909,False
AR-17-008-44B,AR-17-008,AR-17,17,Salta,8,SAN MARTIN,44B,C,710,True,True,0044B,General José de San Martín,823,False
AR-17-008-44C,AR-17-008,AR-17,17,Salta,8,SAN MARTIN,44C,C,872,True,True,0044C,General José de San Martín,1003,False
AR-17-008-44D,AR-17-008,AR-17,17,Salta,8,SAN MARTIN,44D,C,605,True,True,0044D,General José de San Martín,577,False
AR-17-008-44E,AR-17-008,AR-17,17,Salta,8,SAN MARTIN,44E,C,867,True,True,0044E,General José de San Martín,1039,False
AR-17-008-44F,AR-17-008,AR-17,17,Salta,8,SAN MARTIN,44F,C,373,True,True,0044F,General José de San Martín,421,False
AR-17-008-44G,AR-17-008,AR-17,17,Salta,8,SAN MARTIN,44G,C,460,True,True,0044G,General José de San Martín,569,False
AR-17-008-45A,AR-17-008,AR-17,17,Salta,8,SAN MARTIN,45A,C,19675,True,True,0045A,General José de San Martín,22164,False
AR-17-009-46A,AR-17-009,AR-17,17,Salta,9,IRUYA,46A,C,1265,True,True,0046A,Iruya,1484,False
AR-17-009-46B,AR-17-009,AR-17,17,Salta,9,IRUYA,46B,C,197,True,True,0046B,Iruya,192,False
AR-17-009-46C,AR-17-009,AR-17,17,Salta,9,IRUYA,46C,C,54,True,True,0046C,Iruya,42,False
AR-17-009-46D,AR-17-009,AR-17,17,Salta,9,IRUYA,46D,C,318,True,True,0046D,Iruya,344,False
AR-17-009-46E,AR-17-009,AR-17,17,Salta,9,IRUYA,46E,C,22,True,True,0046E,Iruya,26,False
AR-17-009-46F,AR-17-009,AR-17,17,Salta,9,IRUYA,46F,C,378,True,True,0046F,Iruya,400,False
AR-17-009-46G,AR-17-009,AR-17,17,Salta,9,IRUYA,46G,C,29,True,False,,,,False
AR-17-009-46H,AR-17-009,AR-17,17,Salta,9,IRUYA,46H,C,85,True,True,0046H,Iruya,75,False
AR-17-009-46I,AR-17-009,AR-17,17,Salta,9,IRUYA,46I,C,60,True,True,0046I,Iruya,62,False
AR-17-009-46J,AR-17-009,AR-17,17,Salta,9,IRUYA,46J,C,81,True,True,0046J,Iruya,76,False
AR-17-009-46K,AR-17-009,AR-17,17,Salta,9,IRUYA,46K,C,44,True,True,0046K,Iruya,51,False
AR-17-009-47A,AR-17-009,AR-17,17,Salta,9,IRUYA,47A,C,140,True,True,0047A,Iruya,128,False
AR-17-009-47B,AR-17-009,AR-17,17,Salta,9,IRUYA,47B,C,97,True,True,0047B,Iruya,84,False
AR-17-009-47C,AR-17-009,AR-17,17,Salta,9,IRUYA,47C,C,35,True,True,0047C,Iruya,28,False
AR-17-009-48A,AR-17-009,AR-17,17,Salta,9,IRUYA,48A,C,54,True,True,0048A,Iruya,45,False
AR-17-009-48B,AR-17-009,AR-17,17,Salta,9,IRUYA,48B,C,117,True,True,0048B,Iruya,140,False
AR-17-009-48C,AR-17-009,AR-17,17,Salta,9,IRUYA,48C,C,1298,True,True,0048C,Iruya,1559,False
AR-17-009-48D,AR-17-009,AR-17,17,Salta,9,IRUYA,48D,C,256,True,True,0048D,Iruya,255,False
AR-17-010-49A,AR-17-010,AR-17,17,Salta,10,SANTA VICTORIA,49A,C,1439,True,True,0049A,Santa Victoria,1732,False
AR-17-010-49B,AR-17-010,AR-17,17,Salta,10,SANTA VICTORIA,49B,C,79,True,True,0049B,Santa Victoria,60,False
AR-17-010-49C,AR-17-010,AR-17,17,Salta,10,SANTA VICTORIA,49C,C,83,True,True,0049C,Santa Victoria,69,False
AR-17-010-49D,AR-17-010,AR-17,17,Salta,10,SANTA VICTORIA,49D,C,158,True,True,0049D,Santa Victoria,130,False
AR-17-010-49E,AR-17-010,AR-17,17,Salta,10,SANTA VICTORIA,49E,C,214,True,True,0049E,Santa Victoria,177,False
AR-17-010-49F,AR-17-010,AR-17,17,Salta,10,SANTA VICTORIA,49F,C,152,True,True,0049F,Santa Victoria,111,False
AR-17-010-49G,AR-17-010,AR-17,17,Salta,10,SANTA VICTORIA,49G,C,404,True,True,0049G,Santa Victoria,338,False
AR-17-010-49H,AR-17-010,AR-17,17,Salta,10,SANTA VICTORIA,49H,C,168,True,True,0049H,Santa Victoria,144,False
AR-17-010-49I,AR-17-010,AR-17,17,Salta,10,SANTA VICTORIA,49I,C,124,True,True,0049I,Santa Victoria,115,False
AR-17-010-49J,AR-17-010,AR-17,17,Salta,10,SANTA VICTORIA,49J,C,489,True,True,0049J,Santa Victoria,432,False
AR-17-010-49K,AR-17-010,AR-17,17,Salta,10,SANTA VICTORIA,49K,C,189,True,True,0049K,Santa Victoria,167,False
AR-17-010-50A,AR-17-010,AR-17,17,Salta,10,SANTA VICTORIA,50A,C,1813,True,True,0050A,Santa Victoria,2005,False
AR-17-010-50B,AR-17-010,AR-17,17,Salta,10,SANTA VICTORIA,50B,C,321,True,True,0050B,Santa Victoria,302,False
AR-17-010-50C,AR-17-010,AR-17,17,Salta,10,SANTA VICTORIA,50C,C,86,True,True,0050C,Santa Victoria,83,False
AR-17-010-51A,AR-17-010,AR-17,17,Salta,10,SANTA VICTORIA,51A,C,1445,True,True,0051A,Santa Victoria,1677,False
AR-17-010-51B,AR-17-010,AR-17,17,Salta,10,SANTA VICTORIA,51B,C,60,True,True,0051B,Santa Victoria,34,False
AR-17-010-51C,AR-17-010,AR-17,17,Salta,10,SANTA VICTORIA,51C,C,417,True,True,0051C,Santa Victoria,406,False
AR-17-010-51D,AR-17-010,AR-17,17,Salta,10,SANTA VICTORIA,51D,C,131,True,True,0051D,Santa Victoria,133,False
AR-17-010-51E,AR-17-010,AR-17,17,Salta,10,SANTA VICTORIA,51E,C,27,True,True,0051E,Santa Victoria,24,False
AR-17-010-51F,AR-17-010,AR-17,17,Salta,10,SANTA VICTORIA,51F,C,93,True,True,0051F,Santa Victoria,92,False
AR-17-011-52A,AR-17-011,AR-17,17,Salta,11,CERRILLOS,52A,C,7378,True,True,0052A,Cerrillos,7948,False
AR-17-011-52B,AR-17-011,AR-17,17,Salta,11,CERRILLOS,52B,C,4529,True,True,0052B,Cerrillos,4970,False
AR-17-011-52C,AR-17-011,AR-17,17,Salta,11,CERRILLOS,52C,C,625,True,True,0052C,Cerrillos,860,False
AR-17-011-52D,AR-17-011,AR-17,17,Salta,11,CERRILLOS,52D,C,369,True,True,0052D,Cerrillos,596,False
AR-17-011-53A,AR-17-011,AR-17,17,Salta,11,CERRILLOS,53A,C,4270,True,True,0053A,Cerrillos,6413,False
AR-17-011-53B,AR-17-011,AR-17,17,Salta,11,CERRILLOS,53B,C,2015,True,True,0053B,Cerrillos,4037,False
AR-17-011-53C,AR-17-011,AR-17,17,Salta,11,CERRILLOS,53C,C,3289,True,True,0053C,Cerrillos,5196,False
AR-17-011-53D,AR-17-011,AR-17,17,Salta,11,CERRILLOS,53D,C,924,True,True,0053D,Cerrillos,1271,False
AR-17-011-54A,AR-17-011,AR-17,17,Salta,11,CERRILLOS,54A,C,7812,True,True,0054A,Cerrillos,9176,False
AR-17-011-54B,AR-17-011,AR-17,17,Salta,11,CERRILLOS,54B,C,173,True,True,0054B,Cerrillos,190,False
AR-17-011-55A,AR-17-011,AR-17,17,Salta,11,CERRILLOS,55A,C,1114,True,True,0055A,Cerrillos,1417,False
AR-17-011-55B,AR-17-011,AR-17,17,Salta,11,CERRILLOS,55B,C,346,True,True,0055B,Cerrillos,388,False
AR-17-011-55C,AR-17-011,AR-17,17,Salta,11,CERRILLOS,55C,C,148,True,True,0055C,Cerrillos,144,False
AR-17-012-56A,AR-17-012,AR-17,17,Salta,12,CHICOANA,56A,C,5016,True,True,0056A,Chicoana,5744,False
AR-17-012-56B,AR-17-012,AR-17,17,Salta,12,CHICOANA,56B,C,405,True,True,0056B,Chicoana,372,False
AR-17-012-56C,AR-17-012,AR-17,17,Salta,12,CHICOANA,56C,C,127,True,True,0056C,Chicoana,121,False
AR-17-012-56D,AR-17-012,AR-17,17,Salta,12,CHICOANA,56D,C,276,True,True,0056D,Chicoana,238,False
AR-17-012-56E,AR-17-012,AR-17,17,Salta,12,CHICOANA,56E,C,177,True,True,0056E,Chicoana,169,False
AR-17-012-56F,AR-17-012,AR-17,17,Salta,12,CHICOANA,56F,C,663,True,True,0056F,Chicoana,728,False
AR-17-012-56G,AR-17-012,AR-17,17,Salta,12,CHICOANA,56G,C,911,True,True,0056G,Chicoana,945,False
AR-17-012-57A,AR-17-012,AR-17,17,Salta,12,CHICOANA,57A,C,354,True,True,0057A,Chicoana,345,False
AR-17-012-57B,AR-17-012,AR-17,17,Salta,12,CHICOANA,57B,C,133,True,True,0057B,Chicoana,156,False
AR-17-012-58A,AR-17-012,AR-17,17,Salta,12,CHICOANA,58A,C,9520,True,True,0058A,Chicoana,10675,False
AR-17-013-59A,AR-17-013,AR-17,17,Salta,13,LA VIÑA,59A,C,2225,True,True,0059A,La Viña,2568,False
AR-17-013-60A,AR-17-013,AR-17,17,Salta,13,LA VIÑA,60A,C,359,True,True,0060A,La Viña,435,False
AR-17-013-61A,AR-17-013,AR-17,17,Salta,13,LA VIÑA,61A,C,4227,True,True,0061A,La Viña,5127,False
AR-17-013-62A,AR-17-013,AR-17,17,Salta,13,LA VIÑA,62A,C,119,True,False,,,,False
AR-17-014-63A,AR-17-014,AR-17,17,Salta,14,GUACHIPAS,63A,C,2551,True,True,0063A,Guachipas,2788,False
AR-17-014-64A,AR-17-014,AR-17,17,Salta,14,GUACHIPAS,64A,C,21,True,True,0064A,Guachipas,22,False
AR-17-014-64B,AR-17-014,AR-17,17,Salta,14,GUACHIPAS,64B,C,72,True,True,0064B,Guachipas,70,False
AR-17-014-65A,AR-17-014,AR-17,17,Salta,14,GUACHIPAS,65A,C,82,True,True,0065A,Guachipas,83,False
AR-17-014-65B,AR-17-014,AR-17,17,Salta,14,GUACHIPAS,65B,C,123,True,True,0065B,Guachipas,123,False
AR-17-014-66A,AR-17-014,AR-17,17,Salta,14,GUACHIPAS,66A,C,140,True,True,0066A,Guachipas,135,False
AR-17-014-66B,AR-17-014,AR-17,17,Salta,14,GUACHIPAS,66B,C,150,True,True,0066B,Guachipas,130,False
AR-17-015-67A,AR-17-015,AR-17,17,Salta,15,ROS.DE LA FRONTERA,67A,C,14114,True,True,0067A,Rosario de la Frontera,14139,False
AR-17-015-67B,AR-17-015,AR-17,17,Salta,15,ROS.DE LA FRONTERA,67B,C,7005,True,True,0067B,Rosario de la Frontera,8613,False
AR-17-015-67C,AR-17-015,AR-17,17,Salta,15,ROS.DE LA FRONTERA,67C,C,103,True,True,0067C,Rosario de la Frontera,100,False
AR-17-015-67D,AR-17-015,AR-17,17,Salta,15,ROS.DE LA FRONTERA,67D,C,299,True,True,0067D,Rosario de la Frontera,303,False
AR-17-015-67E,AR-17-015,AR-17,17,Salta,15,ROS.DE LA FRONTERA,67E,C,120,True,True,0067E,Rosario de la Frontera,127,False
AR-17-015-67F,AR-17-015,AR-17,17,Salta,15,ROS.DE LA FRONTERA,67F,C,23,True,False,,,,False
AR-17-015-67G,AR-17-015,AR-17,17,Salta,15,ROS.DE LA FRONTERA,67G,C,74,True,True,0067G,Rosario de la Frontera,64,False
AR-17-015-67H,AR-17-015,AR-17,17,Salta,15,ROS.DE LA FRONTERA,67H,C,132,True,True,0067H,Rosario de la Frontera,140,False
AR-17-015-68A,AR-17-015,AR-17,17,Salta,15,ROS.DE LA FRONTERA,68A,C,43,True,True,0068A,Rosario de la Frontera,43,False
AR-17-015-68B,AR-17-015,AR-17,17,Salta,15,ROS.DE LA FRONTERA,68B,C,62,True,True,0068B,Rosario de la Frontera,103,False
AR-17-015-68C,AR-17-015,AR-17,17,Salta,15,ROS.DE LA FRONTERA,68C,C,50,True,False,,,,False
AR-17-015-69A,AR-17-015,AR-17,17,Salta,15,ROS.DE LA FRONTERA,69A,C,93,True,True,0069A,Rosario de la Frontera,91,False
AR-17-015-70A,AR-17-015,AR-17,17,Salta,15,ROS.DE LA FRONTERA,70A,C,87,True,True,0070A,Rosario de la Frontera,80,False
AR-17-015-70B,AR-17-015,AR-17,17,Salta,15,ROS.DE LA FRONTERA,70B,C,145,True,True,0070B,Rosario de la Frontera,143,False
AR-17-015-71A,AR-17-015,AR-17,17,Salta,15,ROS.DE LA FRONTERA,71A,C,668,True,True,0071A,Rosario de la Frontera,706,False
AR-17-015-71B,AR-17-015,AR-17,17,Salta,15,ROS.DE LA FRONTERA,71B,C,108,True,True,0071B,Rosario de la Frontera,101,False
AR-17-015-72A,AR-17-015,AR-17,17,Salta,15,ROS.DE LA FRONTERA,72A,C,665,True,True,0072A,Rosario de la Frontera,928,False
AR-17-015-72B,AR-17-015,AR-17,17,Salta,15,ROS.DE LA FRONTERA,72B,C,76,True,True,0072B,Rosario de la Frontera,70,False
AR-17-015-72C,AR-17-015,AR-17,17,Salta,15,ROS.DE LA FRONTERA,72C,C,486,True,True,0072C,Rosario de la Frontera,534,False
AR-17-015-72D,AR-17-015,AR-17,17,Salta,15,ROS.DE LA FRONTERA,72D,C,274,True,True,0072D,Rosario de la Frontera,265,False
AR-17-016-73A,AR-17-016,AR-17,17,Salta,16,LA CANDELARIA,73A,C,831,True,True,0073A,La Candelaria,959,False
AR-17-016-73B,AR-17-016,AR-17,17,Salta,16,LA CANDELARIA,73B,C,353,True,True,0073B,La Candelaria,369,False
AR-17-016-74A,AR-17-016,AR-17,17,Salta,16,LA CANDELARIA,74A,C,2514,True,True,0074A,La Candelaria,2679,False
AR-17-016-75A,AR-17-016,AR-17,17,Salta,16,LA CANDELARIA,75A,C,1365,True,True,0075A,La Candelaria,1510,False
AR-17-016-75B,AR-17-016,AR-17,17,Salta,16,LA CANDELARIA,75B,C,258,True,True,0075B,La Candelaria,238,False
AR-17-017-76A,AR-17-017,AR-17,17,Salta,17,CAFAYATE,76A,C,107,True,True,0076A,Cafayate,100,False
AR-17-017-77A,AR-17-017,AR-17,17,Salta,17,CAFAYATE,77A,C,9366,True,True,0077A,Cafayate,8464,False
AR-17-017-77C,AR-17-017,AR-17,17,Salta,17,CAFAYATE,77C,C,61,True,True,0077C,Cafayate,87,False
AR-17-017-77D,AR-17-017,AR-17,17,Salta,17,CAFAYATE,77D,C,115,True,True,0077D,Cafayate,130,False
AR-17-017-77E,AR-17-017,AR-17,17,Salta,17,CAFAYATE,77E,C,137,True,True,0077E,Cafayate,156,False
AR-17-017-77F,AR-17-017,AR-17,17,Salta,17,CAFAYATE,77F,C,2613,True,True,0077F,Cafayate,4373,False
AR-17-017-78A,AR-17-017,AR-17,17,Salta,17,CAFAYATE,78A,C,273,True,True,0078A,Cafayate,323,False
AR-17-018-79A,AR-17-018,AR-17,17,Salta,18,SAN CARLOS,79A,C,2169,True,True,0079A,San Carlos,2503,False
AR-17-018-79B,AR-17-018,AR-17,17,Salta,18,SAN CARLOS,79B,C,1411,True,True,0079B,San Carlos,1672,False
AR-17-018-79C,AR-17-018,AR-17,17,Salta,18,SAN CARLOS,79C,C,341,True,True,0079C,San Carlos,340,False
AR-17-018-80A,AR-17-018,AR-17,17,Salta,18,SAN CARLOS,80A,C,121,True,True,0080A,San Carlos,132,False
AR-17-018-81A,AR-17-018,AR-17,17,Salta,18,SAN CARLOS,81A,C,246,True,True,0081A,San Carlos,245,False
AR-17-018-82A,AR-17-018,AR-17,17,Salta,18,SAN CARLOS,82A,C,860,True,True,0082A,San Carlos,1003,False
AR-17-018-82B,AR-17-018,AR-17,17,Salta,18,SAN CARLOS,82B,C,102,True,True,0082B,San Carlos,94,False
AR-17-018-83A,AR-17-018,AR-17,17,Salta,18,SAN CARLOS,83A,C,171,True,True,0083A,San Carlos,178,False
AR-17-018-83B,AR-17-018,AR-17,17,Salta,18,SAN CARLOS,83B,C,339,True,True,0083B,San Carlos,327,False
AR-17-018-83C,AR-17-018,AR-17,17,Salta,18,SAN CARLOS,83C,C,84,True,True,0083C,San Carlos,98,False
AR-17-019-84A,AR-17-019,AR-17,17,Salta,19,MOLINOS,84A,C,1273,True,True,0084A,Molinos,1454,False
AR-17-019-85A,AR-17-019,AR-17,17,Salta,19,MOLINOS,85A,C,989,True,True,0085A,Molinos,1214,False
AR-17-019-85B,AR-17-019,AR-17,17,Salta,19,MOLINOS,85B,C,96,True,True,0085B,Molinos,114,False
AR-17-019-86A,AR-17-019,AR-17,17,Salta,19,MOLINOS,86A,C,766,True,True,0086A,Molinos,883,False
AR-17-019-87A,AR-17-019,AR-17,17,Salta,19,MOLINOS,87A,C,615,True,True,0087A,Molinos,659,False
AR-17-019-88A,AR-17-019,AR-17,17,Salta,19,MOLINOS,88A,C,236,True,True,0088A,Molinos,234,False
AR-17-019-88B,AR-17-019,AR-17,17,Salta,19,MOLINOS,88B,C,82,True,True,0088B,Molinos,94,False
AR-17-019-88C,AR-17-019,AR-17,17,Salta,19,MOLINOS,88C,C,384,True,True,0088C,Molinos,398,False
AR-17-020-89A,AR-17-020,AR-17,17,Salta,20,CACHI,89A,C,435,True,True,0089A,Cachi,408,False
AR-17-020-89B,AR-17-020,AR-17,17,Salta,20,CACHI,89B,C,3613,True,True,0089B,Cachi,4348,False
AR-17-020-89C,AR-17-020,AR-17,17,Salta,20,CACHI,89C,C,605,True,True,0089C,Cachi,679,False
AR-17-020-89D,AR-17-020,AR-17,17,Salta,20,CACHI,89D,C,123,True,True,0089D,Cachi,124,False
AR-17-020-89E,AR-17-020,AR-17,17,Salta,20,CACHI,89E,C,142,True,True,0089E,Cachi,135,False
AR-17-020-90A,AR-17-020,AR-17,17,Salta,20,CACHI,90A,C,1071,True,True,0090A,Cachi,1356,False
AR-17-020-90B,AR-17-020,AR-17,17,Salta,20,CACHI,90B,C,429,True,True,0090B,Cachi,393,False
AR-17-020-90C,AR-17-020,AR-17,17,Salta,20,CACHI,90C,C,137,True,True,0090C,Cachi,118,False
AR-17-021-91A,AR-17-021,AR-17,17,Salta,21,ROSARIO DE LERMA,91A,C,17637,True,True,0091A,Rosario de Lerma,19946,False
AR-17-021-91B,AR-17-021,AR-17,17,Salta,21,ROSARIO DE LERMA,91B,C,503,True,True,0091B,Rosario de Lerma,425,False
AR-17-021-91C,AR-17-021,AR-17,17,Salta,21,ROSARIO DE LERMA,91C,C,215,True,True,0091C,Rosario de Lerma,166,False
AR-17-021-91D,AR-17-021,AR-17,17,Salta,21,ROSARIO DE LERMA,91D,C,453,True,True,0091D,Rosario de Lerma,549,False
AR-17-021-92A,AR-17-021,AR-17,17,Salta,21,ROSARIO DE LERMA,92A,C,138,True,True,0092A,Rosario de Lerma,121,False
AR-17-021-93A,AR-17-021,AR-17,17,Salta,21,ROSARIO DE LERMA,93A,C,9139,True,True,0093A,Rosario de Lerma,10958,False
AR-17-021-93B,AR-17-021,AR-17,17,Salta,21,ROSARIO DE LERMA,93B,C,99,True,True,0093B,Rosario de Lerma,135,False
AR-17-021-94A,AR-17-021,AR-17,17,Salta,21,ROSARIO DE LERMA,94A,C,190,True,True,0094A,Rosario de Lerma,188,False
AR-17-021-94B,AR-17-021,AR-17,17,Salta,21,ROSARIO DE LERMA,94B,C,28,True,False,,,,False
AR-17-021-95A,AR-17-021,AR-17,17,Salta,21,ROSARIO DE LERMA,95A,C,3964,True,True,0095A,Rosario de Lerma,5620,False
AR-17-021-96B,AR-17-021,AR-17,17,Salta,21,ROSARIO DE LERMA,96B,C,107,True,True,0096B,Rosario de Lerma,118,False
AR-17-021-97A,AR-17-021,AR-17,17,Salta,21,ROSARIO DE LERMA,97A,C,204,True,True,0097A,Rosario de Lerma,220,False
AR-17-021-97B,AR-17-021,AR-17,17,Salta,21,ROSARIO DE LERMA,97B,C,150,True,True,0097B,Rosario de Lerma,158,False
AR-17-021-97C,AR-17-021,AR-17,17,Salta,21,ROSARIO DE LERMA,97C,C,190,True,True,0097C,Rosario de Lerma,225,False
AR-17-021-97D,AR-17-021,AR-17,17,Salta,21,ROSARIO DE LERMA,97D,C,57,True,True,0097D,Rosario de Lerma,79,False
AR-17-021-98A,AR-17-021,AR-17,17,Salta,21,ROSARIO DE LERMA,98A,C,82,True,True,0098A,Rosario de Lerma,83,False
AR-17-022-99A,AR-17-022,AR-17,17,Salta,22,LA POMA,99A,C,785,True,True,0099A,La Poma,965,False
AR-17-022-99B,AR-17-022,AR-17,17,Salta,22,LA POMA,99B,C,235,True,True,0099B,La Poma,215,False
AR-17-022-99C,AR-17-022,AR-17,17,Salta,22,LA POMA,99C,C,325,True,True,0099C,La Poma,315,False
AR-17-023-100A,AR-17-023,AR-17,17,Salta,23,LOS ANDES,100A,C,4618,True,True,0100A,Los Andes,5430,False
AR-17-023-101A,AR-17-023,AR-17,17,Salta,23,LOS ANDES,101A,C,186,True,True,0101A,Los Andes,232,False
AR-17-023-102A,AR-17-023,AR-17,17,Salta,23,LOS ANDES,102A,C,192,True,True,0102A,Los Andes,285,False
AR-17-023-103A,AR-17-023,AR-17,17,Salta,23,LOS ANDES,103A,C,281,True,True,0103A,Los Andes,681,False
AR-18-001-1,AR-18-001,AR-18,18,San Juan,1,Capital,1,CIUDAD OESTE,4727,True,True,00001,Capital,4501,False
AR-18-001-10,AR-18-001,AR-18,18,San Juan,1,Capital,10,BARRIO URQUIZA,2289,True,True,00010,Capital,2359,False
AR-18-001-11,AR-18-001,AR-18,18,San Juan,1,Capital,11,COLEGIO SAN FRANCISCO DE ASIS,2566,True,True,00011,Capital,2722,False
AR-18-001-12,AR-18-001,AR-18,18,San Juan,1,Capital,12,BARRIO SAN MARTIN,4114,True,True,00012,Capital,4230,False
AR-18-001-13,AR-18-001,AR-18,18,San Juan,1,Capital,13,VILLA JARDIN,1636,True,True,00013,Capital,2031,False
AR-18-001-14,AR-18-001,AR-18,18,San Juan,1,Capital,14,BARRIO S.M.A.T.A.,4571,True,True,00014,Capital,5047,False
AR-18-001-15,AR-18-001,AR-18,18,San Juan,1,Capital,15,BARRIO INTA,2498,True,True,00015,Capital,2462,False
AR-18-001-16,AR-18-001,AR-18,18,San Juan,1,Capital,16,VILLA ZAVALLA,1963,True,True,00016,Capital,1977,False
AR-18-001-17,AR-18-001,AR-18,18,San Juan,1,Capital,17,VILLA PATRICIAS SANJUANINAS,3343,True,True,00017,Capital,3560,False
AR-18-001-18,AR-18-001,AR-18,18,San Juan,1,Capital,18,PARQUE DE MAYO,688,True,True,00018,Capital,728,False
AR-18-001-19,AR-18-001,AR-18,18,San Juan,1,Capital,19,BARRIO RESIDEN.DESAMPARADOS,2784,True,True,00019,Capital,2909,False
AR-18-001-2,AR-18-001,AR-18,18,San Juan,1,Capital,2,CIUDAD CENTRO,2165,True,True,00002,Capital,2225,False
AR-18-001-20,AR-18-001,AR-18,18,San Juan,1,Capital,20,VILLA NUEVA PALERMO,2105,True,True,00020,Capital,2164,False
AR-18-001-21,AR-18-001,AR-18,18,San Juan,1,Capital,21,BARRIO CHACABUCO,1974,True,True,00021,Capital,2055,False
AR-18-001-22,AR-18-001,AR-18,18,San Juan,1,Capital,22,BARRIO PARQUE UNIVERSITARIO,4367,True,True,00022,Capital,4427,False
AR-18-001-23,AR-18-001,AR-18,18,San Juan,1,Capital,23,DIRECCION DE HIDRAULICA,1570,True,True,00023,Capital,1528,False
AR-18-001-24,AR-18-001,AR-18,18,San Juan,1,Capital,24,VALDIVIA,4327,True,True,00024,Capital,4518,False
AR-18-001-25,AR-18-001,AR-18,18,San Juan,1,Capital,25,VILLA SANTA TERESITA,3123,True,True,00025,Capital,3216,False
AR-18-001-26,AR-18-001,AR-18,18,San Juan,1,Capital,26,BARRIO FRAY MAMERTO ESQUIU,3473,True,True,00026,Capital,3524,False
AR-18-001-27,AR-18-001,AR-18,18,San Juan,1,Capital,27,LAS PALMAS,2782,True,True,00027,Capital,2759,False
AR-18-001-28,AR-18-001,AR-18,18,San Juan,1,Capital,28,CONSORCIO M MORENO,828,True,True,00028,Capital,842,False
AR-18-001-29,AR-18-001,AR-18,18,San Juan,1,Capital,29,PLAZA DE TRINIDAD,1773,True,True,00029,Capital,1747,False
AR-18-001-3,AR-18-001,AR-18,18,San Juan,1,Capital,3,CIUDAD ESTE,2371,True,True,00003,Capital,2275,False
AR-18-001-30,AR-18-001,AR-18,18,San Juan,1,Capital,30,BARRIO BARDIANI,2958,True,True,00030,Capital,3010,False
AR-18-001-31,AR-18-001,AR-18,18,San Juan,1,Capital,31,VILLA DON BOSCO,5209,True,True,00031,Capital,5434,False
AR-18-001-4,AR-18-001,AR-18,18,San Juan,1,Capital,4,ESTACION TERMINAL,1818,True,True,00004,Capital,1850,False
AR-18-001-5,AR-18-001,AR-18,18,San Juan,1,Capital,5,VILLA AMERICA,2737,True,True,00005,Capital,2814,False
AR-18-001-6,AR-18-001,AR-18,18,San Juan,1,Capital,6,BARRIO MISIONES,3294,True,True,00006,Capital,4033,False
AR-18-001-7,AR-18-001,AR-18,18,San Juan,1,Capital,7,BARRIO COMANDANTE CABOT,4155,True,True,00007,Capital,4498,False
AR-18-001-8,AR-18-001,AR-18,18,San Juan,1,Capital,8,BARRIO J.E.DE MALLEA,3422,True,True,00008,Capital,3606,False
AR-18-001-9,AR-18-001,AR-18,18,San Juan,1,Capital,9,PLAZA JUAN JUFRE,4705,True,True,00009,Capital,4722,False
AR-18-002-32,AR-18-002,AR-18,18,San Juan,2,Santa Lucia,32,CENTRO SANTA LUCIA,8635,True,True,00032,Santa Lucía,10422,False
AR-18-002-33,AR-18-002,AR-18,18,San Juan,2,Santa Lucia,33,BARRIO CADETES ARGENTINOS,14182,True,True,00033,Santa Lucía,14034,False
AR-18-002-34,AR-18-002,AR-18,18,San Juan,2,Santa Lucia,34,VILLA MARINI,11629,True,True,00034,Santa Lucía,12077,False
AR-18-002-35,AR-18-002,AR-18,18,San Juan,2,Santa Lucia,35,COLONIA GUTIERREZ,1383,True,True,00035,Santa Lucía,1579,False
AR-18-002-36,AR-18-002,AR-18,18,San Juan,2,Santa Lucia,36,VILLA 12 DE OCTUBRE,3238,True,True,00036,Santa Lucía,3440,False
AR-18-002-37,AR-18-002,AR-18,18,San Juan,2,Santa Lucia,37,ALTO DE SIERRA,1748,True,True,00037,Santa Lucía,2150,False
AR-18-002-38,AR-18-002,AR-18,18,San Juan,2,Santa Lucia,38,LA LEGUA,1277,True,True,00038,Santa Lucía,1263,False
AR-18-003-39,AR-18-003,AR-18,18,San Juan,3,Chimbas,39,CENTRO CHIMBAS,21447,True,True,00039,Chimbas,24074,False
AR-18-003-40,AR-18-003,AR-18,18,San Juan,3,Chimbas,40,BARRIO LAPRIDA,13474,True,True,00040,Chimbas,15190,False
AR-18-003-41,AR-18-003,AR-18,18,San Juan,3,Chimbas,41,VILLA OBRERA,12496,True,True,00041,Chimbas,13259,False
AR-18-003-42,AR-18-003,AR-18,18,San Juan,3,Chimbas,42,CENTENARIO,9124,True,True,00042,Chimbas,11666,False
AR-18-003-43,AR-18-003,AR-18,18,San Juan,3,Chimbas,43,ARENAL DE APARICIO,7230,True,True,00043,Chimbas,7164,False
AR-18-003-44,AR-18-003,AR-18,18,San Juan,3,Chimbas,44,MOGOTE,2113,True,True,00044,Chimbas,2079,False
AR-18-004-45,AR-18-004,AR-18,18,San Juan,4,Rivadavia,45,BARRIO RIVADAVIA,11404,True,True,00045,Rivadavia,11635,False
AR-18-004-46,AR-18-004,AR-18,18,San Juan,4,Rivadavia,46,NUEVA ARGENTINA,5253,True,True,00046,Rivadavia,6310,False
AR-18-004-47,AR-18-004,AR-18,18,San Juan,4,Rivadavia,47,ESQUINA COLORADA,6296,True,True,00047,Rivadavia,6512,False
AR-18-004-48,AR-18-004,AR-18,18,San Juan,4,Rivadavia,48,PUNTA DE RIELES,17973,True,True,00048,Rivadavia,18661,False
AR-18-004-49,AR-18-004,AR-18,18,San Juan,4,Rivadavia,49,VILLA HUAZIHUL,13518,True,True,00049,Rivadavia,12869,False
AR-18-004-50,AR-18-004,AR-18,18,San Juan,4,Rivadavia,50,HOSPITAL MARCIAL QUIROGA,2556,True,True,00050,Rivadavia,2731,False
AR-18-004-51,AR-18-004,AR-18,18,San Juan,4,Rivadavia,51,MARQUEZADO,3867,True,True,00051,Rivadavia,4592,False
AR-18-004-52,AR-18-004,AR-18,18,San Juan,4,Rivadavia,52,LA BEBIDA,8905,True,True,00052,Rivadavia,11746,False
AR-18-005-53,AR-18-005,AR-18,18,San Juan,5,Zonda,53,ZONDA,4116,True,True,00053,Zonda,4797,False
AR-18-006-54,AR-18-006,AR-18,18,San Juan,6,Rawson,54,CIUDAD VILLA KRAUSE,23140,True,True,00054,Rawson,26552,False
AR-18-006-55,AR-18-006,AR-18,18,San Juan,6,Rawson,55,CIUDAD BARRIO OBRERO RAWSON,14823,True,True,00055,Rawson,15146,False
AR-18-006-56,AR-18-006,AR-18,18,San Juan,6,Rawson,56,CIUDAD BARRIO CAPITAN LAZO,32472,True,True,00056,Rawson,33031,False
AR-18-006-57,AR-18-006,AR-18,18,San Juan,6,Rawson,57,CIUDAD VILLA S.MA. DEL CARRIL,8518,True,True,00057,Rawson,8293,False
AR-18-006-58,AR-18-006,AR-18,18,San Juan,6,Rawson,58,BARRIO EDILCO,10960,True,True,00058,Rawson,12947,False
AR-18-006-59,AR-18-006,AR-18,18,San Juan,6,Rawson,59,COLONIA RODAS,631,True,True,00059,Rawson,754,False
AR-18-006-60,AR-18-006,AR-18,18,San Juan,6,Rawson,60,MEDANO DE ORO,3129,True,True,00060,Rawson,3461,False
AR-18-006-61,AR-18-006,AR-18,18,San Juan,6,Rawson,61,EL CERRILLO,112,True,True,00061,Rawson,172,False
AR-18-007-62,AR-18-007,AR-18,18,San Juan,7,9 de Julio,62,VILLA,4598,True,True,00062,9 de Julio,5343,False
AR-18-007-63,AR-18-007,AR-18,18,San Juan,7,9 de Julio,63,LAS CHACRITAS,3939,True,True,00063,9 de Julio,4125,False
AR-18-008-64,AR-18-008,AR-18,18,San Juan,8,San Martín,64,LA PUNTILLA,3344,True,True,00064,San Martín,3977,False
AR-18-008-65,AR-18-008,AR-18,18,San Juan,8,San Martín,65,SAN ISIDRO,2998,True,True,00065,San Martín,3331,False
AR-18-008-66,AR-18-008,AR-18,18,San Juan,8,San Martín,66,DOS ACEQUIAS,2627,True,True,00066,San Martín,3151,False
AR-18-009-67,AR-18-009,AR-18,18,San Juan,9,Angaco,67,VILLA EL SALVADOR,3337,True,True,00067,Angaco,3976,False
AR-18-009-68,AR-18-009,AR-18,18,San Juan,9,Angaco,68,PLUMERILLO,436,True,True,00068,Angaco,453,False
AR-18-009-69,AR-18-009,AR-18,18,San Juan,9,Angaco,69,EL BOSQUE,310,True,True,00069,Angaco,289,False
AR-18-009-70,AR-18-009,AR-18,18,San Juan,9,Angaco,70,ALAMITO,187,True,True,00070,Angaco,221,False
AR-18-009-71,AR-18-009,AR-18,18,San Juan,9,Angaco,71,LAS TAPIAS,1651,True,True,00071,Angaco,1923,False
AR-18-009-72,AR-18-009,AR-18,18,San Juan,9,Angaco,72,PUNTA DEL MONTE,269,True,True,00072,Angaco,275,False
AR-18-009-73,AR-18-009,AR-18,18,San Juan,9,Angaco,73,LA CAÑADA,1157,True,True,00073,Angaco,1199,False
AR-18-010-74,AR-18-010,AR-18,18,San Juan,10,Albardón,74,VILLA SAN MARTIN,5147,True,True,00074,Albardón,5653,False
AR-18-010-75,AR-18-010,AR-18,18,San Juan,10,Albardón,75,VILLA CHILE,2002,True,True,00075,Albardón,2143,False
AR-18-010-76,AR-18-010,AR-18,18,San Juan,10,Albardón,76,LA CAÑADA,844,True,True,00076,Albardón,1027,False
AR-18-010-77,AR-18-010,AR-18,18,San Juan,10,Albardón,77,LA LAJA,1302,True,True,00077,Albardón,1635,False
AR-18-010-78,AR-18-010,AR-18,18,San Juan,10,Albardón,78,LAS LOMITAS,4700,True,True,00078,Albardón,5319,False
AR-18-010-79,AR-18-010,AR-18,18,San Juan,10,Albardón,79,CAMPO AFUERA,4787,True,True,00079,Albardón,5605,False
AR-18-010-80,AR-18-010,AR-18,18,San Juan,10,Albardón,80,OBISPO ZAPATA,1043,True,True,00080,Albardón,1109,False
AR-18-011-81,AR-18-011,AR-18,18,San Juan,11,Ullum,81,CENTRO ULLUM,4097,True,True,00081,Ullum,4779,False
AR-18-012-83,AR-18-012,AR-18,18,San Juan,12,Pocito,83,EST. SANCHEZ DE LORIA,17507,True,True,00083,Pocito,21421,False
AR-18-012-84,AR-18-012,AR-18,18,San Juan,12,Pocito,84,VILLA A. ABERASTAIN,12697,True,True,00084,Pocito,14388,False
AR-18-012-85,AR-18-012,AR-18,18,San Juan,12,Pocito,85,QUINTO CUARTEL,1528,True,True,00085,Pocito,1667,False
AR-18-012-86,AR-18-012,AR-18,18,San Juan,12,Pocito,86,RINCONADA,6147,True,True,00086,Pocito,7833,False
AR-18-012-87,AR-18-012,AR-18,18,San Juan,12,Pocito,87,CAMPO DE BATALLA,689,True,True,00087,Pocito,711,False
AR-18-012-88,AR-18-012,AR-18,18,San Juan,12,Pocito,88,CARPINTERIA,3093,True,True,00088,Pocito,3520,False
AR-18-013-89,AR-18-013,AR-18,18,San Juan,13,Sarmiento,89,MEDIA AGUA,7256,True,True,00089,Sarmiento,8221,False
AR-18-013-90,AR-18-013,AR-18,18,San Juan,13,Sarmiento,90,COCHAGUAL,1839,True,True,00090,Sarmiento,2071,False
AR-18-013-90A,AR-18-013,AR-18,18,San Juan,13,Sarmiento,90A,PUNTA DEL MEDANO,515,True,True,0090A,Sarmiento,594,False
AR-18-013-91,AR-18-013,AR-18,18,San Juan,13,Sarmiento,91,COLONIA FISCAL,1499,True,True,00091,Sarmiento,1763,False
AR-18-013-92,AR-18-013,AR-18,18,San Juan,13,Sarmiento,92,LAS LAGUNAS,1416,True,True,00092,Sarmiento,1572,False
AR-18-013-93,AR-18-013,AR-18,18,San Juan,13,Sarmiento,93,LOS BERROS,3327,True,True,00093,Sarmiento,3898,False
AR-18-013-93A,AR-18-013,AR-18,18,San Juan,13,Sarmiento,93A,CAÑADA HONDA,311,True,True,0093A,Sarmiento,385,False
AR-18-013-94,AR-18-013,AR-18,18,San Juan,13,Sarmiento,94,CIENEGUITA,262,True,True,00094,Sarmiento,285,False
AR-18-013-94A,AR-18-013,AR-18,18,San Juan,13,Sarmiento,94A,DIVISADERO,224,True,True,0094A,Sarmiento,281,False
AR-18-013-95,AR-18-013,AR-18,18,San Juan,13,Sarmiento,95,RETAMITO,146,True,True,00095,Sarmiento,144,False
AR-18-013-96,AR-18-013,AR-18,18,San Juan,13,Sarmiento,96,PEDERNAL,396,True,True,00096,Sarmiento,481,False
AR-18-014-100,AR-18-014,AR-18,18,San Juan,14,25 de Mayo,100,ENCON,666,True,True,00100,25 de Mayo,780,False
AR-18-014-97,AR-18-014,AR-18,18,San Juan,14,25 de Mayo,97,VILLA SANTA ROSA,5347,True,True,00097,25 de Mayo,5990,False
AR-18-014-98,AR-18-014,AR-18,18,San Juan,14,25 de Mayo,98,CASUARINAS,6444,True,True,00098,25 de Mayo,7358,False
AR-18-014-99,AR-18-014,AR-18,18,San Juan,14,25 de Mayo,99,POZO SALADO,712,True,True,00099,25 de Mayo,791,False
AR-18-015-101,AR-18-015,AR-18,18,San Juan,15,Caucete,101,CIUDAD CAUCETE SEC. ESTE,4204,True,True,00101,Caucete,4802,False
AR-18-015-102,AR-18-015,AR-18,18,San Juan,15,Caucete,102,CIUDAD CAUCETE SEC. OESTE,5987,True,True,00102,Caucete,6038,False
AR-18-015-103,AR-18-015,AR-18,18,San Juan,15,Caucete,103,VILLA DOLORES,6952,True,True,00103,Caucete,7219,False
AR-18-015-104,AR-18-015,AR-18,18,San Juan,15,Caucete,104,VILLA SAENZ PEÑA,4769,True,True,00104,Caucete,5441,False
AR-18-015-105,AR-18-015,AR-18,18,San Juan,15,Caucete,105,LOS MEDANOS,576,True,True,00105,Caucete,696,False
AR-18-015-106,AR-18-015,AR-18,18,San Juan,15,Caucete,106,VILLA INDEPENDENCIA,1153,True,True,00106,Caucete,1553,False
AR-18-015-107,AR-18-015,AR-18,18,San Juan,15,Caucete,107,PUNTILLA,962,True,True,00107,Caucete,989,False
AR-18-015-108,AR-18-015,AR-18,18,San Juan,15,Caucete,108,RINCON,1587,True,True,00108,Caucete,1711,False
AR-18-015-109,AR-18-015,AR-18,18,San Juan,15,Caucete,109,POZO DE LOS ALGARROBOS,789,True,True,00109,Caucete,786,False
AR-18-015-110,AR-18-015,AR-18,18,San Juan,15,Caucete,110,PIE DE PALO,846,True,True,00110,Caucete,1302,False
AR-18-015-110A,AR-18-015,AR-18,18,San Juan,15,Caucete,110A,VALLECITO,299,True,True,0110A,Caucete,323,False
AR-18-015-111,AR-18-015,AR-18,18,San Juan,15,Caucete,111,BERMEJO,558,True,True,00111,Caucete,662,False
AR-18-015-112,AR-18-015,AR-18,18,San Juan,15,Caucete,112,MARAYES,248,True,True,00112,Caucete,296,False
AR-18-016-113,AR-18-016,AR-18,18,San Juan,16,Valle Fértil,113,VILLA SAN AGUSTIN,4311,True,True,00113,Valle Fértil,4944,False
AR-18-016-113A,AR-18-016,AR-18,18,San Juan,16,Valle Fértil,113A,LA MAJADITA,167,True,True,0113A,Valle Fértil,188,False
AR-18-016-114,AR-18-016,AR-18,18,San Juan,16,Valle Fértil,114,USNO,300,True,True,00114,Valle Fértil,341,False
AR-18-016-114A,AR-18-016,AR-18,18,San Juan,16,Valle Fértil,114A,BALDES DEL ROSARIO,156,True,True,0114A,Valle Fértil,154,False
AR-18-016-115,AR-18-016,AR-18,18,San Juan,16,Valle Fértil,115,ASTICA,765,True,True,00115,Valle Fértil,883,False
AR-18-016-116,AR-18-016,AR-18,18,San Juan,16,Valle Fértil,116,SIERRA DE CHAVEZ,133,True,True,00116,Valle Fértil,140,False
AR-18-016-117,AR-18-016,AR-18,18,San Juan,16,Valle Fértil,117,CHUCUMA,194,True,True,00117,Valle Fértil,221,False
AR-18-017-118,AR-18-017,AR-18,18,San Juan,17,Jachal,118,CIUDAD DE JACHAL,9698,True,True,00118,Jáchal,10627,False
AR-18-017-119,AR-18-017,AR-18,18,San Juan,17,Jachal,119,RINCON,421,True,True,00119,Jáchal,461,False
AR-18-017-120,AR-18-017,AR-18,18,San Juan,17,Jachal,120,CRUZ DE PIEDRA,376,True,True,00120,Jáchal,390,False
AR-18-017-121,AR-18-017,AR-18,18,San Juan,17,Jachal,121,NIQUIVIL,823,True,True,00121,Jáchal,927,False
AR-18-017-122,AR-18-017,AR-18,18,San Juan,17,Jachal,122,MOGNA,235,True,True,00122,Jáchal,250,False
AR-18-017-123,AR-18-017,AR-18,18,San Juan,17,Jachal,123,OTRA BANDA,828,True,True,00123,Jáchal,822,False
AR-18-017-124,AR-18-017,AR-18,18,San Juan,17,Jachal,124,FALDA DEL FICAL,896,True,True,00124,Jáchal,1074,False
AR-18-017-125,AR-18-017,AR-18,18,San Juan,17,Jachal,125,SAN ISIDRO,863,True,True,00125,Jáchal,978,False
AR-18-017-126,AR-18-017,AR-18,18,San Juan,17,Jachal,126,LA REPRESA,450,True,True,00126,Jáchal,487,False
AR-18-017-127,AR-18-017,AR-18,18,San Juan,17,Jachal,127,LOS MEDANOS,234,True,True,00127,Jáchal,230,False
AR-18-017-129,AR-18-017,AR-18,18,San Juan,17,Jachal,129,VILLA MERCEDES,1412,True,True,00129,Jáchal,1552,False
AR-18-017-130,AR-18-017,AR-18,18,San Juan,17,Jachal,130,TAMBERIAS,742,True,True,00130,Jáchal,841,False
AR-18-017-131,AR-18-017,AR-18,18,San Juan,17,Jachal,131,GRAN CHINA,444,True,True,00131,Jáchal,528,False
AR-18-017-132,AR-18-017,AR-18,18,San Juan,17,Jachal,132,HUACO,820,True,True,00132,Jáchal,842,False
AR-18-018-134,AR-18-018,AR-18,18,San Juan,18,Iglesia,134,VILLA,1328,True,True,00134,Iglesia,1519,False
AR-18-018-135,AR-18-018,AR-18,18,San Juan,18,Iglesia,135,LAS FLORES,1002,True,True,00135,Iglesia,1217,False
AR-18-018-136,AR-18-018,AR-18,18,San Juan,18,Iglesia,136,RODEO,3002,True,True,00136,Iglesia,3774,False
AR-18-018-137,AR-18-018,AR-18,18,San Juan,18,Iglesia,137,TUDCUM,849,True,True,00137,Iglesia,978,False
AR-18-018-138,AR-18-018,AR-18,18,San Juan,18,Iglesia,138,ANGUALASTO,460,True,True,00138,Iglesia,519,False
AR-18-019-139,AR-18-019,AR-18,18,San Juan,19,Calingasta,139,VILLA,2525,True,True,00139,Calingasta,2747,False
AR-18-019-140,AR-18-019,AR-18,18,San Juan,19,Calingasta,140,PUCHUZUN,297,True,True,00140,Calingasta,293,False
AR-18-019-141,AR-18-019,AR-18,18,San Juan,19,Calingasta,141,TAMBERIAS,1136,True,True,00141,Calingasta,1234,False
AR-18-019-142,AR-18-019,AR-18,18,San Juan,19,Calingasta,142,CABECERA DEL BARREAL,3651,True,True,00142,Calingasta,4368,False
AR-19-001-10,AR-19-001,AR-19,19,San Luis,1,Pueyrredon,10,Beazley,956,True,True,00010,Juan Martín de Pueyrredón,1060,False
AR-19-001-1001A,AR-19-001,AR-19,19,San Luis,1,Pueyrredon,1001A,San Luis (1001A),7872,True,True,1001A,Juan Martín de Pueyrredón,9095,False
AR-19-001-1001B,AR-19-001,AR-19,19,San Luis,1,Pueyrredon,1001B,San Luis (1001B),3175,True,True,1001B,Juan Martín de Pueyrredón,3587,False
AR-19-001-1001C,AR-19-001,AR-19,19,San Luis,1,Pueyrredon,1001C,San Luis (1001C),2208,True,True,1001C,Juan Martín de Pueyrredón,2412,False
AR-19-001-1002,AR-19-001,AR-19,19,San Luis,1,Pueyrredon,1002,San Luis (1002),6357,True,True,01002,Juan Martín de Pueyrredón,7677,False
AR-19-001-1003,AR-19-001,AR-19,19,San Luis,1,Pueyrredon,1003,San Luis (1003),6256,True,True,01003,Juan Martín de Pueyrredón,6657,False
AR-19-001-1004,AR-19-001,AR-19,19,San Luis,1,Pueyrredon,1004,San Luis (1004),8478,True,True,01004,Juan Martín de Pueyrredón,11191,False
AR-19-001-1005,AR-19-001,AR-19,19,San Luis,1,Pueyrredon,1005,San Luis (1005),5255,True,True,01005,Juan Martín de Pueyrredón,5173,False
AR-19-001-1006,AR-19-001,AR-19,19,San Luis,1,Pueyrredon,1006,San Luis (1006),5038,True,True,01006,Juan Martín de Pueyrredón,4889,False
AR-19-001-1007,AR-19-001,AR-19,19,San Luis,1,Pueyrredon,1007,San Luis (1007),7867,True,True,01007,Juan Martín de Pueyrredón,7917,False
AR-19-001-1008A,AR-19-001,AR-19,19,San Luis,1,Pueyrredon,1008A,San Luis (1008A),2221,True,True,1008A,Juan Martín de Pueyrredón,2636,False
AR-19-001-1008B,AR-19-001,AR-19,19,San Luis,1,Pueyrredon,1008B,San Luis (1008B),3283,True,True,1008B,Juan Martín de Pueyrredón,3750,False
AR-19-001-1008C,AR-19-001,AR-19,19,San Luis,1,Pueyrredon,1008C,San Luis (1008C),5432,True,True,1008C,Juan Martín de Pueyrredón,5793,False
AR-19-001-1008D,AR-19-001,AR-19,19,San Luis,1,Pueyrredon,1008D,San Luis (1008D),3843,True,True,1008D,Juan Martín de Pueyrredón,3993,False
AR-19-001-1008E,AR-19-001,AR-19,19,San Luis,1,Pueyrredon,1008E,San Luis (1008E),4738,True,True,1008E,Juan Martín de Pueyrredón,4693,False
AR-19-001-1009,AR-19-001,AR-19,19,San Luis,1,Pueyrredon,1009,San Luis (1009),3551,True,True,01009,Juan Martín de Pueyrredón,4241,False
AR-19-001-1010,AR-19-001,AR-19,19,San Luis,1,Pueyrredon,1010,San Luis (1010),3370,True,True,01010,Juan Martín de Pueyrredón,3274,False
AR-19-001-1011,AR-19-001,AR-19,19,San Luis,1,Pueyrredon,1011,San Luis (1011),3159,True,True,01011,Juan Martín de Pueyrredón,3178,False
AR-19-001-1012,AR-19-001,AR-19,19,San Luis,1,Pueyrredon,1012,San Luis (1012),3045,True,True,01012,Juan Martín de Pueyrredón,3327,False
AR-19-001-1013,AR-19-001,AR-19,19,San Luis,1,Pueyrredon,1013,San Luis (1013),4657,True,True,01013,Juan Martín de Pueyrredón,4609,False
AR-19-001-1014,AR-19-001,AR-19,19,San Luis,1,Pueyrredon,1014,San Luis (1014),3069,True,True,01014,Juan Martín de Pueyrredón,3073,False
AR-19-001-1015,AR-19-001,AR-19,19,San Luis,1,Pueyrredon,1015,San Luis (1015),1679,True,False,,,,False
AR-19-001-1016,AR-19-001,AR-19,19,San Luis,1,Pueyrredon,1016,San Luis (1016),2558,True,True,01016,Juan Martín de Pueyrredón,2543,False
AR-19-001-1017,AR-19-001,AR-19,19,San Luis,1,Pueyrredon,1017,San Luis (1017),5614,True,True,01017,Juan Martín de Pueyrredón,5467,False
AR-19-001-1018,AR-19-001,AR-19,19,San Luis,1,Pueyrredon,1018,San Luis (1018),5880,True,True,01018,Juan Martín de Pueyrredón,5749,False
AR-19-001-1019,AR-19-001,AR-19,19,San Luis,1,Pueyrredon,1019,San Luis (1019),3641,True,True,01019,Juan Martín de Pueyrredón,3578,False
AR-19-001-1020,AR-19-001,AR-19,19,San Luis,1,Pueyrredon,1020,San Luis (1020),9643,True,True,01020,Juan Martín de Pueyrredón,9932,False
AR-19-001-1021,AR-19-001,AR-19,19,San Luis,1,Pueyrredon,1021,San Luis (1021),6918,True,False,,,,False
AR-19-001-1022,AR-19-001,AR-19,19,San Luis,1,Pueyrredon,1022,San Luis (1022),15088,True,False,,,,False
AR-19-001-11,AR-19-001,AR-19,19,San Luis,1,Pueyrredon,11,Las Barrancas,45,True,True,00011,Juan Martín de Pueyrredón,40,False
AR-19-001-12,AR-19-001,AR-19,19,San Luis,1,Pueyrredon,12,Zanjitas,460,True,True,00012,Juan Martín de Pueyrredón,515,False
AR-19-001-13,AR-19-001,AR-19,19,San Luis,1,Pueyrredon,13,Alto Pelado,140,True,True,00013,Juan Martín de Pueyrredón,176,False
AR-19-001-14,AR-19-001,AR-19,19,San Luis,1,Pueyrredon,14,Varela,43,True,True,00014,Juan Martín de Pueyrredón,58,False
AR-19-001-15,AR-19-001,AR-19,19,San Luis,1,Pueyrredon,15,San Geronimo,456,True,True,00015,Juan Martín de Pueyrredón,513,False
AR-19-001-2,AR-19-001,AR-19,19,San Luis,1,Pueyrredon,2,Juana Koslay,12551,True,True,00002,Juan Martín de Pueyrredón,14823,False
AR-19-001-3,AR-19-001,AR-19,19,San Luis,1,Pueyrredon,3,La Punta,12672,True,True,00003,Juan Martín de Pueyrredón,15237,False
AR-19-001-4,AR-19-001,AR-19,19,San Luis,1,Pueyrredon,4,El Volcan,2279,True,True,00004,Juan Martín de Pueyrredón,2978,False
AR-19-001-4A,AR-19-001,AR-19,19,San Luis,1,Pueyrredon,4A,Pot. de los Funes,2229,True,True,0004A,Juan Martín de Pueyrredón,2932,False
AR-19-001-5A,AR-19-001,AR-19,19,San Luis,1,Pueyrredon,5A,ZONA 5A SUYUQUE,28,True,True,0005A,Juan Martín de Pueyrredón,232,False
AR-19-001-5B,AR-19-001,AR-19,19,San Luis,1,Pueyrredon,5B,ZONA 5B JUAN W. GEZ,44,True,True,0005B,Juan Martín de Pueyrredón,23,False
AR-19-001-6,AR-19-001,AR-19,19,San Luis,1,Pueyrredon,6,Balde,561,True,True,00006,Juan Martín de Pueyrredón,596,False
AR-19-001-7,AR-19-001,AR-19,19,San Luis,1,Pueyrredon,7,Salinas Del Bebedero,73,True,True,00007,Juan Martín de Pueyrredón,88,False
AR-19-001-8,AR-19-001,AR-19,19,San Luis,1,Pueyrredon,8,Los Chosmes,52,True,False,,,,False
AR-19-001-9,AR-19-001,AR-19,19,San Luis,1,Pueyrredon,9,Alto Pencoso,617,True,False,,,,False
AR-19-002-16,AR-19-002,AR-19,19,San Luis,2,Pringles,16,Saladillo,396,True,True,00016,Coronel Pringles,426,False
AR-19-002-17,AR-19-002,AR-19,19,San Luis,2,Pringles,17,Fraga,1159,True,True,00017,Coronel Pringles,1226,False
AR-19-002-1801,AR-19-002,AR-19,19,San Luis,2,Pringles,1801,La Toma (1801),1457,True,True,01801,Coronel Pringles,1435,False
AR-19-002-1802,AR-19-002,AR-19,19,San Luis,2,Pringles,1802,La Toma (1802),1305,True,True,01802,Coronel Pringles,1355,False
AR-19-002-1803,AR-19-002,AR-19,19,San Luis,2,Pringles,1803,La Toma (1803),1673,True,True,01803,Coronel Pringles,1830,False
AR-19-002-1804,AR-19-002,AR-19,19,San Luis,2,Pringles,1804,La Toma (1804),2104,True,True,01804,Coronel Pringles,2220,False
AR-19-002-19,AR-19-002,AR-19,19,San Luis,2,Pringles,19,La Totora,31,True,True,00019,Coronel Pringles,47,False
AR-19-002-20,AR-19-002,AR-19,19,San Luis,2,Pringles,20,Los Membrillos,37,True,True,00020,Coronel Pringles,34,False
AR-19-002-21,AR-19-002,AR-19,19,San Luis,2,Pringles,21,Carolina,555,True,True,00021,Coronel Pringles,611,False
AR-19-002-22,AR-19-002,AR-19,19,San Luis,2,Pringles,22,Cañada Honda,33,True,True,00022,Coronel Pringles,36,False
AR-19-002-22A,AR-19-002,AR-19,19,San Luis,2,Pringles,22A,Cerros Largos,27,True,True,0022A,Coronel Pringles,33,False
AR-19-002-23,AR-19-002,AR-19,19,San Luis,2,Pringles,23,Paso Del Rey,102,True,True,00023,Coronel Pringles,104,False
AR-19-002-24,AR-19-002,AR-19,19,San Luis,2,Pringles,24,Trapiche,1922,True,True,00024,Coronel Pringles,2245,False
AR-19-002-25,AR-19-002,AR-19,19,San Luis,2,Pringles,25,La Florida,449,True,True,00025,Coronel Pringles,575,False
AR-19-002-26,AR-19-002,AR-19,19,San Luis,2,Pringles,26,El Durazno,275,True,True,00026,Coronel Pringles,254,False
AR-19-002-26A,AR-19-002,AR-19,19,San Luis,2,Pringles,26A,Estancia Grande,316,True,True,0026A,Coronel Pringles,490,False
AR-19-002-27,AR-19-002,AR-19,19,San Luis,2,Pringles,27,Pampa Del Tamboreo,98,True,True,00027,Coronel Pringles,114,False
AR-19-002-28,AR-19-002,AR-19,19,San Luis,2,Pringles,28,Marmol Verde,30,True,True,00028,Coronel Pringles,34,False
AR-19-003-3001A,AR-19-003,AR-19,19,San Luis,3,Pedernera,3001A,Ciudad V.Mercedes (3001A),3301,True,True,3001A,General Pedernera,3215,False
AR-19-003-3001B,AR-19-003,AR-19,19,San Luis,3,Pedernera,3001B,Ciudad V.Mercedes (3001B),9175,True,True,3001B,General Pedernera,11817,False
AR-19-003-3002,AR-19-003,AR-19,19,San Luis,3,Pedernera,3002,Ciudad V.Mercedes (3002),4756,True,True,03002,General Pedernera,4803,False
AR-19-003-3003,AR-19-003,AR-19,19,San Luis,3,Pedernera,3003,Ciudad V.Mercedes (3003),6869,True,True,03003,General Pedernera,7023,False
AR-19-003-3004,AR-19-003,AR-19,19,San Luis,3,Pedernera,3004,Ciudad V.Mercedes (3004),4788,True,True,03004,General Pedernera,5095,False
AR-19-003-3005,AR-19-003,AR-19,19,San Luis,3,Pedernera,3005,Ciudad V.Mercedes (3005),829,True,True,03005,General Pedernera,1087,False
AR-19-003-3006,AR-19-003,AR-19,19,San Luis,3,Pedernera,3006,Ciudad V.Mercedes (3006),3602,True,True,03006,General Pedernera,4367,False
AR-19-003-3007,AR-19-003,AR-19,19,San Luis,3,Pedernera,3007,Ciudad V.Mercedes (3007),5413,True,True,03007,General Pedernera,5835,False
AR-19-003-3008,AR-19-003,AR-19,19,San Luis,3,Pedernera,3008,Ciudad V.Mercedes (3008),1884,True,True,03008,General Pedernera,1818,False
AR-19-003-3009,AR-19-003,AR-19,19,San Luis,3,Pedernera,3009,Ciudad V.Mercedes (3009),5706,True,True,03009,General Pedernera,5457,False
AR-19-003-3010,AR-19-003,AR-19,19,San Luis,3,Pedernera,3010,Ciudad V.Mercedes (3010),4289,True,True,03010,General Pedernera,4011,False
AR-19-003-3011,AR-19-003,AR-19,19,San Luis,3,Pedernera,3011,Ciudad V.Mercedes (3011),3874,True,True,03011,General Pedernera,3748,False
AR-19-003-3012,AR-19-003,AR-19,19,San Luis,3,Pedernera,3012,Ciudad V.Mercedes (3012),2598,True,True,03012,General Pedernera,2546,False
AR-19-003-3013,AR-19-003,AR-19,19,San Luis,3,Pedernera,3013,Ciudad V.Mercedes (3013),2568,True,True,03013,General Pedernera,2440,False
AR-19-003-3014,AR-19-003,AR-19,19,San Luis,3,Pedernera,3014,Ciudad V.Mercedes (3014),3378,True,True,03014,General Pedernera,3586,False
AR-19-003-3015,AR-19-003,AR-19,19,San Luis,3,Pedernera,3015,Ciudad V.Mercedes (3015),4301,True,True,03015,General Pedernera,4765,False
AR-19-003-3016,AR-19-003,AR-19,19,San Luis,3,Pedernera,3016,Ciudad V.Mercedes (3016),4635,True,True,03016,General Pedernera,4697,False
AR-19-003-3017,AR-19-003,AR-19,19,San Luis,3,Pedernera,3017,Ciudad V.Mercedes (3017),4588,True,True,03017,General Pedernera,5406,False
AR-19-003-3018,AR-19-003,AR-19,19,San Luis,3,Pedernera,3018,Ciudad V.Mercedes (3018),5946,True,True,03018,General Pedernera,6400,False
AR-19-003-3019,AR-19-003,AR-19,19,San Luis,3,Pedernera,3019,Ciudad V.Mercedes (3019),3705,True,True,03019,General Pedernera,4435,False
AR-19-003-3020,AR-19-003,AR-19,19,San Luis,3,Pedernera,3020,Ciudad V.Mercedes (3020),1957,True,True,03020,General Pedernera,3683,False
AR-19-003-3021,AR-19-003,AR-19,19,San Luis,3,Pedernera,3021,Ciudad V.Mercedes (3021),7295,True,True,03021,General Pedernera,8105,False
AR-19-003-31,AR-19-003,AR-19,19,San Luis,3,Pedernera,31,Las Isletas,22,True,True,00031,General Pedernera,38,False
AR-19-003-32,AR-19-003,AR-19,19,San Luis,3,Pedernera,32,Lavaisse,125,True,True,00032,General Pedernera,143,False
AR-19-003-33,AR-19-003,AR-19,19,San Luis,3,Pedernera,33,Nueva Escocia,12,True,True,00033,General Pedernera,12,False
AR-19-003-3401,AR-19-003,AR-19,19,San Luis,3,Pedernera,3401,Ciudad J.Daract (3401),1777,True,True,03401,General Pedernera,1959,False
AR-19-003-3402,AR-19-003,AR-19,19,San Luis,3,Pedernera,3402,Ciudad J.Daract (3402),1618,True,True,03402,General Pedernera,1737,False
AR-19-003-3403,AR-19-003,AR-19,19,San Luis,3,Pedernera,3403,Ciudad J.Daract (3403),792,True,True,03403,General Pedernera,804,False
AR-19-003-3404,AR-19-003,AR-19,19,San Luis,3,Pedernera,3404,Ciudad J.Daract (3404),1197,True,True,03404,General Pedernera,1159,False
AR-19-003-3405,AR-19-003,AR-19,19,San Luis,3,Pedernera,3405,Ciudad J.Daract (3405),2027,True,True,03405,General Pedernera,2042,False
AR-19-003-3406,AR-19-003,AR-19,19,San Luis,3,Pedernera,3406,Ciudad J.Daract (3406),880,True,True,03406,General Pedernera,1134,False
AR-19-003-3407,AR-19-003,AR-19,19,San Luis,3,Pedernera,3407,Ciudad J.Daract (3407),742,True,True,03407,General Pedernera,943,False
AR-19-003-35,AR-19-003,AR-19,19,San Luis,3,Pedernera,35,La Angelina,8,True,True,00035,General Pedernera,12,False
AR-19-003-36,AR-19-003,AR-19,19,San Luis,3,Pedernera,36,El Morro,200,True,True,00036,General Pedernera,268,False
AR-19-003-37,AR-19-003,AR-19,19,San Luis,3,Pedernera,37,La Esquina,60,True,True,00037,General Pedernera,62,False
AR-19-003-38,AR-19-003,AR-19,19,San Luis,3,Pedernera,38,Juan Llerena,379,True,True,00038,General Pedernera,392,False
AR-19-003-39,AR-19-003,AR-19,19,San Luis,3,Pedernera,39,Punilla,394,True,True,00039,General Pedernera,500,False
AR-19-003-40,AR-19-003,AR-19,19,San Luis,3,Pedernera,40,Villa Reynolds,479,True,True,00040,General Pedernera,472,False
AR-19-003-41,AR-19-003,AR-19,19,San Luis,3,Pedernera,41,Juan Jorba,275,True,True,00041,General Pedernera,330,False
AR-19-004-42,AR-19-004,AR-19,19,San Luis,4,Chacabuco,42,Tilisarao,5508,True,True,00042,Chacabuco,5655,False
AR-19-004-43,AR-19-004,AR-19,19,San Luis,4,Chacabuco,43,Renca,581,True,True,00043,Chacabuco,691,False
AR-19-004-44,AR-19-004,AR-19,19,San Luis,4,Chacabuco,44,San Pablo,269,True,True,00044,Chacabuco,294,False
AR-19-004-45,AR-19-004,AR-19,19,San Luis,4,Chacabuco,45,Concaran,4939,True,True,00045,Chacabuco,5171,False
AR-19-004-46,AR-19-004,AR-19,19,San Luis,4,Chacabuco,46,Larca,1303,True,True,00046,Chacabuco,1661,False
AR-19-004-47,AR-19-004,AR-19,19,San Luis,4,Chacabuco,47,Papagayos,562,True,True,00047,Chacabuco,652,False
AR-19-004-48,AR-19-004,AR-19,19,San Luis,4,Chacabuco,48,Villa Del Carmen,888,True,True,00048,Chacabuco,938,False
AR-19-004-49,AR-19-004,AR-19,19,San Luis,4,Chacabuco,49,Naschel,3304,True,True,00049,Chacabuco,3602,False
AR-19-004-50,AR-19-004,AR-19,19,San Luis,4,Chacabuco,50,Canada Grande,4,True,True,00050,Chacabuco,10,False
AR-19-004-51,AR-19-004,AR-19,19,San Luis,4,Chacabuco,51,Cortaderas,1478,True,True,00051,Chacabuco,2251,False
AR-19-005-52,AR-19-005,AR-19,19,San Luis,5,San Martin,52,San Martin,950,True,True,00052,Libertador General San Martín,984,False
AR-19-005-53,AR-19-005,AR-19,19,San Luis,5,San Martin,53,Las Chacras,539,True,True,00053,Libertador General San Martín,579,False
AR-19-005-54,AR-19-005,AR-19,19,San Luis,5,San Martin,54,Cruz De Cana,11,True,True,00054,Libertador General San Martín,14,False
AR-19-005-55,AR-19-005,AR-19,19,San Luis,5,San Martin,55,Paso Grande,659,True,True,00055,Libertador General San Martín,648,False
AR-19-005-56,AR-19-005,AR-19,19,San Luis,5,San Martin,56,Guzman,298,True,True,00056,Libertador General San Martín,340,False
AR-19-005-57,AR-19-005,AR-19,19,San Luis,5,San Martin,57,Potrerillo,253,True,True,00057,Libertador General San Martín,274,False
AR-19-005-58,AR-19-005,AR-19,19,San Luis,5,San Martin,58,Rincon Del Carmen,588,True,True,00058,Libertador General San Martín,708,False
AR-19-005-59,AR-19-005,AR-19,19,San Luis,5,San Martin,59,Puerta Colorada,50,True,True,00059,Libertador General San Martín,40,False
AR-19-005-60,AR-19-005,AR-19,19,San Luis,5,San Martin,60,Villa Praga,449,True,True,00060,Libertador General San Martín,517,False
AR-19-005-61,AR-19-005,AR-19,19,San Luis,5,San Martin,61,La Vertiente,337,True,True,00061,Libertador General San Martín,327,False
AR-19-005-62,AR-19-005,AR-19,19,San Luis,5,San Martin,62,La Cocha,10,True,True,00062,Libertador General San Martín,10,False
AR-19-006-63,AR-19-006,AR-19,19,San Luis,6,Junin,63,Santa Rosa,5594,True,True,00063,Junín,6286,False
AR-19-006-64,AR-19-006,AR-19,19,San Luis,6,Junin,64,Punta Del Agua,105,True,True,00064,Junín,102,False
AR-19-006-65,AR-19-006,AR-19,19,San Luis,6,Junin,65,Ojo Del Rio,25,True,True,00065,Junín,30,False
AR-19-006-66,AR-19-006,AR-19,19,San Luis,6,Junin,66,Lomita,838,True,True,00066,Junín,1015,False
AR-19-006-67,AR-19-006,AR-19,19,San Luis,6,Junin,67,Las Palomas,49,True,True,00067,Junín,45,False
AR-19-006-68,AR-19-006,AR-19,19,San Luis,6,Junin,68,Talita,250,True,True,00068,Junín,336,False
AR-19-006-69,AR-19-006,AR-19,19,San Luis,6,Junin,69,Balde De Escudero,40,True,True,00069,Junín,46,False
AR-19-006-7001,AR-19-006,AR-19,19,San Luis,6,Junin,7001,Merlo <7001>,3920,True,True,07001,Junín,5031,False
AR-19-006-7002,AR-19-006,AR-19,19,San Luis,6,Junin,7002,Merlo <7002>,2551,True,True,07002,Junín,3082,False
AR-19-006-7003,AR-19-006,AR-19,19,San Luis,6,Junin,7003,Merlo <7003>,2021,True,True,07003,Junín,2423,False
AR-19-006-7004,AR-19-006,AR-19,19,San Luis,6,Junin,7004,Merlo <7004>,902,True,True,07004,Junín,1002,False
AR-19-006-7005,AR-19-006,AR-19,19,San Luis,6,Junin,7005,Merlo <7005>,2938,True,True,07005,Junín,3303,False
AR-19-006-7006,AR-19-006,AR-19,19,San Luis,6,Junin,7006,Merlo <7006>,2638,True,True,07006,Junín,2937,False
AR-19-006-7007,AR-19-006,AR-19,19,San Luis,6,Junin,7007,Merlo <7007>,1822,True,True,07007,Junín,2120,False
AR-19-006-7008,AR-19-006,AR-19,19,San Luis,6,Junin,7008,Merlo <7008>,695,True,True,07008,Junín,915,False
AR-19-006-72,AR-19-006,AR-19,19,San Luis,6,Junin,72,Carpinteria,2276,True,True,00072,Junín,3380,False
AR-19-006-73,AR-19-006,AR-19,19,San Luis,6,Junin,73,Los Molles,1116,True,True,00073,Junín,1574,False
AR-19-006-74,AR-19-006,AR-19,19,San Luis,6,Junin,74,Los Lobos,60,True,True,00074,Junín,53,False
AR-19-007-75,AR-19-007,AR-19,19,San Luis,7,Ayacucho,75,San Francisco,4113,True,True,00075,Ayacucho,4889,False
AR-19-007-76,AR-19-007,AR-19,19,San Luis,7,Ayacucho,76,Rio Juan Gomez,60,True,True,00076,Ayacucho,108,False
AR-19-007-77,AR-19-007,AR-19,19,San Luis,7,Ayacucho,77,El Rincon,3,True,True,00077,Ayacucho,5,False
AR-19-007-78,AR-19-007,AR-19,19,San Luis,7,Ayacucho,78,Pozo Del Molle,2,True,True,00078,Ayacucho,9,False
AR-19-007-79,AR-19-007,AR-19,19,San Luis,7,Ayacucho,79,Pampa Grande,18,True,True,00079,Ayacucho,23,False
AR-19-007-80,AR-19-007,AR-19,19,San Luis,7,Ayacucho,80,Leandro N. Alem,529,True,True,00080,Ayacucho,623,False
AR-19-007-81,AR-19-007,AR-19,19,San Luis,7,Ayacucho,81,Lujan,2099,True,True,00081,Ayacucho,2290,False
AR-19-007-82,AR-19-007,AR-19,19,San Luis,7,Ayacucho,82,Quines,7057,True,True,00082,Ayacucho,7676,False
AR-19-007-83,AR-19-007,AR-19,19,San Luis,7,Ayacucho,83,Candelaria,2743,True,True,00083,Ayacucho,3006,False
AR-19-007-83A,AR-19-007,AR-19,19,San Luis,7,Ayacucho,83A,El Calden,5,True,True,0083A,Ayacucho,10,False
AR-19-007-84,AR-19-007,AR-19,19,San Luis,7,Ayacucho,84,La Botija,147,True,True,00084,Ayacucho,145,False
AR-19-007-85,AR-19-007,AR-19,19,San Luis,7,Ayacucho,85,Chipiscu,46,True,True,00085,Ayacucho,48,False
AR-19-007-86,AR-19-007,AR-19,19,San Luis,7,Ayacucho,86,Santa Rosa,87,True,True,00086,Ayacucho,107,False
AR-19-007-87,AR-19-007,AR-19,19,San Luis,7,Ayacucho,87,La Canada,42,True,True,00087,Ayacucho,45,False
AR-19-008-100,AR-19-008,AR-19,19,San Luis,8,Belgrano,100,Villa De La Quebrada,958,True,True,00100,Belgrano,1325,False
AR-19-008-88,AR-19-008,AR-19,19,San Luis,8,Belgrano,88,Villa Gral. Roca,337,True,True,00088,Belgrano,416,False
AR-19-008-89,AR-19-008,AR-19,19,San Luis,8,Belgrano,89,Arbol Solo,36,True,True,00089,Belgrano,34,False
AR-19-008-90,AR-19-008,AR-19,19,San Luis,8,Belgrano,90,Deoclesio Perez,81,True,True,00090,Belgrano,84,False
AR-19-008-91,AR-19-008,AR-19,19,San Luis,8,Belgrano,91,Toro Negro,52,True,True,00091,Belgrano,55,False
AR-19-008-92,AR-19-008,AR-19,19,San Luis,8,Belgrano,92,Nogoli,1001,True,True,00092,Belgrano,1165,False
AR-19-008-93A,AR-19-008,AR-19,19,San Luis,8,Belgrano,93A,ZONA 93A LOS MOLLES,74,True,True,0093A,Belgrano,351,False
AR-19-008-93B,AR-19-008,AR-19,19,San Luis,8,Belgrano,93B,ZONA 93B EL BARRIAL,96,True,True,0093B,Belgrano,45,False
AR-19-008-94,AR-19-008,AR-19,19,San Luis,8,Belgrano,94,Bella Estancia,21,True,True,00094,Belgrano,35,False
AR-19-008-95,AR-19-008,AR-19,19,San Luis,8,Belgrano,95,Lomas Blancas,7,True,True,00095,Belgrano,13,False
AR-19-008-96,AR-19-008,AR-19,19,San Luis,8,Belgrano,96,San Antonio,138,True,True,00096,Belgrano,150,False
AR-19-008-97,AR-19-008,AR-19,19,San Luis,8,Belgrano,97,Gigante,85,True,True,00097,Belgrano,55,False
AR-19-008-98,AR-19-008,AR-19,19,San Luis,8,Belgrano,98,La Calera,761,True,True,00098,Belgrano,904,False
AR-19-008-99,AR-19-008,AR-19,19,San Luis,8,Belgrano,99,Represa Del Carmen,77,True,True,00099,Belgrano,103,False
AR-19-009-101,AR-19-009,AR-19,19,San Luis,9,Dupuy,101,Buena Esperanza,2918,True,True,00101,Gobernador Dupuy,3326,False
AR-19-009-102,AR-19-009,AR-19,19,San Luis,9,Dupuy,102,Batavia,361,True,True,00102,Gobernador Dupuy,421,False
AR-19-009-103,AR-19-009,AR-19,19,San Luis,9,Dupuy,103,Nahuel Mapa,22,True,True,00103,Gobernador Dupuy,30,False
AR-19-009-104,AR-19-009,AR-19,19,San Luis,9,Dupuy,104,Fortin El Patria,471,True,True,00104,Gobernador Dupuy,616,False
AR-19-009-105,AR-19-009,AR-19,19,San Luis,9,Dupuy,105,Fortuna,795,True,True,00105,Gobernador Dupuy,902,False
AR-19-009-106,AR-19-009,AR-19,19,San Luis,9,Dupuy,106,Bagual,223,True,True,00106,Gobernador Dupuy,261,False
AR-19-009-107,AR-19-009,AR-19,19,San Luis,9,Dupuy,107,Nueva Galia,1156,True,True,00107,Gobernador Dupuy,1395,False
AR-19-009-108,AR-19-009,AR-19,19,San Luis,9,Dupuy,108,Union,2324,True,True,00108,Gobernador Dupuy,2534,False
AR-19-009-109,AR-19-009,AR-19,19,San Luis,9,Dupuy,109,Martin Loyola,33,True,True,00109,Gobernador Dupuy,49,False
AR-19-009-110,AR-19-009,AR-19,19,San Luis,9,Dupuy,110,Anchorena,599,True,True,00110,Gobernador Dupuy,654,False
AR-19-009-111,AR-19-009,AR-19,19,San Luis,9,Dupuy,111,Arizona,705,True,True,00111,Gobernador Dupuy,739,False
AR-19-009-112,AR-19-009,AR-19,19,San Luis,9,Dupuy,112,La Verde,11,True,True,00112,Gobernador Dupuy,12,False
AR-19-009-113,AR-19-009,AR-19,19,San Luis,9,Dupuy,113,Navia,257,True,True,00113,Gobernador Dupuy,307,False
AR-19-009-114,AR-19-009,AR-19,19,San Luis,9,Dupuy,114,Toscal,13,True,True,00114,Gobernador Dupuy,32,False
AR-20-001-1,AR-20-001,AR-20,20,Santa Cruz,1,DESEADO,1,PUERTO DESEADO,11116,True,True,00001,Deseado,12376,False
AR-20-001-1A,AR-20-001,AR-20,20,Santa Cruz,1,DESEADO,1A,EA.PUERTO DESEADO,58,True,True,0001A,Deseado,58,False
AR-20-001-2,AR-20-001,AR-20,20,Santa Cruz,1,DESEADO,2,JARAMILLO,777,True,True,00002,Deseado,912,False
AR-20-001-3,AR-20-001,AR-20,20,Santa Cruz,1,DESEADO,3,CALETA OLIVIA,43478,True,False,,,,False
AR-20-001-4,AR-20-001,AR-20,20,Santa Cruz,1,DESEADO,4,CAÑADON SECO,928,True,True,00004,Deseado,1024,False
AR-20-001-4A,AR-20-001,AR-20,20,Santa Cruz,1,DESEADO,4A,EA.DE C.SECO Y C.OLIVIA,31,True,True,0004A,Deseado,17,False
AR-20-001-5,AR-20-001,AR-20,20,Santa Cruz,1,DESEADO,5,PICO TRUNCADO,18666,True,True,00005,Deseado,19550,False
AR-20-001-5A,AR-20-001,AR-20,20,Santa Cruz,1,DESEADO,5A,EA.PICO TRUNCADO,287,True,True,0005A,Deseado,353,False
AR-20-001-6,AR-20-001,AR-20,20,Santa Cruz,1,DESEADO,6,LAS HERAS,17974,True,True,00006,Deseado,18543,False
AR-20-001-6A,AR-20-001,AR-20,20,Santa Cruz,1,DESEADO,6A,EA.LAS HERAS,28,True,True,0006A,Deseado,25,False
AR-20-002-8,AR-20-002,AR-20,20,Santa Cruz,2,LAGO BS AS,8,PERITO MORENO,5917,True,True,00008,Lago Buenos Aires,6553,False
AR-20-002-8A,AR-20-002,AR-20,20,Santa Cruz,2,LAGO BS AS,8A,EA.PERITO MORENO,21,True,True,0008A,Lago Buenos Aires,24,False
AR-20-002-9,AR-20-002,AR-20,20,Santa Cruz,2,LAGO BS AS,9,LOS ANTIGUOS,3408,True,True,00009,Lago Buenos Aires,3900,False
AR-20-003-10,AR-20-003,AR-20,20,Santa Cruz,3,MAGALLANES,10,PUERTO SAN JULIAN,9023,True,True,00010,Magallanes,10367,False
AR-20-003-11,AR-20-003,AR-20,20,Santa Cruz,3,MAGALLANES,11,EA.PTO SAN JULIAN,29,True,True,00011,Magallanes,36,False
AR-20-004-12,AR-20-004,AR-20,20,Santa Cruz,4,RIO CHICO,12,BAJO CARACOLES,21,True,True,00012,Río Chico,24,False
AR-20-004-12A,AR-20-004,AR-20,20,Santa Cruz,4,RIO CHICO,12A,TAMEL AIKE,6,True,False,,,,False
AR-20-004-12B,AR-20-004,AR-20,20,Santa Cruz,4,RIO CHICO,12B,LAGO POSADAS,329,True,True,0012B,Río Chico,461,False
AR-20-004-13,AR-20-004,AR-20,20,Santa Cruz,4,RIO CHICO,13,GDOR.GREGORES,3636,True,True,00013,Río Chico,3851,False
AR-20-004-13A,AR-20-004,AR-20,20,Santa Cruz,4,RIO CHICO,13A,EA GDOR GREGORES,26,True,True,0013A,Río Chico,35,False
AR-20-005-14,AR-20-005,AR-20,20,Santa Cruz,5,CORPEN AIKE,14,C.LUIS PIEDRABUENA,6633,True,True,00014,Corpen Aike,7217,False
AR-20-005-14A,AR-20-005,AR-20,20,Santa Cruz,5,CORPEN AIKE,14A,EA.C.LUIS PIEDRABUENA,10,True,True,0014A,Corpen Aike,10,False
AR-20-005-15,AR-20-005,AR-20,20,Santa Cruz,5,CORPEN AIKE,15,PUERTO SANTA CRUZ,4333,True,True,00015,Corpen Aike,4359,False
AR-20-005-15A,AR-20-005,AR-20,20,Santa Cruz,5,CORPEN AIKE,15A,EA.PTO. SANTA CRUZ,19,True,True,0015A,Corpen Aike,12,False
AR-20-006-16,AR-20-006,AR-20,20,Santa Cruz,6,LAGO ARGENTINO,16,TRES LAGOS,314,True,True,00016,Lago Argentino,355,False
AR-20-006-16A,AR-20-006,AR-20,20,Santa Cruz,6,LAGO ARGENTINO,16A,EL CHALTEN,1367,True,True,0016A,Lago Argentino,1827,False
AR-20-006-17,AR-20-006,AR-20,20,Santa Cruz,6,LAGO ARGENTINO,17,EL CALAFATE,17074,True,True,00017,Lago Argentino,19939,False
AR-20-007-18,AR-20-007,AR-20,20,Santa Cruz,7,GUER AIKE,18,RIO GALLEGOS,85594,True,False,,,,False
AR-20-007-19,AR-20-007,AR-20,20,Santa Cruz,7,GUER AIKE,19,EA.RIO GALLEGOS,66,True,True,00019,Güer Aike,105,False
AR-20-007-20,AR-20-007,AR-20,20,Santa Cruz,7,GUER AIKE,20,LA ESPERANZA,63,True,True,00020,Güer Aike,60,False
AR-20-007-21,AR-20-007,AR-20,20,Santa Cruz,7,GUER AIKE,21,RIO TURBIO,9556,True,True,00021,Güer Aike,9318,False
AR-20-007-21A,AR-20-007,AR-20,20,Santa Cruz,7,GUER AIKE,21A,EA.RIO TURBIO,17,True,True,0021A,Güer Aike,16,False
AR-20-007-21B,AR-20-007,AR-20,20,Santa Cruz,7,GUER AIKE,21B,28 DE NOVIEMBRE,7497,True,True,0021B,Güer Aike,7508,False
AR-21-001-402,AR-21-001,AR-21,21,Santa Fe,1,BELGRANO,402,ARMSTRONG,10166,True,,,,,
AR-21-001-403,AR-21-001,AR-21,21,Santa Fe,1,BELGRANO,403,LAS PAREJAS,10841,True,,,,,
AR-21-001-404A,AR-21-001,AR-21,21,Santa Fe,1,BELGRANO,404A,LAS ROSAS,11430,True,,,,,
AR-21-001-404B,AR-21-001,AR-21,21,Santa Fe,1,BELGRANO,404B,BOUQUET,1270,True,,,,,
AR-21-001-405,AR-21-001,AR-21,21,Santa Fe,1,BELGRANO,405,MONTES DE OCA,2445,True,,,,,
AR-21-001-406,AR-21-001,AR-21,21,Santa Fe,1,BELGRANO,406,TORTUGAS,1903,True,,,,,
AR-21-002-364,AR-21-002,AR-21,21,Santa Fe,2,CASEROS,364,AREQUITO,6233,True,,,,,
AR-21-002-365,AR-21-002,AR-21,21,Santa Fe,2,CASEROS,365,ARTEAGA,2725,True,,,,,
AR-21-002-365A,AR-21-002,AR-21,21,Santa Fe,2,CASEROS,365A,COLONIA LAGO DI COMO,1,True,,,,,
AR-21-002-366,AR-21-002,AR-21,21,Santa Fe,2,CASEROS,366,BERABEVU,1880,True,,,,,
AR-21-002-367,AR-21-002,AR-21,21,Santa Fe,2,CASEROS,367,BIGAND,4739,True,,,,,
AR-21-002-368A,AR-21-002,AR-21,21,Santa Fe,2,CASEROS,368A,CASILDA,29496,True,,,,,
AR-21-002-368B,AR-21-002,AR-21,21,Santa Fe,2,CASEROS,368B,CANDELARIA,43,True,,,,,
AR-21-002-368C,AR-21-002,AR-21,21,Santa Fe,2,CASEROS,368C,DESMOCHADO AFUERA,36,True,,,,,
AR-21-002-368D,AR-21-002,AR-21,21,Santa Fe,2,CASEROS,368D,NUEVA ROMA,503,True,,,,,
AR-21-002-369,AR-21-002,AR-21,21,Santa Fe,2,CASEROS,369,VILLADA,1088,True,,,,,
AR-21-002-370,AR-21-002,AR-21,21,Santa Fe,2,CASEROS,370,CHABAS,6407,True,,,,,
AR-21-002-371,AR-21-002,AR-21,21,Santa Fe,2,CASEROS,371,CHAÑAR LADEADO,5029,True,,,,,
AR-21-002-372,AR-21-002,AR-21,21,Santa Fe,2,CASEROS,372,GODEKEN,1455,True,,,,,
AR-21-002-373,AR-21-002,AR-21,21,Santa Fe,2,CASEROS,373,LOS MOLINOS,1690,True,,,,,
AR-21-002-374,AR-21-002,AR-21,21,Santa Fe,2,CASEROS,374,LOS QUIRQUINCHOS,2193,True,,,,,
AR-21-002-375,AR-21-002,AR-21,21,Santa Fe,2,CASEROS,375,SAN JOSE DE LA ESQUINA,5884,True,,,,,
AR-21-002-375A,AR-21-002,AR-21,21,Santa Fe,2,CASEROS,375A,LOS NOGALES,81,True,,,,,
AR-21-002-376,AR-21-002,AR-21,21,Santa Fe,2,CASEROS,376,SANFORD,1585,True,,,,,
AR-21-003-111,AR-21-003,AR-21,21,Santa Fe,3,CASTELLANOS,111,BICHA,189,True,,,,,
AR-21-003-112,AR-21-003,AR-21,21,Santa Fe,3,CASTELLANOS,112,GALISTEO,168,True,,,,,
AR-21-003-113,AR-21-003,AR-21,21,Santa Fe,3,CASTELLANOS,113,TACURALES,222,True,,,,,
AR-21-003-114,AR-21-003,AR-21,21,Santa Fe,3,CASTELLANOS,114,VIRGINIA,164,True,,,,,
AR-21-003-115,AR-21-003,AR-21,21,Santa Fe,3,CASTELLANOS,115,TACURAL,1263,True,,,,,
AR-21-003-116,AR-21-003,AR-21,21,Santa Fe,3,CASTELLANOS,116,RAQUEL,273,True,,,,,
AR-21-003-117,AR-21-003,AR-21,21,Santa Fe,3,CASTELLANOS,117,HUMBERTO I,4672,True,,,,,
AR-21-003-118,AR-21-003,AR-21,21,Santa Fe,3,CASTELLANOS,118,SUNCHALES,18473,True,,,,,
AR-21-003-119,AR-21-003,AR-21,21,Santa Fe,3,CASTELLANOS,119,SANTA EUSEBIA,717,True,,,,,
AR-21-003-120,AR-21-003,AR-21,21,Santa Fe,3,CASTELLANOS,120,ALDAO,1573,True,,,,,
AR-21-003-120A,AR-21-003,AR-21,21,Santa Fe,3,CASTELLANOS,120A,BIGAND,47,True,,,,,
AR-21-003-120B,AR-21-003,AR-21,21,Santa Fe,3,CASTELLANOS,120B,HUGENTOBLER,43,True,,,,,
AR-21-003-121,AR-21-003,AR-21,21,Santa Fe,3,CASTELLANOS,121,ATALIVA,1691,True,,,,,
AR-21-003-122,AR-21-003,AR-21,21,Santa Fe,3,CASTELLANOS,122,EGUSQUIZA,382,True,,,,,
AR-21-003-123,AR-21-003,AR-21,21,Santa Fe,3,CASTELLANOS,123,LEHMANN,2464,True,,,,,
AR-21-003-124,AR-21-003,AR-21,21,Santa Fe,3,CASTELLANOS,124,RAMONA,1632,True,,,,,
AR-21-003-125,AR-21-003,AR-21,21,Santa Fe,3,CASTELLANOS,125,VILA,1292,True,,,,,
AR-21-003-126,AR-21-003,AR-21,21,Santa Fe,3,CASTELLANOS,126,CASTELLANOS,239,True,,,,,
AR-21-003-127,AR-21-003,AR-21,21,Santa Fe,3,CASTELLANOS,127,PRESIDENTE ROCA,729,True,,,,,
AR-21-003-128A,AR-21-003,AR-21,21,Santa Fe,3,CASTELLANOS,128A,RAFAELA (SEC. 1A),28963,True,,,,,
AR-21-003-128B,AR-21-003,AR-21,21,Santa Fe,3,CASTELLANOS,128B,RAFAELA (SEC. 2A),15451,True,,,,,
AR-21-003-128C,AR-21-003,AR-21,21,Santa Fe,3,CASTELLANOS,128C,RAFAELA (SEC. 3A),17600,True,,,,,
AR-21-003-128D,AR-21-003,AR-21,21,Santa Fe,3,CASTELLANOS,128D,RAFAELA (SEC. 4A),16464,True,,,,,
AR-21-003-129,AR-21-003,AR-21,21,Santa Fe,3,CASTELLANOS,129,BAUER Y SIGEL,290,True,,,,,
AR-21-003-130,AR-21-003,AR-21,21,Santa Fe,3,CASTELLANOS,130,SANTA CLARA DE SAGUIER,1814,True,,,,,
AR-21-003-131,AR-21-003,AR-21,21,Santa Fe,3,CASTELLANOS,131,SAGUIER,587,True,,,,,
AR-21-003-132,AR-21-003,AR-21,21,Santa Fe,3,CASTELLANOS,132,SUSANA,1168,True,,,,,
AR-21-003-133,AR-21-003,AR-21,21,Santa Fe,3,CASTELLANOS,133,AURELIA,146,True,,,,,
AR-21-003-134,AR-21-003,AR-21,21,Santa Fe,3,CASTELLANOS,134,JOSEFINA,1486,True,,,,,
AR-21-003-134A,AR-21-003,AR-21,21,Santa Fe,3,CASTELLANOS,134A,FRONTERA,7117,True,,,,,
AR-21-003-135,AR-21-003,AR-21,21,Santa Fe,3,CASTELLANOS,135,CELLO,186,True,,,,,
AR-21-003-136,AR-21-003,AR-21,21,Santa Fe,3,CASTELLANOS,136,CLUCELLAS,1317,True,,,,,
AR-21-003-136A,AR-21-003,AR-21,21,Santa Fe,3,CASTELLANOS,136A,ITURRASPE,38,True,,,,,
AR-21-003-137,AR-21-003,AR-21,21,Santa Fe,3,CASTELLANOS,137,ANGELICA,1191,True,,,,,
AR-21-003-138,AR-21-003,AR-21,21,Santa Fe,3,CASTELLANOS,138,ZENON PEREYRA,1444,True,,,,,
AR-21-003-139,AR-21-003,AR-21,21,Santa Fe,3,CASTELLANOS,139,ESMERALDA,522,True,,,,,
AR-21-003-140,AR-21-003,AR-21,21,Santa Fe,3,CASTELLANOS,140,MARIA JUANA,4306,True,,,,,
AR-21-003-141,AR-21-003,AR-21,21,Santa Fe,3,CASTELLANOS,141,MARGARITA,261,True,,,,,
AR-21-003-142,AR-21-003,AR-21,21,Santa Fe,3,CASTELLANOS,142,SAN VICENTE,5115,True,,,,,
AR-21-003-143,AR-21-003,AR-21,21,Santa Fe,3,CASTELLANOS,143,BELLA ITALIA,1079,True,,,,,
AR-21-003-144,AR-21-003,AR-21,21,Santa Fe,3,CASTELLANOS,144,ESTACION CLUCELLAS,796,True,,,,,
AR-21-003-145,AR-21-003,AR-21,21,Santa Fe,3,CASTELLANOS,145,SAN ANTONIO,346,True,,,,,
AR-21-003-146,AR-21-003,AR-21,21,Santa Fe,3,CASTELLANOS,146,SAN JOSE,357,True,,,,,
AR-21-003-147,AR-21-003,AR-21,21,Santa Fe,3,CASTELLANOS,147,GARIBALDI,171,True,,,,,
AR-21-003-148,AR-21-003,AR-21,21,Santa Fe,3,CASTELLANOS,148,MARINI,111,True,,,,,
AR-21-003-149,AR-21-003,AR-21,21,Santa Fe,3,CASTELLANOS,149,EUSTOLIA,102,True,,,,,
AR-21-003-150,AR-21-003,AR-21,21,Santa Fe,3,CASTELLANOS,150,FIDELA,94,True,,,,,
AR-21-003-151,AR-21-003,AR-21,21,Santa Fe,3,CASTELLANOS,151,CORONEL FRAGA,330,True,,,,,
AR-21-003-152,AR-21-003,AR-21,21,Santa Fe,3,CASTELLANOS,152,MAUA,39,True,,,,,
AR-21-004-377A,AR-21-004,AR-21,21,Santa Fe,4,CONSTITUCION,377A,ALCORTA,6856,True,,,,,
AR-21-004-377B,AR-21-004,AR-21,21,Santa Fe,4,CONSTITUCION,377B,BOMBAL,2951,True,,,,,
AR-21-004-377C,AR-21-004,AR-21,21,Santa Fe,4,CONSTITUCION,377C,JUNCAL,899,True,,,,,
AR-21-004-378,AR-21-004,AR-21,21,Santa Fe,4,CONSTITUCION,378,LA VANGUARDIA,366,True,,,,,
AR-21-004-378A,AR-21-004,AR-21,21,Santa Fe,4,CONSTITUCION,378A,GODOY,1303,True,,,,,
AR-21-004-378B,AR-21-004,AR-21,21,Santa Fe,4,CONSTITUCION,378B,CEPEDA,341,True,,,,,
AR-21-004-378C,AR-21-004,AR-21,21,Santa Fe,4,CONSTITUCION,378C,SARGENTO CABRAL,940,True,,,,,
AR-21-004-378D,AR-21-004,AR-21,21,Santa Fe,4,CONSTITUCION,378D,RUEDA,544,True,,,,,
AR-21-004-379A,AR-21-004,AR-21,21,Santa Fe,4,CONSTITUCION,379A,JUAN B. MOLINA,1315,True,,,,,
AR-21-004-379B,AR-21-004,AR-21,21,Santa Fe,4,CONSTITUCION,379B,GENERAL GELLY,578,True,,,,,
AR-21-004-379C,AR-21-004,AR-21,21,Santa Fe,4,CONSTITUCION,379C,CAÑADA RICA,623,True,,,,,
AR-21-004-380,AR-21-004,AR-21,21,Santa Fe,4,CONSTITUCION,380,MAXIMO PAZ,2977,True,,,,,
AR-21-004-381,AR-21-004,AR-21,21,Santa Fe,4,CONSTITUCION,381,PAVON ARRIBA,1607,True,,,,,
AR-21-004-382,AR-21-004,AR-21,21,Santa Fe,4,CONSTITUCION,382,PEYRANO,2231,True,,,,,
AR-21-004-383,AR-21-004,AR-21,21,Santa Fe,4,CONSTITUCION,383,SANTA TERESA,2870,True,,,,,
AR-21-004-384,AR-21-004,AR-21,21,Santa Fe,4,CONSTITUCION,384,VILLA CONSTITUCION,39637,True,,,,,
AR-21-004-384A,AR-21-004,AR-21,21,Santa Fe,4,CONSTITUCION,384A,EMP. VILLA CONSTITUCION,5577,True,,,,,
AR-21-004-384B,AR-21-004,AR-21,21,Santa Fe,4,CONSTITUCION,384B,PAVON,1762,True,,,,,
AR-21-004-384C,AR-21-004,AR-21,21,Santa Fe,4,CONSTITUCION,384C,THEOBALD,428,True,,,,,
AR-21-005-104,AR-21-005,AR-21,21,Santa Fe,5,GARAY,104,COLONIA SAN JOAQUIN,273,True,,,,,
AR-21-005-105,AR-21-005,AR-21,21,Santa Fe,5,GARAY,105,SALADERO M. CABAL,619,True,,,,,
AR-21-005-106,AR-21-005,AR-21,21,Santa Fe,5,GARAY,106,HELVECIA,7409,True,,,,,
AR-21-005-106A,AR-21-005,AR-21,21,Santa Fe,5,GARAY,106A,LAS CAÑAS,42,True,,,,,
AR-21-005-106B,AR-21-005,AR-21,21,Santa Fe,5,GARAY,106B,EL LAUREL,73,True,,,,,
AR-21-005-107,AR-21-005,AR-21,21,Santa Fe,5,GARAY,107,CAYASTA,3450,True,,,,,
AR-21-005-108,AR-21-005,AR-21,21,Santa Fe,5,GARAY,108,SANTA ROSA,5515,True,,,,,
AR-21-005-109,AR-21-005,AR-21,21,Santa Fe,5,GARAY,109,COLONIA MASCIAS,604,True,,,,,
AR-21-005-110,AR-21-005,AR-21,21,Santa Fe,5,GARAY,110,CAMPO DEL MEDIO,533,True,,,,,
AR-21-006-385A,AR-21-006,AR-21,21,Santa Fe,6,GENERAL LOPEZ,385A,CAFFERATTA,1189,True,,,,,
AR-21-006-385B,AR-21-006,AR-21,21,Santa Fe,6,GENERAL LOPEZ,385B,SAN FCO. DE SANTA FE,280,True,,,,,
AR-21-006-385C,AR-21-006,AR-21,21,Santa Fe,6,GENERAL LOPEZ,385C,LA CHISPA,414,True,,,,,
AR-21-006-386,AR-21-006,AR-21,21,Santa Fe,6,GENERAL LOPEZ,386,CARMEN,1558,True,,,,,
AR-21-006-386A,AR-21-006,AR-21,21,Santa Fe,6,GENERAL LOPEZ,386A,CHAPUY,656,True,,,,,
AR-21-006-386B,AR-21-006,AR-21,21,Santa Fe,6,GENERAL LOPEZ,386B,MURPHY,3437,True,,,,,
AR-21-006-387,AR-21-006,AR-21,21,Santa Fe,6,GENERAL LOPEZ,387,CARRERAS,1709,True,,,,,
AR-21-006-388A,AR-21-006,AR-21,21,Santa Fe,6,GENERAL LOPEZ,388A,DIEGO DE ALVEAR,1720,True,,,,,
AR-21-006-388B,AR-21-006,AR-21,21,Santa Fe,6,GENERAL LOPEZ,388B,AARON CASTELLANOS,252,True,,,,,
AR-21-006-389,AR-21-006,AR-21,21,Santa Fe,6,GENERAL LOPEZ,389,ELORTONDO,5216,True,,,,,
AR-21-006-390A,AR-21-006,AR-21,21,Santa Fe,6,GENERAL LOPEZ,390A,FIRMAT,17349,True,,,,,
AR-21-006-390B,AR-21-006,AR-21,21,Santa Fe,6,GENERAL LOPEZ,390B,CHOVET,2075,True,,,,,
AR-21-006-390C,AR-21-006,AR-21,21,Santa Fe,6,GENERAL LOPEZ,390C,CAÑADA DEL UCLE,772,True,,,,,
AR-21-006-390D,AR-21-006,AR-21,21,Santa Fe,6,GENERAL LOPEZ,390D,MIGUEL TORRES,383,True,,,,,
AR-21-006-391,AR-21-006,AR-21,21,Santa Fe,6,GENERAL LOPEZ,391,LAZZARINO,363,True,,,,,
AR-21-006-391A,AR-21-006,AR-21,21,Santa Fe,6,GENERAL LOPEZ,391A,AMENABAR,1347,True,,,,,
AR-21-006-392,AR-21-006,AR-21,21,Santa Fe,6,GENERAL LOPEZ,392,MAGGIOLO,1759,True,,,,,
AR-21-006-393,AR-21-006,AR-21,21,Santa Fe,6,GENERAL LOPEZ,393,MELINCUE,1880,True,,,,,
AR-21-006-393A,AR-21-006,AR-21,21,Santa Fe,6,GENERAL LOPEZ,393A,LABORDEBOY,907,True,,,,,
AR-21-006-394,AR-21-006,AR-21,21,Santa Fe,6,GENERAL LOPEZ,394,RUFINO,16467,True,,,,,
AR-21-006-395A,AR-21-006,AR-21,21,Santa Fe,6,GENERAL LOPEZ,395A,SAN EDUARDO,914,True,,,,,
AR-21-006-395B,AR-21-006,AR-21,21,Santa Fe,6,GENERAL LOPEZ,395B,SANCTI SPIRITU,3339,True,,,,,
AR-21-006-396,AR-21-006,AR-21,21,Santa Fe,6,GENERAL LOPEZ,396,SAN GREGORIO,4123,True,,,,,
AR-21-006-396A,AR-21-006,AR-21,21,Santa Fe,6,GENERAL LOPEZ,396A,CHRISTOPHERSEN,583,True,,,,,
AR-21-006-397,AR-21-006,AR-21,21,Santa Fe,6,GENERAL LOPEZ,397,SANTA ISABEL,3821,True,,,,,
AR-21-006-397A,AR-21-006,AR-21,21,Santa Fe,6,GENERAL LOPEZ,397A,MARIA TERESA,3683,True,,,,,
AR-21-006-398,AR-21-006,AR-21,21,Santa Fe,6,GENERAL LOPEZ,398,TEODELINA,5145,True,,,,,
AR-21-006-399,AR-21-006,AR-21,21,Santa Fe,6,GENERAL LOPEZ,399,VENADO TUERTO,20328,True,,,,,
AR-21-006-399A,AR-21-006,AR-21,21,Santa Fe,6,GENERAL LOPEZ,399A,VENADO TUERTO A,18173,True,,,,,
AR-21-006-399B,AR-21-006,AR-21,21,Santa Fe,6,GENERAL LOPEZ,399B,VENADO TUERTO B,15047,True,,,,,
AR-21-006-399C,AR-21-006,AR-21,21,Santa Fe,6,GENERAL LOPEZ,399C,VENADO TUERTO C,10931,True,,,,,
AR-21-006-400,AR-21-006,AR-21,21,Santa Fe,6,GENERAL LOPEZ,400,VILLA CAÑAS,8206,True,,,,,
AR-21-006-401A,AR-21-006,AR-21,21,Santa Fe,6,GENERAL LOPEZ,401A,WHEELWRIGHT,5003,True,,,,,
AR-21-006-401B,AR-21-006,AR-21,21,Santa Fe,6,GENERAL LOPEZ,401B,HUGHES,4004,True,,,,,
AR-21-007-220,AR-21-007,AR-21,21,Santa Fe,7,GENERAL OBLIGADO,220,LA LOLA,373,True,,,,,
AR-21-007-221,AR-21-007,AR-21,21,Santa Fe,7,GENERAL OBLIGADO,221,MALABRIGO,6929,True,,,,,
AR-21-007-221A,AR-21-007,AR-21,21,Santa Fe,7,GENERAL OBLIGADO,221A,CAMPO RAMSEYER,50,True,,,,,
AR-21-007-222,AR-21-007,AR-21,21,Santa Fe,7,GENERAL OBLIGADO,222,BERNA,614,True,,,,,
AR-21-007-222A,AR-21-007,AR-21,21,Santa Fe,7,GENERAL OBLIGADO,222A,EL RICARDITO,3,True,,,,,
AR-21-007-223,AR-21-007,AR-21,21,Santa Fe,7,GENERAL OBLIGADO,223,NICANOR E. MOLINAS,439,True,,,,,
AR-21-007-223A,AR-21-007,AR-21,21,Santa Fe,7,GENERAL OBLIGADO,223A,LA POTASA,106,True,,,,,
AR-21-007-224,AR-21-007,AR-21,21,Santa Fe,7,GENERAL OBLIGADO,224,RECONQUISTA,20545,True,,,,,
AR-21-007-224A,AR-21-007,AR-21,21,Santa Fe,7,GENERAL OBLIGADO,224A,BARROS PAZOS,213,True,,,,,
AR-21-007-224B,AR-21-007,AR-21,21,Santa Fe,7,GENERAL OBLIGADO,224B,PUERTO RECONQUISTA,836,True,,,,,
AR-21-007-224C,AR-21-007,AR-21,21,Santa Fe,7,GENERAL OBLIGADO,224C,RECONQUISTA,7637,True,,,,,
AR-21-007-224D,AR-21-007,AR-21,21,Santa Fe,7,GENERAL OBLIGADO,224D,RECONQUISTA,9624,True,,,,,
AR-21-007-224E,AR-21-007,AR-21,21,Santa Fe,7,GENERAL OBLIGADO,224E,RECONQUISTA,20976,True,,,,,
AR-21-007-225,AR-21-007,AR-21,21,Santa Fe,7,GENERAL OBLIGADO,225,AVELLANEDA,21020,True,,,,,
AR-21-007-225A,AR-21-007,AR-21,21,Santa Fe,7,GENERAL OBLIGADO,225A,EL CARMEN,131,True,,,,,
AR-21-007-226,AR-21-007,AR-21,21,Santa Fe,7,GENERAL OBLIGADO,226,MOUSSY,853,True,,,,,
AR-21-007-227,AR-21-007,AR-21,21,Santa Fe,7,GENERAL OBLIGADO,227,LANTERI,2021,True,,,,,
AR-21-007-227A,AR-21-007,AR-21,21,Santa Fe,7,GENERAL OBLIGADO,227A,ING. CHANOURDIE,630,True,,,,,
AR-21-007-227B,AR-21-007,AR-21,21,Santa Fe,7,GENERAL OBLIGADO,227B,LOS LAPACHOS,92,True,,,,,
AR-21-007-228,AR-21-007,AR-21,21,Santa Fe,7,GENERAL OBLIGADO,228,LAS GARZAS,1300,True,,,,,
AR-21-007-229,AR-21-007,AR-21,21,Santa Fe,7,GENERAL OBLIGADO,229,EL SOMBRERITO,914,True,,,,,
AR-21-007-230,AR-21-007,AR-21,21,Santa Fe,7,GENERAL OBLIGADO,230,VILLA ANA,2674,True,,,,,
AR-21-007-230A,AR-21-007,AR-21,21,Santa Fe,7,GENERAL OBLIGADO,230A,CAMPO REDONDO,30,True,,,,,
AR-21-007-231,AR-21-007,AR-21,21,Santa Fe,7,GENERAL OBLIGADO,231,VILLA ADELA,450,True,,,,,
AR-21-007-232,AR-21-007,AR-21,21,Santa Fe,7,GENERAL OBLIGADO,232,VILLA OCAMPO,15431,True,,,,,
AR-21-007-232A,AR-21-007,AR-21,21,Santa Fe,7,GENERAL OBLIGADO,232A,LA RESERVA,111,True,,,,,
AR-21-007-233,AR-21-007,AR-21,21,Santa Fe,7,GENERAL OBLIGADO,233,TACUARENDI,2395,True,,,,,
AR-21-007-234,AR-21-007,AR-21,21,Santa Fe,7,GENERAL OBLIGADO,234,SAN ANTONIO DE OBLIGADO,2166,True,,,,,
AR-21-007-235,AR-21-007,AR-21,21,Santa Fe,7,GENERAL OBLIGADO,235,LAS TOSCAS,9964,True,,,,,
AR-21-007-237,AR-21-007,AR-21,21,Santa Fe,7,GENERAL OBLIGADO,237,VILLA GUILLERMINA,3942,True,,,,,
AR-21-007-238,AR-21-007,AR-21,21,Santa Fe,7,GENERAL OBLIGADO,238,EL RABON,1072,True,,,,,
AR-21-007-239,AR-21-007,AR-21,21,Santa Fe,7,GENERAL OBLIGADO,239,FLORENCIA,4389,True,,,,,
AR-21-007-239A,AR-21-007,AR-21,21,Santa Fe,7,GENERAL OBLIGADO,239A,COLONIA HARDY,566,True,,,,,
AR-21-007-240,AR-21-007,AR-21,21,Santa Fe,7,GENERAL OBLIGADO,240,COLONIA URDANIZ,264,True,,,,,
AR-21-007-241,AR-21-007,AR-21,21,Santa Fe,7,GENERAL OBLIGADO,241,KILOMETRO 41,56,True,,,,,
AR-21-007-242,AR-21-007,AR-21,21,Santa Fe,7,GENERAL OBLIGADO,242,GUADALUPE NORTE,1113,True,,,,,
AR-21-007-243,AR-21-007,AR-21,21,Santa Fe,7,GENERAL OBLIGADO,243,MOCOVI,2,True,,,,,
AR-21-007-244,AR-21-007,AR-21,21,Santa Fe,7,GENERAL OBLIGADO,244,LA VANGUARDIA,145,True,,,,,
AR-21-007-244A,AR-21-007,AR-21,21,Santa Fe,7,GENERAL OBLIGADO,244A,LA SARITA,527,True,,,,,
AR-21-007-244B,AR-21-007,AR-21,21,Santa Fe,7,GENERAL OBLIGADO,244B,COLONIA SAN MANUEL,518,True,,,,,
AR-21-007-245,AR-21-007,AR-21,21,Santa Fe,7,GENERAL OBLIGADO,245,ARROYO CEIBAL,1085,True,,,,,
AR-21-007-246,AR-21-007,AR-21,21,Santa Fe,7,GENERAL OBLIGADO,246,LOS LAURELES,1014,True,,,,,
AR-21-007-246A,AR-21-007,AR-21,21,Santa Fe,7,GENERAL OBLIGADO,246A,LAS PALMAS,184,True,,,,,
AR-21-007-247,AR-21-007,AR-21,21,Santa Fe,7,GENERAL OBLIGADO,247,EL ARAZA,727,True,,,,,
AR-21-007-248,AR-21-007,AR-21,21,Santa Fe,7,GENERAL OBLIGADO,248,FLOR DE ORO,176,True,,,,,
AR-21-007-249,AR-21-007,AR-21,21,Santa Fe,7,GENERAL OBLIGADO,249,VICTOR MANUEL II,127,True,,,,,
AR-21-008-407,AR-21-008,AR-21,21,Santa Fe,8,IRIONDO,407,BUSTINZA,1174,True,,,,,
AR-21-008-408,AR-21-008,AR-21,21,Santa Fe,8,IRIONDO,408,CAÑADA DE GOMEZ,26302,True,,,,,
AR-21-008-409,AR-21-008,AR-21,21,Santa Fe,8,IRIONDO,409,CARRIZALES,1022,True,,,,,
AR-21-008-410,AR-21-008,AR-21,21,Santa Fe,8,IRIONDO,410,CORREA,4924,True,,,,,
AR-21-008-411A,AR-21-008,AR-21,21,Santa Fe,8,IRIONDO,411A,SALTO GRANDE,2028,True,,,,,
AR-21-008-411B,AR-21-008,AR-21,21,Santa Fe,8,IRIONDO,411B,LUCIO V. LOPEZ,395,True,,,,,
AR-21-008-412,AR-21-008,AR-21,21,Santa Fe,8,IRIONDO,412,OLIVEROS,4008,True,,,,,
AR-21-008-413A,AR-21-008,AR-21,21,Santa Fe,8,IRIONDO,413A,TOTORAS,9162,True,,,,,
AR-21-008-413B,AR-21-008,AR-21,21,Santa Fe,8,IRIONDO,413B,CLASON,597,True,,,,,
AR-21-008-413C,AR-21-008,AR-21,21,Santa Fe,8,IRIONDO,413C,LARGUIA,43,True,,,,,
AR-21-008-414,AR-21-008,AR-21,21,Santa Fe,8,IRIONDO,414,SERODINO,3126,True,,,,,
AR-21-008-414A,AR-21-008,AR-21,21,Santa Fe,8,IRIONDO,414A,ANDINO,2052,True,,,,,
AR-21-008-415,AR-21-008,AR-21,21,Santa Fe,8,IRIONDO,415,VILLA ELOISA,2684,True,,,,,
AR-21-009-1,AR-21-009,AR-21,21,Santa Fe,9,LA CAPITAL,1,STA.FE (SEC. 1A),3926,True,,,,,
AR-21-009-10,AR-21-009,AR-21,21,Santa Fe,9,LA CAPITAL,10,STA.FE (SEC. 3A),9328,True,,,,,
AR-21-009-11,AR-21-009,AR-21,21,Santa Fe,9,LA CAPITAL,11,STA.FE (SEC. 4A),7774,True,,,,,
AR-21-009-11A,AR-21-009,AR-21,21,Santa Fe,9,LA CAPITAL,11A,STA.FE (SUB.COM. 2A),9201,True,,,,,
AR-21-009-12,AR-21-009,AR-21,21,Santa Fe,9,LA CAPITAL,12,STA.FE (SEC. 4A),8694,True,,,,,
AR-21-009-13,AR-21-009,AR-21,21,Santa Fe,9,LA CAPITAL,13,STA.FE (SEC. 5A S.CABRAL),16449,True,,,,,
AR-21-009-14,AR-21-009,AR-21,21,Santa Fe,9,LA CAPITAL,14,STA.FE (SEC. 6A BARRANQ.),24169,True,,,,,
AR-21-009-15,AR-21-009,AR-21,21,Santa Fe,9,LA CAPITAL,15,STA.FE (SUB.COM. 3A),23178,True,,,,,
AR-21-009-16,AR-21-009,AR-21,21,Santa Fe,9,LA CAPITAL,16,STA.FE (SEC.10A L.FLORES),63083,True,,,,,
AR-21-009-17,AR-21-009,AR-21,21,Santa Fe,9,LA CAPITAL,17,STA.FE (SEC. 9A),14576,True,,,,,
AR-21-009-18,AR-21-009,AR-21,21,Santa Fe,9,LA CAPITAL,18,ALTO VERDE,6235,True,,,,,
AR-21-009-19,AR-21-009,AR-21,21,Santa Fe,9,LA CAPITAL,19,STA.FE (SEC.8A GUADALUPE),26644,True,,,,,
AR-21-009-2,AR-21-009,AR-21,21,Santa Fe,9,LA CAPITAL,2,STA.FE (SEC. 1A),3752,True,,,,,
AR-21-009-20,AR-21-009,AR-21,21,Santa Fe,9,LA CAPITAL,20,SANTO TOME,21502,True,,,,,
AR-21-009-20A,AR-21-009,AR-21,21,Santa Fe,9,LA CAPITAL,20A,SANTO TOME,23896,True,,,,,
AR-21-009-20B,AR-21-009,AR-21,21,Santa Fe,9,LA CAPITAL,20B,SANTO TOME,10083,True,,,,,
AR-21-009-21,AR-21-009,AR-21,21,Santa Fe,9,LA CAPITAL,21,COLASTINE,5591,True,,,,,
AR-21-009-22,AR-21-009,AR-21,21,Santa Fe,9,LA CAPITAL,22,SAN JOSE DEL RINCON,9423,True,,,,,
AR-21-009-23,AR-21-009,AR-21,21,Santa Fe,9,LA CAPITAL,23,RECREO,12495,True,,,,,
AR-21-009-24,AR-21-009,AR-21,21,Santa Fe,9,LA CAPITAL,24,MONTE VERA,6059,True,,,,,
AR-21-009-25,AR-21-009,AR-21,21,Santa Fe,9,LA CAPITAL,25,CANDIOTI,852,True,,,,,
AR-21-009-26,AR-21-009,AR-21,21,Santa Fe,9,LA CAPITAL,26,ARROYO AGUIAR,1280,True,,,,,
AR-21-009-27,AR-21-009,AR-21,21,Santa Fe,9,LA CAPITAL,27,LAGUNA PAIVA,10582,True,,,,,
AR-21-009-28,AR-21-009,AR-21,21,Santa Fe,9,LA CAPITAL,28,CAMPO ANDINO,332,True,,,,,
AR-21-009-29,AR-21-009,AR-21,21,Santa Fe,9,LA CAPITAL,29,NELSON,3960,True,,,,,
AR-21-009-3,AR-21-009,AR-21,21,Santa Fe,9,LA CAPITAL,3,STA.FE (SEC. 1A),1943,True,,,,,
AR-21-009-30,AR-21-009,AR-21,21,Santa Fe,9,LA CAPITAL,30,LLAMBI CAMPBELL,2223,True,,,,,
AR-21-009-31,AR-21-009,AR-21,21,Santa Fe,9,LA CAPITAL,31,EMILIA,897,True,,,,,
AR-21-009-32,AR-21-009,AR-21,21,Santa Fe,9,LA CAPITAL,32,STA.FE (SEC. 7A M.SELVA),30394,True,,,,,
AR-21-009-33,AR-21-009,AR-21,21,Santa Fe,9,LA CAPITAL,33,SAUCE VIEJO,10641,True,,,,,
AR-21-009-34,AR-21-009,AR-21,21,Santa Fe,9,LA CAPITAL,34,LA GUARDIA,2006,True,,,,,
AR-21-009-35,AR-21-009,AR-21,21,Santa Fe,9,LA CAPITAL,35,STA.FE (SUBCOM.1A CENTEN),8874,True,,,,,
AR-21-009-36,AR-21-009,AR-21,21,Santa Fe,9,LA CAPITAL,36,STA.FE (SEC.11A S.BUSTAM),7496,True,,,,,
AR-21-009-37,AR-21-009,AR-21,21,Santa Fe,9,LA CAPITAL,37,CABAL,129,True,,,,,
AR-21-009-38,AR-21-009,AR-21,21,Santa Fe,9,LA CAPITAL,38,STA.FE (BO.EL POZO),4549,True,,,,,
AR-21-009-39,AR-21-009,AR-21,21,Santa Fe,9,LA CAPITAL,39,ANGEL GALLARDO,1564,True,,,,,
AR-21-009-4,AR-21-009,AR-21,21,Santa Fe,9,LA CAPITAL,4,STA.FE (SEC. 1A),3184,True,,,,,
AR-21-009-40,AR-21-009,AR-21,21,Santa Fe,9,LA CAPITAL,40,ARROYO LEYES,2848,True,,,,,
AR-21-009-5,AR-21-009,AR-21,21,Santa Fe,9,LA CAPITAL,5,STA.FE (SEC. 1A),3221,True,,,,,
AR-21-009-6,AR-21-009,AR-21,21,Santa Fe,9,LA CAPITAL,6,STA.FE (SEC. 1A),3186,True,,,,,
AR-21-009-7,AR-21-009,AR-21,21,Santa Fe,9,LA CAPITAL,7,STA.FE (SEC. 2A),12322,True,,,,,
AR-21-009-8,AR-21-009,AR-21,21,Santa Fe,9,LA CAPITAL,8,STA.FE (SEC. 2A),7192,True,,,,,
AR-21-009-9,AR-21-009,AR-21,21,Santa Fe,9,LA CAPITAL,9,STA.FE (SEC. 3A),8369,True,,,,,
AR-21-011-41,AR-21-011,AR-21,21,Santa Fe,11,LAS COLONIAS,41,HIPATIA,334,True,,,,,
AR-21-011-42,AR-21-011,AR-21,21,Santa Fe,11,LAS COLONIAS,42,MATILDE,746,True,,,,,
AR-21-011-43,AR-21-011,AR-21,21,Santa Fe,11,LAS COLONIAS,43,SAN CARLOS SUD,1948,True,,,,,
AR-21-011-44,AR-21-011,AR-21,21,Santa Fe,11,LAS COLONIAS,44,SAN CARLOS CENTRO,9841,True,,,,,
AR-21-011-45,AR-21-011,AR-21,21,Santa Fe,11,LAS COLONIAS,45,SAN CARLOS NORTE,867,True,,,,,
AR-21-011-46,AR-21-011,AR-21,21,Santa Fe,11,LAS COLONIAS,46,SANTA CLARA DE B. VISTA,2550,True,,,,,
AR-21-011-47,AR-21-011,AR-21,21,Santa Fe,11,LAS COLONIAS,47,SAN MARIANO,301,True,,,,,
AR-21-011-48,AR-21-011,AR-21,21,Santa Fe,11,LAS COLONIAS,48,SA PEREIRA,1436,True,,,,,
AR-21-011-49,AR-21-011,AR-21,21,Santa Fe,11,LAS COLONIAS,49,SAN AGUSTIN,808,True,,,,,
AR-21-011-50,AR-21-011,AR-21,21,Santa Fe,11,LAS COLONIAS,50,JACINTO L. ARAUZ,153,True,,,,,
AR-21-011-51,AR-21-011,AR-21,21,Santa Fe,11,LAS COLONIAS,51,SAN JERONIMO DEL SAUCE,782,True,,,,,
AR-21-011-52,AR-21-011,AR-21,21,Santa Fe,11,LAS COLONIAS,52,SAN JERONIMO NORTE,5659,True,,,,,
AR-21-011-53,AR-21-011,AR-21,21,Santa Fe,11,LAS COLONIAS,53,FRANCK,4888,True,,,,,
AR-21-011-54,AR-21-011,AR-21,21,Santa Fe,11,LAS COLONIAS,54,LAS TUNAS,436,True,,,,,
AR-21-011-55,AR-21-011,AR-21,21,Santa Fe,11,LAS COLONIAS,55,ESPERANZA,33851,True,,,,,
AR-21-011-55A,AR-21-011,AR-21,21,Santa Fe,11,LAS COLONIAS,55A,LARRECHEA,15,True,,,,,
AR-21-011-55B,AR-21-011,AR-21,21,Santa Fe,11,LAS COLONIAS,55B,PUJOL,144,True,,,,,
AR-21-011-55C,AR-21-011,AR-21,21,Santa Fe,11,LAS COLONIAS,55C,RINCON DEL PINTADO,11,True,,,,,
AR-21-011-55D,AR-21-011,AR-21,21,Santa Fe,11,LAS COLONIAS,55D,LA ORILLA,55,True,,,,,
AR-21-011-56,AR-21-011,AR-21,21,Santa Fe,11,LAS COLONIAS,56,HUMBOLDT,4168,True,,,,,
AR-21-011-57,AR-21-011,AR-21,21,Santa Fe,11,LAS COLONIAS,57,PILAR,4201,True,,,,,
AR-21-011-58,AR-21-011,AR-21,21,Santa Fe,11,LAS COLONIAS,58,NUEVO TORINO,567,True,,,,,
AR-21-011-59,AR-21-011,AR-21,21,Santa Fe,11,LAS COLONIAS,59,CAVOUR,326,True,,,,,
AR-21-011-60,AR-21-011,AR-21,21,Santa Fe,11,LAS COLONIAS,60,FELICIA,1912,True,,,,,
AR-21-011-61,AR-21-011,AR-21,21,Santa Fe,11,LAS COLONIAS,61,GRUTLY,765,True,,,,,
AR-21-011-62,AR-21-011,AR-21,21,Santa Fe,11,LAS COLONIAS,62,SANTO DOMINGO,1385,True,,,,,
AR-21-011-63,AR-21-011,AR-21,21,Santa Fe,11,LAS COLONIAS,63,PROGRESO,2043,True,,,,,
AR-21-011-64,AR-21-011,AR-21,21,Santa Fe,11,LAS COLONIAS,64,SARMIENTO,1330,True,,,,,
AR-21-011-65,AR-21-011,AR-21,21,Santa Fe,11,LAS COLONIAS,65,MARIA LUISA,624,True,,,,,
AR-21-011-66,AR-21-011,AR-21,21,Santa Fe,11,LAS COLONIAS,66,PROVIDENCIA,677,True,,,,,
AR-21-011-67,AR-21-011,AR-21,21,Santa Fe,11,LAS COLONIAS,67,LA PELADA,1075,True,,,,,
AR-21-011-68,AR-21-011,AR-21,21,Santa Fe,11,LAS COLONIAS,68,ELISA,1449,True,,,,,
AR-21-011-69,AR-21-011,AR-21,21,Santa Fe,11,LAS COLONIAS,69,EMPALME SAN CARLOS,251,True,,,,,
AR-21-011-70,AR-21-011,AR-21,21,Santa Fe,11,LAS COLONIAS,70,RIVADAVIA,87,True,,,,,
AR-21-011-71,AR-21-011,AR-21,21,Santa Fe,11,LAS COLONIAS,71,CULULU,282,True,,,,,
AR-21-011-72,AR-21-011,AR-21,21,Santa Fe,11,LAS COLONIAS,72,SANTA MARIA CENTRO,52,True,,,,,
AR-21-011-73,AR-21-011,AR-21,21,Santa Fe,11,LAS COLONIAS,73,SAN JOSE,185,True,,,,,
AR-21-011-74,AR-21-011,AR-21,21,Santa Fe,11,LAS COLONIAS,74,SANTA MARIA NORTE,120,True,,,,,
AR-21-011-75,AR-21-011,AR-21,21,Santa Fe,11,LAS COLONIAS,75,PUJATO,206,True,,,,,
AR-21-011-76,AR-21-011,AR-21,21,Santa Fe,11,LAS COLONIAS,76,SOUTOMAYOR,92,True,,,,,
AR-21-011-77,AR-21-011,AR-21,21,Santa Fe,11,LAS COLONIAS,77,ITUZAINGO,45,True,,,,,
AR-21-012-283,AR-21-012,AR-21,21,Santa Fe,12,NUEVE DE JULIO,283,ESTEBAN RAMS,199,True,,,,,
AR-21-012-284,AR-21-012,AR-21,21,Santa Fe,12,NUEVE DE JULIO,284,LOGROÑO,622,True,,,,,
AR-21-012-285,AR-21-012,AR-21,21,Santa Fe,12,NUEVE DE JULIO,285,TOSTADO,13759,True,,,,,
AR-21-012-285A,AR-21-012,AR-21,21,Santa Fe,12,NUEVE DE JULIO,285A,POZO BORRADO,968,True,,,,,
AR-21-012-285B,AR-21-012,AR-21,21,Santa Fe,12,NUEVE DE JULIO,285B,BARRIO SAN GENARO,23,True,,,,,
AR-21-012-286,AR-21-012,AR-21,21,Santa Fe,12,NUEVE DE JULIO,286,MOGOTES,45,True,,,,,
AR-21-012-287,AR-21-012,AR-21,21,Santa Fe,12,NUEVE DE JULIO,287,SAN BERNARDO,681,True,,,,,
AR-21-012-289,AR-21-012,AR-21,21,Santa Fe,12,NUEVE DE JULIO,289,G. PEREZ DE DENIS,1749,True,,,,,
AR-21-012-290,AR-21-012,AR-21,21,Santa Fe,12,NUEVE DE JULIO,290,MONTEFIORE,217,True,,,,,
AR-21-012-291,AR-21-012,AR-21,21,Santa Fe,12,NUEVE DE JULIO,291,VILLA MINETTI,4974,True,,,,,
AR-21-012-292,AR-21-012,AR-21,21,Santa Fe,12,NUEVE DE JULIO,292,GATO COLORADO,852,True,,,,,
AR-21-012-293,AR-21-012,AR-21,21,Santa Fe,12,NUEVE DE JULIO,293,SANTA MARGARITA,976,True,,,,,
AR-21-012-294,AR-21-012,AR-21,21,Santa Fe,12,NUEVE DE JULIO,294,CAMPO GARAY,116,True,,,,,
AR-21-013-301,AR-21-013,AR-21,21,Santa Fe,13,ROSARIO,301,ROSARIO SEC. 1A,5496,True,,,,,
AR-21-013-302,AR-21-013,AR-21,21,Santa Fe,13,ROSARIO,302,ROSARIO SEC. 1A,7305,True,,,,,
AR-21-013-303,AR-21-013,AR-21,21,Santa Fe,13,ROSARIO,303,ROSARIO SEC. 1A,3963,True,,,,,
AR-21-013-304,AR-21-013,AR-21,21,Santa Fe,13,ROSARIO,304,ROSARIO SEC. 1A,5037,True,,,,,
AR-21-013-305,AR-21-013,AR-21,21,Santa Fe,13,ROSARIO,305,ROSARIO SEC. 1A,5015,True,,,,,
AR-21-013-306,AR-21-013,AR-21,21,Santa Fe,13,ROSARIO,306,ROSARIO SEC. 3A,4175,True,,,,,
AR-21-013-307,AR-21-013,AR-21,21,Santa Fe,13,ROSARIO,307,ROSARIO SEC. 3A,6534,True,,,,,
AR-21-013-308,AR-21-013,AR-21,21,Santa Fe,13,ROSARIO,308,ROSARIO SEC. 3A,3943,True,,,,,
AR-21-013-309,AR-21-013,AR-21,21,Santa Fe,13,ROSARIO,309,ROSARIO SEC. 2A,2586,True,,,,,
AR-21-013-310,AR-21-013,AR-21,21,Santa Fe,13,ROSARIO,310,ROSARIO SEC. 2A,2129,True,,,,,
AR-21-013-311,AR-21-013,AR-21,21,Santa Fe,13,ROSARIO,311,ROSARIO SEC. 2A,2151,True,,,,,
AR-21-013-312,AR-21-013,AR-21,21,Santa Fe,13,ROSARIO,312,ROSARIO SEC. 2A,4790,True,,,,,
AR-21-013-313,AR-21-013,AR-21,21,Santa Fe,13,ROSARIO,313,ROSARIO SEC. 2A,4882,True,,,,,
AR-21-013-314,AR-21-013,AR-21,21,Santa Fe,13,ROSARIO,314,ROSARIO SEC. 3A,4243,True,,,,,
AR-21-013-315,AR-21-013,AR-21,21,Santa Fe,13,ROSARIO,315,ROSARIO SEC. 3A,3496,True,,,,,
AR-21-013-316,AR-21-013,AR-21,21,Santa Fe,13,ROSARIO,316,ROSARIO SEC. 3A,6152,True,,,,,
AR-21-013-317,AR-21-013,AR-21,21,Santa Fe,13,ROSARIO,317,ROSARIO SEC. 3A,5414,True,,,,,
AR-21-013-318,AR-21-013,AR-21,21,Santa Fe,13,ROSARIO,318,ROSARIO SEC. 2A,5584,True,,,,,
AR-21-013-319,AR-21-013,AR-21,21,Santa Fe,13,ROSARIO,319,ROSARIO SEC. 2A,3895,True,,,,,
AR-21-013-320,AR-21-013,AR-21,21,Santa Fe,13,ROSARIO,320,ROSARIO SEC. 2A,5685,True,,,,,
AR-21-013-321,AR-21-013,AR-21,21,Santa Fe,13,ROSARIO,321,ROSARIO SEC. 2A,4288,True,,,,,
AR-21-013-322,AR-21-013,AR-21,21,Santa Fe,13,ROSARIO,322,ROSARIO SEC. 4A,3752,True,,,,,
AR-21-013-323,AR-21-013,AR-21,21,Santa Fe,13,ROSARIO,323,ROSARIO SEC. 4A,8409,True,,,,,
AR-21-013-324,AR-21-013,AR-21,21,Santa Fe,13,ROSARIO,324,ROSARIO SEC. 4A,3882,True,,,,,
AR-21-013-325,AR-21-013,AR-21,21,Santa Fe,13,ROSARIO,325,ROSARIO SEC. 4A,3709,True,,,,,
AR-21-013-326,AR-21-013,AR-21,21,Santa Fe,13,ROSARIO,326,ROSARIO SEC. 5A,5169,True,,,,,
AR-21-013-327,AR-21-013,AR-21,21,Santa Fe,13,ROSARIO,327,ROSARIO SEC. 5A,5714,True,,,,,
AR-21-013-328,AR-21-013,AR-21,21,Santa Fe,13,ROSARIO,328,ROSARIO SEC. 5A,7046,True,,,,,
AR-21-013-329,AR-21-013,AR-21,21,Santa Fe,13,ROSARIO,329,ROSARIO SEC. 5A,15177,True,,,,,
AR-21-013-330,AR-21-013,AR-21,21,Santa Fe,13,ROSARIO,330,ROSARIO SEC. 6A,7476,True,,,,,
AR-21-013-331,AR-21-013,AR-21,21,Santa Fe,13,ROSARIO,331,ROSARIO SEC. 6A,5687,True,,,,,
AR-21-013-332,AR-21-013,AR-21,21,Santa Fe,13,ROSARIO,332,ROSARIO SEC. 6A,5104,True,,,,,
AR-21-013-333,AR-21-013,AR-21,21,Santa Fe,13,ROSARIO,333,ROSARIO SEC. 6A,9115,True,,,,,
AR-21-013-334,AR-21-013,AR-21,21,Santa Fe,13,ROSARIO,334,ROSARIO SEC. 6A,12062,True,,,,,
AR-21-013-335,AR-21-013,AR-21,21,Santa Fe,13,ROSARIO,335,ROSARIO SEC. 7A,3398,True,,,,,
AR-21-013-336,AR-21-013,AR-21,21,Santa Fe,13,ROSARIO,336,ROSARIO SEC. 7A,4758,True,,,,,
AR-21-013-337,AR-21-013,AR-21,21,Santa Fe,13,ROSARIO,337,ROSARIO SEC. 7A,3331,True,,,,,
AR-21-013-338,AR-21-013,AR-21,21,Santa Fe,13,ROSARIO,338,ROSARIO SEC. 7A,5209,True,,,,,
AR-21-013-339,AR-21-013,AR-21,21,Santa Fe,13,ROSARIO,339,ROSARIO SEC. 8A,5348,True,,,,,
AR-21-013-340,AR-21-013,AR-21,21,Santa Fe,13,ROSARIO,340,ROSARIO SEC. 8A,8722,True,,,,,
AR-21-013-341,AR-21-013,AR-21,21,Santa Fe,13,ROSARIO,341,ACEBAL,4737,True,,,,,
AR-21-013-341A,AR-21-013,AR-21,21,Santa Fe,13,ROSARIO,341A,PUEBLO MUÑOZ,459,True,,,,,
AR-21-013-341B,AR-21-013,AR-21,21,Santa Fe,13,ROSARIO,341B,ARMINDA,308,True,,,,,
AR-21-013-342,AR-21-013,AR-21,21,Santa Fe,13,ROSARIO,342,ROSARIO SEC.10A ALBERDI,36473,True,,,,,
AR-21-013-342A,AR-21-013,AR-21,21,Santa Fe,13,ROSARIO,342A,ROSARIO SEC.10A C.ESCAL.,19095,True,,,,,
AR-21-013-342B,AR-21-013,AR-21,21,Santa Fe,13,ROSARIO,342B,ROSARIO SCOM.2 N.ALBERDI,13119,True,,,,,
AR-21-013-343,AR-21-013,AR-21,21,Santa Fe,13,ROSARIO,343,ALVAREZ,5799,True,,,,,
AR-21-013-343A,AR-21-013,AR-21,21,Santa Fe,13,ROSARIO,343A,PIÑERO,1533,True,,,,,
AR-21-013-344,AR-21-013,AR-21,21,Santa Fe,13,ROSARIO,344,ROSARIO SEC.9A L.DE LA T.,16278,True,,,,,
AR-21-013-344A,AR-21-013,AR-21,21,Santa Fe,13,ROSARIO,344A,ROSARIO SCOM.1A EMP.GRAN.,22287,True,,,,,
AR-21-013-345,AR-21-013,AR-21,21,Santa Fe,13,ROSARIO,345,ARROYO SECO,19354,True,,,,,
AR-21-013-345A,AR-21-013,AR-21,21,Santa Fe,13,ROSARIO,345A,FIGHIERA,4620,True,,,,,
AR-21-013-347,AR-21-013,AR-21,21,Santa Fe,13,ROSARIO,347,ROSARIO SEC.14A BELGRANO,70542,True,,,,,
AR-21-013-347A,AR-21-013,AR-21,21,Santa Fe,13,ROSARIO,347A,ROSARIO SEC.19A GODOY,21833,True,,,,,
AR-21-013-348,AR-21-013,AR-21,21,Santa Fe,13,ROSARIO,348,ROSARIO SEC.11A R.S.PEÑA,54628,True,,,,,
AR-21-013-349,AR-21-013,AR-21,21,Santa Fe,13,ROSARIO,349,ROSARIO SEC.13A B.VISTA,29728,True,,,,,
AR-21-013-349A,AR-21-013,AR-21,21,Santa Fe,13,ROSARIO,349A,ROSARIO SEC.18A S.FRANC.,53454,True,,,,,
AR-21-013-349B,AR-21-013,AR-21,21,Santa Fe,13,ROSARIO,349B,ROSARIO SEC.19A MODERNO,24836,True,,,,,
AR-21-013-349C,AR-21-013,AR-21,21,Santa Fe,13,ROSARIO,349C,ROSARIO SEC.19A TRIANGULO,6333,True,,,,,
AR-21-013-349D,AR-21-013,AR-21,21,Santa Fe,13,ROSARIO,349D,ROSARIO SEC.18A EL GAUCHO,276,True,,,,,
AR-21-013-350,AR-21-013,AR-21,21,Santa Fe,13,ROSARIO,350,CARMEN DEL SAUCE,734,True,,,,,
AR-21-013-350A,AR-21-013,AR-21,21,Santa Fe,13,ROSARIO,350A,URANGA,845,True,,,,,
AR-21-013-351,AR-21-013,AR-21,21,Santa Fe,13,ROSARIO,351,CORONEL BOGADO,2264,True,,,,,
AR-21-013-351A,AR-21-013,AR-21,21,Santa Fe,13,ROSARIO,351A,ALBARELLOS,320,True,,,,,
AR-21-013-352,AR-21-013,AR-21,21,Santa Fe,13,ROSARIO,352,FUNES,23584,True,,,,,
AR-21-013-353,AR-21-013,AR-21,21,Santa Fe,13,ROSARIO,353,ROSARIO SEC.12A LUDUEÑA,30185,True,,,,,
AR-21-013-353A,AR-21-013,AR-21,21,Santa Fe,13,ROSARIO,353A,ROSARIO SEC.17A ANT.ARG.,40498,True,,,,,
AR-21-013-354,AR-21-013,AR-21,21,Santa Fe,13,ROSARIO,354,ROSARIO SEC.16A S.MARTIN,19992,True,,,,,
AR-21-013-354A,AR-21-013,AR-21,21,Santa Fe,13,ROSARIO,354A,ROSARIO SEC.16A S.MARTIN,11460,True,,,,,
AR-21-013-355,AR-21-013,AR-21,21,Santa Fe,13,ROSARIO,355,GDERO. BAIGORRIA,36424,True,,,,,
AR-21-013-355A,AR-21-013,AR-21,21,Santa Fe,13,ROSARIO,355A,IBARLUCEA,3867,True,,,,,
AR-21-013-356,AR-21-013,AR-21,21,Santa Fe,13,ROSARIO,356,PEREZ,16911,True,,,,,
AR-21-013-356A,AR-21-013,AR-21,21,Santa Fe,13,ROSARIO,356A,BARRIO CABIN NUEVE,9179,True,,,,,
AR-21-013-357,AR-21-013,AR-21,21,Santa Fe,13,ROSARIO,357,SOLDINI,3158,True,,,,,
AR-21-013-358,AR-21-013,AR-21,21,Santa Fe,13,ROSARIO,358,ROSARIO SEC.10A SARMIENTO,14669,True,,,,,
AR-21-013-359,AR-21-013,AR-21,21,Santa Fe,13,ROSARIO,359,ROSARIO SEC.15A T.SUIZO,55398,True,,,,,
AR-21-013-359A,AR-21-013,AR-21,21,Santa Fe,13,ROSARIO,359A,ROSARIO SEC.21A M.S.MART.,39046,True,,,,,
AR-21-013-360,AR-21-013,AR-21,21,Santa Fe,13,ROSARIO,360,VILLA AMELIA,1381,True,,,,,
AR-21-013-360A,AR-21-013,AR-21,21,Santa Fe,13,ROSARIO,360A,CORONEL DOMINGUEZ,881,True,,,,,
AR-21-013-362A,AR-21-013,AR-21,21,Santa Fe,13,ROSARIO,362A,VILLA GOB GALVEZ,30189,True,,,,,
AR-21-013-362B,AR-21-013,AR-21,21,Santa Fe,13,ROSARIO,362B,ALVEAR,4215,True,,,,,
AR-21-013-362C,AR-21-013,AR-21,21,Santa Fe,13,ROSARIO,362C,GENERAL LAGOS,3721,True,,,,,
AR-21-013-362D,AR-21-013,AR-21,21,Santa Fe,13,ROSARIO,362D,PUEBLO ESTHER,7770,True,,,,,
AR-21-013-362E,AR-21-013,AR-21,21,Santa Fe,13,ROSARIO,362E,VILLA GOB GALVEZ,24041,True,,,,,
AR-21-013-362F,AR-21-013,AR-21,21,Santa Fe,13,ROSARIO,362F,VILLA GOB GALVEZ,18707,True,,,,,
AR-21-013-363,AR-21-013,AR-21,21,Santa Fe,13,ROSARIO,363,ZAVALLA,4934,True,,,,,
AR-21-016-174,AR-21-016,AR-21,21,Santa Fe,16,SAN CRISTOBAL,174,COL. DOS ROSAS Y LA LEGUA,127,True,,,,,
AR-21-016-175,AR-21-016,AR-21,21,Santa Fe,16,SAN CRISTOBAL,175,LA CABRAL,185,True,,,,,
AR-21-016-176,AR-21-016,AR-21,21,Santa Fe,16,SAN CRISTOBAL,176,CAPIVARA,276,True,,,,,
AR-21-016-177,AR-21-016,AR-21,21,Santa Fe,16,SAN CRISTOBAL,177,AGUARA,360,True,,,,,
AR-21-016-178,AR-21-016,AR-21,21,Santa Fe,16,SAN CRISTOBAL,178,CERES,13750,True,,,,,
AR-21-016-179,AR-21-016,AR-21,21,Santa Fe,16,SAN CRISTOBAL,179,HERSILIA,2599,True,,,,,
AR-21-016-180,AR-21-016,AR-21,21,Santa Fe,16,SAN CRISTOBAL,180,AMBROSETTI,923,True,,,,,
AR-21-016-181,AR-21-016,AR-21,21,Santa Fe,16,SAN CRISTOBAL,181,HUANQUEROS,704,True,,,,,
AR-21-016-181A,AR-21-016,AR-21,21,Santa Fe,16,SAN CRISTOBAL,181A,LAS AVISPAS,117,True,,,,,
AR-21-016-182,AR-21-016,AR-21,21,Santa Fe,16,SAN CRISTOBAL,182,SANTURCE,120,True,,,,,
AR-21-016-183,AR-21-016,AR-21,21,Santa Fe,16,SAN CRISTOBAL,183,VILLA TRINIDAD,2781,True,,,,,
AR-21-016-184,AR-21-016,AR-21,21,Santa Fe,16,SAN CRISTOBAL,184,ARRUFO,1813,True,,,,,
AR-21-016-185,AR-21-016,AR-21,21,Santa Fe,16,SAN CRISTOBAL,185,SAN CRISTOBAL,12818,True,,,,,
AR-21-016-186,AR-21-016,AR-21,21,Santa Fe,16,SAN CRISTOBAL,186,ÑANDUCITA,175,True,,,,,
AR-21-016-187,AR-21-016,AR-21,21,Santa Fe,16,SAN CRISTOBAL,187,COLONIA ROSA,818,True,,,,,
AR-21-016-188,AR-21-016,AR-21,21,Santa Fe,16,SAN CRISTOBAL,188,SAN GUILLERMO,7027,True,,,,,
AR-21-016-189,AR-21-016,AR-21,21,Santa Fe,16,SAN CRISTOBAL,189,MONIGOTES,400,True,,,,,
AR-21-016-191,AR-21-016,AR-21,21,Santa Fe,16,SAN CRISTOBAL,191,SUARDI,5568,True,,,,,
AR-21-016-192,AR-21-016,AR-21,21,Santa Fe,16,SAN CRISTOBAL,192,CONSTANZA,232,True,,,,,
AR-21-016-193,AR-21-016,AR-21,21,Santa Fe,16,SAN CRISTOBAL,193,MOISES VILLE,1993,True,,,,,
AR-21-016-194,AR-21-016,AR-21,21,Santa Fe,16,SAN CRISTOBAL,194,PALACIOS,394,True,,,,,
AR-21-016-195,AR-21-016,AR-21,21,Santa Fe,16,SAN CRISTOBAL,195,SOLEDAD,1029,True,,,,,
AR-21-016-196,AR-21-016,AR-21,21,Santa Fe,16,SAN CRISTOBAL,196,VILLA SARALEGUI,537,True,,,,,
AR-21-016-196A,AR-21-016,AR-21,21,Santa Fe,16,SAN CRISTOBAL,196A,LA PETRONILA,4,True,,,,,
AR-21-016-196B,AR-21-016,AR-21,21,Santa Fe,16,SAN CRISTOBAL,196B,MARIA EUGENIA,23,True,,,,,
AR-21-016-197,AR-21-016,AR-21,21,Santa Fe,16,SAN CRISTOBAL,197,MONTE OSCURIDAD,369,True,,,,,
AR-21-016-198,AR-21-016,AR-21,21,Santa Fe,16,SAN CRISTOBAL,198,PORTUGALETE,132,True,,,,,
AR-21-016-199,AR-21-016,AR-21,21,Santa Fe,16,SAN CRISTOBAL,199,LA CLARA,87,True,,,,,
AR-21-016-200,AR-21-016,AR-21,21,Santa Fe,16,SAN CRISTOBAL,200,LAS PALMERAS,512,True,,,,,
AR-21-016-201,AR-21-016,AR-21,21,Santa Fe,16,SAN CRISTOBAL,201,LA RUBIA,325,True,,,,,
AR-21-016-202,AR-21-016,AR-21,21,Santa Fe,16,SAN CRISTOBAL,202,CURUPAYTI,326,True,,,,,
AR-21-016-203,AR-21-016,AR-21,21,Santa Fe,16,SAN CRISTOBAL,203,BOSSI,324,True,,,,,
AR-21-016-204,AR-21-016,AR-21,21,Santa Fe,16,SAN CRISTOBAL,204,COLONIA ANA,114,True,,,,,
AR-21-016-205,AR-21-016,AR-21,21,Santa Fe,16,SAN CRISTOBAL,205,LA LUCILA,292,True,,,,,
AR-21-017-274,AR-21-017,AR-21,21,Santa Fe,17,SAN JAVIER,274,CACIQUE ARIACAIQUIN,344,True,,,,,
AR-21-017-275,AR-21-017,AR-21,21,Santa Fe,17,SAN JAVIER,275,SAN JAVIER,13898,True,,,,,
AR-21-017-275A,AR-21-017,AR-21,21,Santa Fe,17,SAN JAVIER,275A,COLONIA TERESA,724,True,,,,,
AR-21-017-276,AR-21-017,AR-21,21,Santa Fe,17,SAN JAVIER,276,ALEJANDRA,3112,True,,,,,
AR-21-017-276A,AR-21-017,AR-21,21,Santa Fe,17,SAN JAVIER,276A,LA MARIA,21,True,,,,,
AR-21-017-276B,AR-21-017,AR-21,21,Santa Fe,17,SAN JAVIER,276B,LOS CORRALITOS,27,True,,,,,
AR-21-017-277,AR-21-017,AR-21,21,Santa Fe,17,SAN JAVIER,277,ROMANG,7199,True,,,,,
AR-21-017-277A,AR-21-017,AR-21,21,Santa Fe,17,SAN JAVIER,277A,LA LOMA,47,True,,,,,
AR-21-017-277B,AR-21-017,AR-21,21,Santa Fe,17,SAN JAVIER,277B,NUEVA ROMANG,48,True,,,,,
AR-21-017-278,AR-21-017,AR-21,21,Santa Fe,17,SAN JAVIER,278,COSTA DEL TOBA,17,True,,,,,
AR-21-017-279,AR-21-017,AR-21,21,Santa Fe,17,SAN JAVIER,279,LA BRAVA,498,True,,,,,
AR-21-017-280,AR-21-017,AR-21,21,Santa Fe,17,SAN JAVIER,280,COLONIA DURAN,416,True,,,,,
AR-21-017-281,AR-21-017,AR-21,21,Santa Fe,17,SAN JAVIER,281,LAS CATALINAS,26,True,,,,,
AR-21-018-100,AR-21-018,AR-21,21,Santa Fe,18,SAN JERONIMO,100,PIAGGIO,95,True,,,,,
AR-21-018-101,AR-21-018,AR-21,21,Santa Fe,18,SAN JERONIMO,101,CASALEGNO,176,True,,,,,
AR-21-018-79,AR-21-018,AR-21,21,Santa Fe,18,SAN JERONIMO,79,CORONDA,14446,True,,,,,
AR-21-018-80,AR-21-018,AR-21,21,Santa Fe,18,SAN JERONIMO,80,LARRECHEA,393,True,,,,,
AR-21-018-81,AR-21-018,AR-21,21,Santa Fe,18,SAN JERONIMO,81,GESSLER,829,True,,,,,
AR-21-018-82,AR-21-018,AR-21,21,Santa Fe,18,SAN JERONIMO,82,LOPEZ,1329,True,,,,,
AR-21-018-83,AR-21-018,AR-21,21,Santa Fe,18,SAN JERONIMO,83,GALVEZ,17289,True,,,,,
AR-21-018-84,AR-21-018,AR-21,21,Santa Fe,18,SAN JERONIMO,84,AROCENA,1547,True,,,,,
AR-21-018-85,AR-21-018,AR-21,21,Santa Fe,18,SAN JERONIMO,85,IRIGOYEN,821,True,,,,,
AR-21-018-85A,AR-21-018,AR-21,21,Santa Fe,18,SAN JERONIMO,85A,SAN EUGENIO,87,True,,,,,
AR-21-018-86,AR-21-018,AR-21,21,Santa Fe,18,SAN JERONIMO,86,BERNARDO DE IRIGOYEN,1437,True,,,,,
AR-21-018-87,AR-21-018,AR-21,21,Santa Fe,18,SAN JERONIMO,87,BARRANCAS,4368,True,,,,,
AR-21-018-88,AR-21-018,AR-21,21,Santa Fe,18,SAN JERONIMO,88,CENTENO,2697,True,,,,,
AR-21-018-89,AR-21-018,AR-21,21,Santa Fe,18,SAN JERONIMO,89,SAN GENARO,8027,True,,,,,
AR-21-018-91,AR-21-018,AR-21,21,Santa Fe,18,SAN JERONIMO,91,DIAZ,1558,True,,,,,
AR-21-018-92,AR-21-018,AR-21,21,Santa Fe,18,SAN JERONIMO,92,MONJE,1915,True,,,,,
AR-21-018-93,AR-21-018,AR-21,21,Santa Fe,18,SAN JERONIMO,93,MACIEL,5183,True,,,,,
AR-21-018-94,AR-21-018,AR-21,21,Santa Fe,18,SAN JERONIMO,94,GABOTO,2335,True,,,,,
AR-21-018-95,AR-21-018,AR-21,21,Santa Fe,18,SAN JERONIMO,95,SAN FABIAN,715,True,,,,,
AR-21-018-96,AR-21-018,AR-21,21,Santa Fe,18,SAN JERONIMO,96,DESVIO ARIJON,1375,True,,,,,
AR-21-018-96A,AR-21-018,AR-21,21,Santa Fe,18,SAN JERONIMO,96A,BARRIO CAIMA,941,True,,,,,
AR-21-018-97,AR-21-018,AR-21,21,Santa Fe,18,SAN JERONIMO,97,VILLA TRAMONTINI,153,True,,,,,
AR-21-018-98,AR-21-018,AR-21,21,Santa Fe,18,SAN JERONIMO,98,PUERTO ARAGON,129,True,,,,,
AR-21-019-207,AR-21-019,AR-21,21,Santa Fe,19,SAN JUSTO,207,CAYASTACITO,388,True,,,,,
AR-21-019-208,AR-21-019,AR-21,21,Santa Fe,19,SAN JUSTO,208,VIDELA,1993,True,,,,,
AR-21-019-208A,AR-21-019,AR-21,21,Santa Fe,19,SAN JUSTO,208A,SOL DE MAYO,6,True,,,,,
AR-21-019-208B,AR-21-019,AR-21,21,Santa Fe,19,SAN JUSTO,208B,ESTHER,67,True,,,,,
AR-21-019-208C,AR-21-019,AR-21,21,Santa Fe,19,SAN JUSTO,208C,ANGELONI,141,True,,,,,
AR-21-019-209,AR-21-019,AR-21,21,Santa Fe,19,SAN JUSTO,209,NARE,376,True,,,,,
AR-21-019-210,AR-21-019,AR-21,21,Santa Fe,19,SAN JUSTO,210,SAN JUSTO,20064,True,,,,,
AR-21-019-210A,AR-21-019,AR-21,21,Santa Fe,19,SAN JUSTO,210A,SAN BERNARDO,102,True,,,,,
AR-21-019-211,AR-21-019,AR-21,21,Santa Fe,19,SAN JUSTO,211,RAMAYON,575,True,,,,,
AR-21-019-212,AR-21-019,AR-21,21,Santa Fe,19,SAN JUSTO,212,MARCELINO ESCALADA,1521,True,,,,,
AR-21-019-212A,AR-21-019,AR-21,21,Santa Fe,19,SAN JUSTO,212A,COLONIA SILVA,378,True,,,,,
AR-21-019-213,AR-21-019,AR-21,21,Santa Fe,19,SAN JUSTO,213,GDOR. CRESPO,4804,True,,,,,
AR-21-019-214,AR-21-019,AR-21,21,Santa Fe,19,SAN JUSTO,214,SAN MARTIN NORTE,569,True,,,,,
AR-21-019-214A,AR-21-019,AR-21,21,Santa Fe,19,SAN JUSTO,214A,COLONIA DOLORES,550,True,,,,,
AR-21-019-215,AR-21-019,AR-21,21,Santa Fe,19,SAN JUSTO,215,VERA Y PINTADO,1064,True,,,,,
AR-21-019-215A,AR-21-019,AR-21,21,Santa Fe,19,SAN JUSTO,215A,LA CAMILA,126,True,,,,,
AR-21-019-216,AR-21-019,AR-21,21,Santa Fe,19,SAN JUSTO,216,LA CRIOLLA,1934,True,,,,,
AR-21-019-216A,AR-21-019,AR-21,21,Santa Fe,19,SAN JUSTO,216A,COLONIA LA BLANCA,55,True,,,,,
AR-21-019-217,AR-21-019,AR-21,21,Santa Fe,19,SAN JUSTO,217,LA PENCA,360,True,,,,,
AR-21-019-218,AR-21-019,AR-21,21,Santa Fe,19,SAN JUSTO,218,PEDRO GOMEZ CELLO,579,True,,,,,
AR-21-019-219,AR-21-019,AR-21,21,Santa Fe,19,SAN JUSTO,219,LOS SALADILLOS (AP.MASC.),62,True,,,,,
AR-21-020-416,AR-21-020,AR-21,21,Santa Fe,20,SAN LORENZO,416,CARCARAÑA,14207,True,,,,,
AR-21-020-417,AR-21-020,AR-21,21,Santa Fe,20,SAN LORENZO,417,MAIZALES,17,True,,,,,
AR-21-020-417A,AR-21-020,AR-21,21,Santa Fe,20,SAN LORENZO,417A,FUENTES,2312,True,,,,,
AR-21-020-417B,AR-21-020,AR-21,21,Santa Fe,20,SAN LORENZO,417B,VILLA MUGUETA,2077,True,,,,,
AR-21-020-418A,AR-21-020,AR-21,21,Santa Fe,20,SAN LORENZO,418A,TIMBUES,3982,True,,,,,
AR-21-020-418B,AR-21-020,AR-21,21,Santa Fe,20,SAN LORENZO,418B,ALDAO,624,True,,,,,
AR-21-020-419,AR-21-020,AR-21,21,Santa Fe,20,SAN LORENZO,419,LUIS PALACIOS (LA SALADA),1038,True,,,,,
AR-21-020-420,AR-21-020,AR-21,21,Santa Fe,20,SAN LORENZO,420,FRAY LUIS BELTRAN,13616,True,,,,,
AR-21-020-420A,AR-21-020,AR-21,21,Santa Fe,20,SAN LORENZO,420A,CAPITAN BERMUDEZ,25028,True,,,,,
AR-21-020-421,AR-21-020,AR-21,21,Santa Fe,20,SAN LORENZO,421,PUERTO SAN MARTIN,15303,True,,,,,
AR-21-020-422,AR-21-020,AR-21,21,Santa Fe,20,SAN LORENZO,422,PUJATO,3073,True,,,,,
AR-21-020-422A,AR-21-020,AR-21,21,Santa Fe,20,SAN LORENZO,422A,COL. CLODOMIRA,4,True,,,,,
AR-21-020-422B,AR-21-020,AR-21,21,Santa Fe,20,SAN LORENZO,422B,CORONEL ARNOLD,820,True,,,,,
AR-21-020-423,AR-21-020,AR-21,21,Santa Fe,20,SAN LORENZO,423,ROLDAN,17020,True,,,,,
AR-21-020-424,AR-21-020,AR-21,21,Santa Fe,20,SAN LORENZO,424,SAN JERONIMO SUR,2404,True,,,,,
AR-21-020-425A,AR-21-020,AR-21,21,Santa Fe,20,SAN LORENZO,425A,SAN LORENZO,39179,True,,,,,
AR-21-020-425B,AR-21-020,AR-21,21,Santa Fe,20,SAN LORENZO,425B,RICARDONE,2908,True,,,,,
AR-21-021-153,AR-21-021,AR-21,21,Santa Fe,21,SAN MARTIN,153,CASTELAR,522,True,,,,,
AR-21-021-154,AR-21-021,AR-21,21,Santa Fe,21,SAN MARTIN,154,CRISPI,305,True,,,,,
AR-21-021-155,AR-21-021,AR-21,21,Santa Fe,21,SAN MARTIN,155,SASTRE,4836,True,,,,,
AR-21-021-156,AR-21-021,AR-21,21,Santa Fe,21,SAN MARTIN,156,SAN MARTIN DE LAS ESCOBAS,2318,True,,,,,
AR-21-021-157,AR-21-021,AR-21,21,Santa Fe,21,SAN MARTIN,157,COLONIA BELGRANO,982,True,,,,,
AR-21-021-158,AR-21-021,AR-21,21,Santa Fe,21,SAN MARTIN,158,SAN JORGE,15559,True,,,,,
AR-21-021-159,AR-21-021,AR-21,21,Santa Fe,21,SAN MARTIN,159,LANDETA,1170,True,,,,,
AR-21-021-160,AR-21-021,AR-21,21,Santa Fe,21,SAN MARTIN,160,CARLOS PELLEGRINI,4579,True,,,,,
AR-21-021-161,AR-21-021,AR-21,21,Santa Fe,21,SAN MARTIN,161,CAÑADA ROSQUIN,4509,True,,,,,
AR-21-021-162,AR-21-021,AR-21,21,Santa Fe,21,SAN MARTIN,162,CASAS,666,True,,,,,
AR-21-021-163,AR-21-021,AR-21,21,Santa Fe,21,SAN MARTIN,163,LAS BANDURRIAS,182,True,,,,,
AR-21-021-164,AR-21-021,AR-21,21,Santa Fe,21,SAN MARTIN,164,PIAMONTE,2796,True,,,,,
AR-21-021-165,AR-21-021,AR-21,21,Santa Fe,21,SAN MARTIN,165,EL TREBOL,10048,True,,,,,
AR-21-021-166,AR-21-021,AR-21,21,Santa Fe,21,SAN MARTIN,166,MARIA SUSANA,2804,True,,,,,
AR-21-021-167,AR-21-021,AR-21,21,Santa Fe,21,SAN MARTIN,167,LOS CARDOS,1129,True,,,,,
AR-21-021-168,AR-21-021,AR-21,21,Santa Fe,21,SAN MARTIN,168,TRAILL,148,True,,,,,
AR-21-021-169,AR-21-021,AR-21,21,Santa Fe,21,SAN MARTIN,169,LAS PETACAS,852,True,,,,,
AR-21-022-251,AR-21-022,AR-21,21,Santa Fe,22,VERA,251,CALCHAQUI,9632,True,,,,,
AR-21-022-252,AR-21-022,AR-21,21,Santa Fe,22,VERA,252,MARGARITA,3653,True,,,,,
AR-21-022-253,AR-21-022,AR-21,21,Santa Fe,22,VERA,253,LA GALLARETA,2130,True,,,,,
AR-21-022-254,AR-21-022,AR-21,21,Santa Fe,22,VERA,254,VERA,17551,True,,,,,
AR-21-022-254A,AR-21-022,AR-21,21,Santa Fe,22,VERA,254A,ESPIN,153,True,,,,,
AR-21-022-255,AR-21-022,AR-21,21,Santa Fe,22,VERA,255,OGILVIE,90,True,,,,,
AR-21-022-256,AR-21-022,AR-21,21,Santa Fe,22,VERA,256,TOBA,654,True,,,,,
AR-21-022-256A,AR-21-022,AR-21,21,Santa Fe,22,VERA,256A,GUAYCURU,8,True,,,,,
AR-21-022-257,AR-21-022,AR-21,21,Santa Fe,22,VERA,257,GARABATO,1319,True,,,,,
AR-21-022-258,AR-21-022,AR-21,21,Santa Fe,22,VERA,258,COLMENA,181,True,,,,,
AR-21-022-259,AR-21-022,AR-21,21,Santa Fe,22,VERA,259,INTIYACO,1115,True,,,,,
AR-21-022-260,AR-21-022,AR-21,21,Santa Fe,22,VERA,260,TARTAGAL,1735,True,,,,,
AR-21-022-261,AR-21-022,AR-21,21,Santa Fe,22,VERA,261,GOLONDRINA,346,True,,,,,
AR-21-022-262,AR-21-022,AR-21,21,Santa Fe,22,VERA,262,CANADA OMBU,522,True,,,,,
AR-21-022-263,AR-21-022,AR-21,21,Santa Fe,22,VERA,263,LOS AMORES,959,True,,,,,
AR-21-022-264,AR-21-022,AR-21,21,Santa Fe,22,VERA,264,SANTA LUCIA,389,True,,,,,
AR-21-022-267,AR-21-022,AR-21,21,Santa Fe,22,VERA,267,CARAGUATAY,57,True,,,,,
AR-21-022-268,AR-21-022,AR-21,21,Santa Fe,22,VERA,268,FORTIN OLMOS,2295,True,,,,,
AR-21-022-268A,AR-21-022,AR-21,21,Santa Fe,22,VERA,268A,POZO DE LOS INDIOS,457,True,,,,,
AR-21-022-268B,AR-21-022,AR-21,21,Santa Fe,22,VERA,268B,PARAJE 29,173,True,,,,,
AR-21-022-269,AR-21-022,AR-21,21,Santa Fe,22,VERA,269,LOS TABANOS,244,True,,,,,
AR-21-022-270,AR-21-022,AR-21,21,Santa Fe,22,VERA,270,SANTA FELICIA,61,True,,,,,
AR-21-022-271,AR-21-022,AR-21,21,Santa Fe,22,VERA,271,KILOMETRO 302,32,True,,,,,
AR-22-001-1,AR-22-001,AR-22,22,Santiago del Estero,1,CAPITAL,1,NORTE,3191,True,True,00001,Capital,3227,False
AR-22-001-10,AR-22-001,AR-22,22,Santiago del Estero,1,CAPITAL,10,DEAN,2441,True,True,00010,Capital,2994,False
AR-22-001-11,AR-22-001,AR-22,22,Santiago del Estero,1,CAPITAL,11,REMES,1036,True,True,00011,Capital,1171,False
AR-22-001-12,AR-22-001,AR-22,22,Santiago del Estero,1,CAPITAL,12,SOL DE MAYO,1617,True,True,00012,Capital,1775,False
AR-22-001-13,AR-22-001,AR-22,22,Santiago del Estero,1,CAPITAL,13,SAN BENITO,551,True,True,00013,Capital,604,False
AR-22-001-14,AR-22-001,AR-22,22,Santiago del Estero,1,CAPITAL,14,SANTA MARIA,1212,True,True,00014,Capital,1312,False
AR-22-001-15,AR-22-001,AR-22,22,Santiago del Estero,1,CAPITAL,15,VUELTA DE LA BARRANCA,1036,True,True,00015,Capital,1189,False
AR-22-001-16,AR-22-001,AR-22,22,Santiago del Estero,1,CAPITAL,16,SAN PEDRO,1006,True,True,00016,Capital,1251,False
AR-22-001-17,AR-22-001,AR-22,22,Santiago del Estero,1,CAPITAL,17,ZANJON,2978,True,True,00017,Capital,3704,False
AR-22-001-18,AR-22-001,AR-22,22,Santiago del Estero,1,CAPITAL,18,MACO,1030,True,True,00018,Capital,1222,False
AR-22-001-2,AR-22-001,AR-22,22,Santiago del Estero,1,CAPITAL,2,OESTE,4160,True,True,00002,Capital,4120,False
AR-22-001-2A,AR-22-001,AR-22,22,Santiago del Estero,1,CAPITAL,2A,BARRIO LIBERTAD,12407,True,True,0002A,Capital,12901,False
AR-22-001-3,AR-22-001,AR-22,22,Santiago del Estero,1,CAPITAL,3,TRIBUNALES,8167,True,True,00003,Capital,8120,False
AR-22-001-3A,AR-22-001,AR-22,22,Santiago del Estero,1,CAPITAL,3A,BARRIO CENTENARIO,6880,True,True,0003A,Capital,6931,False
AR-22-001-4,AR-22-001,AR-22,22,Santiago del Estero,1,CAPITAL,4,GENERAL PAZ,16311,True,True,00004,Capital,19755,False
AR-22-001-4A,AR-22-001,AR-22,22,Santiago del Estero,1,CAPITAL,4A,BORGES,13720,True,True,0004A,Capital,16012,False
AR-22-001-4B,AR-22-001,AR-22,22,Santiago del Estero,1,CAPITAL,4B,TARAPAYA,10334,True,True,0004B,Capital,10697,False
AR-22-001-5,AR-22-001,AR-22,22,Santiago del Estero,1,CAPITAL,5,ESTE,4519,True,True,00005,Capital,4593,False
AR-22-001-6,AR-22-001,AR-22,22,Santiago del Estero,1,CAPITAL,6,SUD,9495,True,True,00006,Capital,9817,False
AR-22-001-7,AR-22-001,AR-22,22,Santiago del Estero,1,CAPITAL,7,BELGRANO,13105,True,True,00007,Capital,11960,False
AR-22-001-7A,AR-22-001,AR-22,22,Santiago del Estero,1,CAPITAL,7A,INDEPENDENCIA,10420,True,True,0007A,Capital,10936,False
AR-22-001-7B,AR-22-001,AR-22,22,Santiago del Estero,1,CAPITAL,7B,CHUMILLO,35559,True,True,0007B,Capital,37660,False
AR-22-001-7C,AR-22-001,AR-22,22,Santiago del Estero,1,CAPITAL,7C,CAMPO CONTRERAS,34678,True,True,0007C,Capital,41168,False
AR-22-001-8,AR-22-001,AR-22,22,Santiago del Estero,1,CAPITAL,8,SAN MARTIN,7936,True,True,00008,Capital,7883,False
AR-22-001-8A,AR-22-001,AR-22,22,Santiago del Estero,1,CAPITAL,8A,VILLA DEL CARMEN,8855,True,True,0008A,Capital,11965,False
AR-22-001-8B,AR-22-001,AR-22,22,Santiago del Estero,1,CAPITAL,8B,VINALAR,15942,True,True,0008B,Capital,18229,False
AR-22-001-9,AR-22-001,AR-22,22,Santiago del Estero,1,CAPITAL,9,LOS FLORES,4966,True,True,00009,Capital,6124,False
AR-22-002-19,AR-22-002,AR-22,22,Santiago del Estero,2,AVELLANEDA,19,PUNTA POZO,632,True,True,00019,Avellaneda,696,False
AR-22-002-20,AR-22-002,AR-22,22,Santiago del Estero,2,AVELLANEDA,20,COLONIA DORA,5147,True,True,00020,Avellaneda,5853,False
AR-22-002-21,AR-22-002,AR-22,22,Santiago del Estero,2,AVELLANEDA,21,HERRERA,2539,True,True,00021,Avellaneda,2935,False
AR-22-002-22,AR-22-002,AR-22,22,Santiago del Estero,2,AVELLANEDA,22,COPO,651,True,True,00022,Avellaneda,586,False
AR-22-002-23,AR-22-002,AR-22,22,Santiago del Estero,2,AVELLANEDA,23,ICAÑO,3234,True,True,00023,Avellaneda,3338,False
AR-22-002-24,AR-22-002,AR-22,22,Santiago del Estero,2,AVELLANEDA,24,LUGONES,1619,True,True,00024,Avellaneda,1730,False
AR-22-002-25,AR-22-002,AR-22,22,Santiago del Estero,2,AVELLANEDA,25,PERCAS,160,True,True,00025,Avellaneda,160,False
AR-22-002-26,AR-22-002,AR-22,22,Santiago del Estero,2,AVELLANEDA,26,MAILIN,1360,True,True,00026,Avellaneda,1735,False
AR-22-002-27,AR-22-002,AR-22,22,Santiago del Estero,2,AVELLANEDA,27,REAL SAYANA,2338,True,True,00027,Avellaneda,2715,False
AR-22-003-28,AR-22-003,AR-22,22,Santiago del Estero,3,AGUIRRE,28,CASARES,508,True,True,00028,Aguirre,512,False
AR-22-003-29,AR-22-003,AR-22,22,Santiago del Estero,3,AGUIRRE,29,MALBRAN,1107,True,True,00029,Aguirre,1132,False
AR-22-003-30,AR-22-003,AR-22,22,Santiago del Estero,3,AGUIRRE,30,ARGENTINA,191,True,True,00030,Aguirre,171,False
AR-22-003-31,AR-22-003,AR-22,22,Santiago del Estero,3,AGUIRRE,31,PINTO,5100,True,True,00031,Aguirre,5653,False
AR-22-004-32,AR-22-004,AR-22,22,Santiago del Estero,4,ALBERDI,32,HUACHANA,1098,True,True,00032,Alberdi,1332,False
AR-22-004-33,AR-22-004,AR-22,22,Santiago del Estero,4,ALBERDI,33,ESTEROS,1185,True,True,00033,Alberdi,1209,False
AR-22-004-33A,AR-22-004,AR-22,22,Santiago del Estero,4,ALBERDI,33A,POZO LIMPIO,156,True,True,0033A,Alberdi,169,False
AR-22-004-34,AR-22-004,AR-22,22,Santiago del Estero,4,ALBERDI,34,CAMPO GALLO,7129,True,True,00034,Alberdi,7889,False
AR-22-004-35,AR-22-004,AR-22,22,Santiago del Estero,4,ALBERDI,35,DONADEU,690,True,True,00035,Alberdi,784,False
AR-22-004-36,AR-22-004,AR-22,22,Santiago del Estero,4,ALBERDI,36,SACHAYOJ,2738,True,True,00036,Alberdi,3082,False
AR-22-005-37,AR-22-005,AR-22,22,Santiago del Estero,5,ATAMISQUI,37,VILLA ATAMISQUI,4418,True,True,00037,Atamisqui,5077,False
AR-22-005-38,AR-22-005,AR-22,22,Santiago del Estero,5,ATAMISQUI,38,ESTACION ATAMISQUI,1151,True,True,00038,Atamisqui,1238,False
AR-22-005-39,AR-22-005,AR-22,22,Santiago del Estero,5,ATAMISQUI,39,JUANILLO,715,True,True,00039,Atamisqui,827,False
AR-22-005-40,AR-22-005,AR-22,22,Santiago del Estero,5,ATAMISQUI,40,HOYON,684,True,True,00040,Atamisqui,739,False
AR-22-005-40A,AR-22-005,AR-22,22,Santiago del Estero,5,ATAMISQUI,40A,GUANACO SOMBREANA,193,True,True,0040A,Atamisqui,199,False
AR-22-005-41,AR-22-005,AR-22,22,Santiago del Estero,5,ATAMISQUI,41,CHILCAS,189,True,True,00041,Atamisqui,226,False
AR-22-005-42,AR-22-005,AR-22,22,Santiago del Estero,5,ATAMISQUI,42,MEDELLIN,2388,True,True,00042,Atamisqui,2457,False
AR-22-006-43,AR-22-006,AR-22,22,Santiago del Estero,6,BANDA,43,OESTE,23416,True,True,00043,Banda,24465,False
AR-22-006-44,AR-22-006,AR-22,22,Santiago del Estero,6,BANDA,44,ESTE,35348,True,True,00044,Banda,40169,False
AR-22-006-45,AR-22-006,AR-22,22,Santiago del Estero,6,BANDA,45,EL POLEAR,1949,True,True,00045,Banda,2315,False
AR-22-006-46,AR-22-006,AR-22,22,Santiago del Estero,6,BANDA,46,EL ALAMBRADO,336,True,True,00046,Banda,407,False
AR-22-006-47,AR-22-006,AR-22,22,Santiago del Estero,6,BANDA,47,LA DARSENA,1492,True,True,00047,Banda,1706,False
AR-22-006-48,AR-22-006,AR-22,22,Santiago del Estero,6,BANDA,48,LA ISLA,29207,True,True,00048,Banda,33047,False
AR-22-006-49,AR-22-006,AR-22,22,Santiago del Estero,6,BANDA,49,LA AURORA,1526,True,True,00049,Banda,1539,False
AR-22-006-49A,AR-22-006,AR-22,22,Santiago del Estero,6,BANDA,49A,AHI VEREMOS,100,True,True,0049A,Banda,115,False
AR-22-006-50,AR-22-006,AR-22,22,Santiago del Estero,6,BANDA,50,ANTAJE,723,True,True,00050,Banda,906,False
AR-22-006-51,AR-22-006,AR-22,22,Santiago del Estero,6,BANDA,51,EL AIBE,842,True,True,00051,Banda,894,False
AR-22-006-52,AR-22-006,AR-22,22,Santiago del Estero,6,BANDA,52,CLODOMIRA,10649,True,True,00052,Banda,11778,False
AR-22-006-53,AR-22-006,AR-22,22,Santiago del Estero,6,BANDA,53,BAJO GRANDE,867,True,True,00053,Banda,835,False
AR-22-006-53A,AR-22-006,AR-22,22,Santiago del Estero,6,BANDA,53A,EL FAVORITO,235,True,True,0053A,Banda,232,False
AR-22-006-54,AR-22-006,AR-22,22,Santiago del Estero,6,BANDA,54,NEGRA MUERTA,682,True,True,00054,Banda,781,False
AR-22-006-55,AR-22-006,AR-22,22,Santiago del Estero,6,BANDA,55,CHAUPI POZO,1250,True,True,00055,Banda,1471,False
AR-22-006-56,AR-22-006,AR-22,22,Santiago del Estero,6,BANDA,56,ARDILES,824,True,True,00056,Banda,941,False
AR-22-006-57,AR-22-006,AR-22,22,Santiago del Estero,6,BANDA,57,ABRA GRANDE,528,True,True,00057,Banda,566,False
AR-22-006-58,AR-22-006,AR-22,22,Santiago del Estero,6,BANDA,58,SIMBOLAR,3247,True,True,00058,Banda,3745,False
AR-22-006-59,AR-22-006,AR-22,22,Santiago del Estero,6,BANDA,59,NUEVO LIBANO,474,True,True,00059,Banda,485,False
AR-22-006-60,AR-22-006,AR-22,22,Santiago del Estero,6,BANDA,60,CUYOJ,395,True,True,00060,Banda,417,False
AR-22-006-61,AR-22-006,AR-22,22,Santiago del Estero,6,BANDA,61,TRAMO 26,449,True,True,00061,Banda,462,False
AR-22-006-62,AR-22-006,AR-22,22,Santiago del Estero,6,BANDA,62,SURI POZO,378,True,True,00062,Banda,406,False
AR-22-006-63,AR-22-006,AR-22,22,Santiago del Estero,6,BANDA,63,TRAMO 20,952,True,True,00063,Banda,1109,False
AR-22-006-64,AR-22-006,AR-22,22,Santiago del Estero,6,BANDA,64,CAÑADA ESCOBAR,1155,True,True,00064,Banda,1384,False
AR-22-006-65,AR-22-006,AR-22,22,Santiago del Estero,6,BANDA,65,ACOSTA,846,True,True,00065,Banda,963,False
AR-22-006-66,AR-22-006,AR-22,22,Santiago del Estero,6,BANDA,66,LOS QUIROGA,2240,True,True,00066,Banda,2498,False
AR-22-007-67,AR-22-007,AR-22,22,Santiago del Estero,7,BELGRANO,67,BANDERA,6027,True,True,00067,Belgrano,6693,False
AR-22-007-67A,AR-22-007,AR-22,22,Santiago del Estero,7,BELGRANO,67A,CUATRO BOCAS,220,True,True,0067A,Belgrano,218,False
AR-22-007-68,AR-22-007,AR-22,22,Santiago del Estero,7,BELGRANO,68,FORTIN INCA,500,True,True,00068,Belgrano,429,False
AR-22-007-69,AR-22-007,AR-22,22,Santiago del Estero,7,BELGRANO,69,GUARDIA ESCOLTA,800,True,True,00069,Belgrano,837,False
AR-22-008-70,AR-22-008,AR-22,22,Santiago del Estero,8,COPO,70,VILLA MATOQUE,1033,True,True,00070,Copo,1213,False
AR-22-008-70A,AR-22-008,AR-22,22,Santiago del Estero,8,COPO,70A,AHI VEREMOS,322,True,True,0070A,Copo,468,False
AR-22-008-71,AR-22-008,AR-22,22,Santiago del Estero,8,COPO,71,MONTE QUEMADO,12790,True,True,00071,Copo,14834,False
AR-22-008-72,AR-22-008,AR-22,22,Santiago del Estero,8,COPO,72,PAMPA DE LOS GUANACOS,4260,True,True,00072,Copo,5177,False
AR-22-008-72A,AR-22-008,AR-22,22,Santiago del Estero,8,COPO,72A,LOS PIRPINTOS,1402,True,True,0072A,Copo,1597,False
AR-22-008-72B,AR-22-008,AR-22,22,Santiago del Estero,8,COPO,72B,EL CABURE,815,True,True,0072B,Copo,1025,False
AR-22-008-73,AR-22-008,AR-22,22,Santiago del Estero,8,COPO,73,SAN JOSE DEL BOQUERON,1647,True,True,00073,Copo,1950,False
AR-22-009-74,AR-22-009,AR-22,22,Santiago del Estero,9,CHOYA,74,VILLA LA PUNTA,1243,True,True,00074,Choya,1521,False
AR-22-009-75,AR-22-009,AR-22,22,Santiago del Estero,9,CHOYA,75,SINCHI CAÑA,143,True,True,00075,Choya,140,False
AR-22-009-76,AR-22-009,AR-22,22,Santiago del Estero,9,CHOYA,76,SOL DE MAYO,388,True,True,00076,Choya,327,False
AR-22-009-77,AR-22-009,AR-22,22,Santiago del Estero,9,CHOYA,77,FRIAS,24369,True,True,00077,Choya,25849,False
AR-22-009-78,AR-22-009,AR-22,22,Santiago del Estero,9,CHOYA,78,LAPRIDA,1485,True,True,00078,Choya,1701,False
AR-22-009-79,AR-22-009,AR-22,22,Santiago del Estero,9,CHOYA,79,SHISHI POZO,206,True,True,00079,Choya,185,False
AR-22-009-80,AR-22-009,AR-22,22,Santiago del Estero,9,CHOYA,80,EL 55,17,True,True,00080,Choya,17,False
AR-22-009-81,AR-22-009,AR-22,22,Santiago del Estero,9,CHOYA,81,VILLA RIVADAVIA,1438,True,True,00081,Choya,1551,False
AR-22-009-82,AR-22-009,AR-22,22,Santiago del Estero,9,CHOYA,82,LAS PEÑAS,86,True,True,00082,Choya,83,False
AR-22-009-83,AR-22-009,AR-22,22,Santiago del Estero,9,CHOYA,83,ANCAJAN,143,True,True,00083,Choya,145,False
AR-22-009-84,AR-22-009,AR-22,22,Santiago del Estero,9,CHOYA,84,CERRO RICO,66,True,True,00084,Choya,53,False
AR-22-009-85,AR-22-009,AR-22,22,Santiago del Estero,9,CHOYA,85,EL MOJONCITO,131,True,True,00085,Choya,131,False
AR-22-009-86,AR-22-009,AR-22,22,Santiago del Estero,9,CHOYA,86,TAPSO,494,True,True,00086,Choya,521,False
AR-22-010-87,AR-22-010,AR-22,22,Santiago del Estero,10,FIGUEROA,87,LA CAÑADA,1856,True,True,00087,Figueroa,2146,False
AR-22-010-88,AR-22-010,AR-22,22,Santiago del Estero,10,FIGUEROA,88,LA BREA,617,True,True,00088,Figueroa,648,False
AR-22-010-89,AR-22-010,AR-22,22,Santiago del Estero,10,FIGUEROA,89,VILLA FIGUEROA,651,True,True,00089,Figueroa,715,False
AR-22-010-89A,AR-22-010,AR-22,22,Santiago del Estero,10,FIGUEROA,89A,COLONIA SAN JUAN,1231,True,True,0089A,Figueroa,1386,False
AR-22-010-90,AR-22-010,AR-22,22,Santiago del Estero,10,FIGUEROA,90,LA GUARDIA,667,True,True,00090,Figueroa,588,False
AR-22-010-91,AR-22-010,AR-22,22,Santiago del Estero,10,FIGUEROA,91,MONTE REDONDO,1046,True,True,00091,Figueroa,886,False
AR-22-010-92,AR-22-010,AR-22,22,Santiago del Estero,10,FIGUEROA,92,BANDERA BAJADA,2703,True,True,00092,Figueroa,3366,False
AR-22-010-93,AR-22-010,AR-22,22,Santiago del Estero,10,FIGUEROA,93,SAN ANTONIO,1437,True,True,00093,Figueroa,1550,False
AR-22-010-94,AR-22-010,AR-22,22,Santiago del Estero,10,FIGUEROA,94,LA INVERNADA,1665,True,True,00094,Figueroa,1656,False
AR-22-010-94A,AR-22-010,AR-22,22,Santiago del Estero,10,FIGUEROA,94A,LA INVERNADA NORTE,425,True,True,0094A,Figueroa,1181,False
AR-22-010-95,AR-22-010,AR-22,22,Santiago del Estero,10,FIGUEROA,95,VACA HUAÑUNA,1208,True,True,00095,Figueroa,1267,False
AR-22-011-100,AR-22-011,AR-22,22,Santiago del Estero,11,GUASAYAN,100,SAN PEDRO,2445,True,True,00100,Guasayán,2666,False
AR-22-011-101,AR-22-011,AR-22,22,Santiago del Estero,11,GUASAYAN,101,GUAMPACHA,750,True,True,00101,Guasayán,838,False
AR-22-011-102,AR-22-011,AR-22,22,Santiago del Estero,11,GUASAYAN,102,SANTA CATALINA,624,True,True,00102,Guasayán,839,False
AR-22-011-96,AR-22-011,AR-22,22,Santiago del Estero,11,GUASAYAN,96,VILLA GUASAYAN,621,True,True,00096,Guasayán,708,False
AR-22-011-97,AR-22-011,AR-22,22,Santiago del Estero,11,GUASAYAN,97,DOÑA LUISA,447,True,True,00097,Guasayán,523,False
AR-22-011-98,AR-22-011,AR-22,22,Santiago del Estero,11,GUASAYAN,98,LAVALLE,1598,True,True,00098,Guasayán,1748,False
AR-22-011-99,AR-22-011,AR-22,22,Santiago del Estero,11,GUASAYAN,99,EL VIZCACHERAL,415,True,True,00099,Guasayán,376,False
AR-22-012-103,AR-22-012,AR-22,22,Santiago del Estero,12,JIMENEZ,103,GRAMILLA,1392,True,True,00103,Jiménez,1411,False
AR-22-012-104,AR-22-012,AR-22,22,Santiago del Estero,12,JIMENEZ,104,TRES CRUCES,1530,True,True,00104,Jiménez,1355,False
AR-22-012-105,AR-22-012,AR-22,22,Santiago del Estero,12,JIMENEZ,105,EL CHARCO,954,True,True,00105,Jiménez,1194,False
AR-22-012-105A,AR-22-012,AR-22,22,Santiago del Estero,12,JIMENEZ,105A,EL BAGUAL,165,True,True,0105A,Jiménez,180,False
AR-22-012-106,AR-22-012,AR-22,22,Santiago del Estero,12,JIMENEZ,106,POZO HONDO,3672,True,True,00106,Jiménez,3997,False
AR-22-012-107,AR-22-012,AR-22,22,Santiago del Estero,12,JIMENEZ,107,EL BOBADAL,2223,True,True,00107,Jiménez,2437,False
AR-22-012-107A,AR-22-012,AR-22,22,Santiago del Estero,12,JIMENEZ,107A,LA COSTOSA,132,True,True,0107A,Jiménez,124,False
AR-22-012-107B,AR-22-012,AR-22,22,Santiago del Estero,12,JIMENEZ,107B,SAN FELIX,166,True,True,0107B,Jiménez,160,False
AR-22-012-108,AR-22-012,AR-22,22,Santiago del Estero,12,JIMENEZ,108,EL ARENAL,1127,True,True,00108,Jiménez,1145,False
AR-22-012-109,AR-22-012,AR-22,22,Santiago del Estero,12,JIMENEZ,109,CHILE,263,True,True,00109,Jiménez,299,False
AR-22-013-110,AR-22-013,AR-22,22,Santiago del Estero,13,LORETO,110,VILLA SAN MARTIN,12276,True,True,00110,Loreto,13805,False
AR-22-013-110A,AR-22-013,AR-22,22,Santiago del Estero,13,LORETO,110A,KM 88,259,True,True,0110A,Loreto,226,False
AR-22-013-111,AR-22-013,AR-22,22,Santiago del Estero,13,LORETO,111,VILLA NUEVA,426,True,True,00111,Loreto,480,False
AR-22-013-112,AR-22-013,AR-22,22,Santiago del Estero,13,LORETO,112,VILLA VIEJA,304,True,True,00112,Loreto,306,False
AR-22-013-113,AR-22-013,AR-22,22,Santiago del Estero,13,LORETO,113,SAN VICENTE,869,True,True,00113,Loreto,1158,False
AR-22-013-114,AR-22-013,AR-22,22,Santiago del Estero,13,LORETO,114,PUESTO DE JUANES,308,True,True,00114,Loreto,222,False
AR-22-013-115,AR-22-013,AR-22,22,Santiago del Estero,13,LORETO,115,SAN GREGORIO,253,True,True,00115,Loreto,240,False
AR-22-013-116,AR-22-013,AR-22,22,Santiago del Estero,13,LORETO,116,LA NORIA,815,True,True,00116,Loreto,966,False
AR-22-013-117,AR-22-013,AR-22,22,Santiago del Estero,13,LORETO,117,CAÑADA RICA,219,True,True,00117,Loreto,152,False
AR-22-013-117A,AR-22-013,AR-22,22,Santiago del Estero,13,LORETO,117A,SAUCE SOLO,503,True,True,0117A,Loreto,592,False
AR-22-013-118,AR-22-013,AR-22,22,Santiago del Estero,13,LORETO,118,BELTRAN,432,True,True,00118,Loreto,370,False
AR-22-013-119,AR-22-013,AR-22,22,Santiago del Estero,13,LORETO,119,JUMI POZO,256,True,True,00119,Loreto,227,False
AR-22-013-120,AR-22-013,AR-22,22,Santiago del Estero,13,LORETO,120,TIO POZO,433,True,True,00120,Loreto,506,False
AR-22-014-121,AR-22-014,AR-22,22,Santiago del Estero,14,MATARA,121,SUNCHO CORRAL,6975,True,True,00121,Juan F. Ibarra,7775,False
AR-22-014-122,AR-22-014,AR-22,22,Santiago del Estero,14,MATARA,122,SAN ANTONIO,281,True,True,00122,Juan F. Ibarra,366,False
AR-22-014-123,AR-22-014,AR-22,22,Santiago del Estero,14,MATARA,123,MATARA,1329,True,True,00123,Juan F. Ibarra,1516,False
AR-22-014-124,AR-22-014,AR-22,22,Santiago del Estero,14,MATARA,124,VILELAS,1552,True,True,00124,Juan F. Ibarra,1760,False
AR-22-014-125,AR-22-014,AR-22,22,Santiago del Estero,14,MATARA,125,MELERO,376,True,True,00125,Juan F. Ibarra,495,False
AR-22-014-125A,AR-22-014,AR-22,22,Santiago del Estero,14,MATARA,125A,LLAJTA MAUCA,137,True,True,0125A,Juan F. Ibarra,110,False
AR-22-014-126,AR-22-014,AR-22,22,Santiago del Estero,14,MATARA,126,POZO DEL TOBA,612,True,True,00126,Juan F. Ibarra,701,False
AR-22-014-126A,AR-22-014,AR-22,22,Santiago del Estero,14,MATARA,126A,EL CUADRADO,1023,True,True,0126A,Juan F. Ibarra,1016,False
AR-22-014-126B,AR-22-014,AR-22,22,Santiago del Estero,14,MATARA,126B,EL COLORADO,671,True,True,0126B,Juan F. Ibarra,820,False
AR-22-015-127,AR-22-015,AR-22,22,Santiago del Estero,15,MITRE,127,VILLA UNION,931,True,True,00127,Mitre,923,False
AR-22-015-128,AR-22-015,AR-22,22,Santiago del Estero,15,MITRE,128,ABRAS,49,True,True,00128,Mitre,43,False
AR-22-015-129,AR-22-015,AR-22,22,Santiago del Estero,15,MITRE,129,LIMACHE,31,True,True,00129,Mitre,17,False
AR-22-015-130,AR-22-015,AR-22,22,Santiago del Estero,15,MITRE,130,ALBARDON,80,True,True,00130,Mitre,79,False
AR-22-016-131,AR-22-016,AR-22,22,Santiago del Estero,16,MORENO,131,ROVERSI,131,True,True,00131,Moreno,137,False
AR-22-016-132,AR-22-016,AR-22,22,Santiago del Estero,16,MORENO,132,GIRARDET,43,True,True,00132,Moreno,51,False
AR-22-016-133,AR-22-016,AR-22,22,Santiago del Estero,16,MORENO,133,CAMPO DEL CIELO,50,True,True,00133,Moreno,43,False
AR-22-016-134,AR-22-016,AR-22,22,Santiago del Estero,16,MORENO,134,STAYLE,154,True,True,00134,Moreno,178,False
AR-22-016-135,AR-22-016,AR-22,22,Santiago del Estero,16,MORENO,135,YUCHAN,475,True,True,00135,Moreno,594,False
AR-22-016-136,AR-22-016,AR-22,22,Santiago del Estero,16,MORENO,136,WEISBURD,1441,True,True,00136,Moreno,1647,False
AR-22-016-137,AR-22-016,AR-22,22,Santiago del Estero,16,MORENO,137,AEROLITO,218,True,True,00137,Moreno,213,False
AR-22-016-138,AR-22-016,AR-22,22,Santiago del Estero,16,MORENO,138,ALHUAMPA,316,True,True,00138,Moreno,324,False
AR-22-016-139,AR-22-016,AR-22,22,Santiago del Estero,16,MORENO,139,TINTINA,4810,True,True,00139,Moreno,5504,False
AR-22-016-139A,AR-22-016,AR-22,22,Santiago del Estero,16,MORENO,139A,LILO VIEJO,786,True,True,0139A,Moreno,809,False
AR-22-016-139B,AR-22-016,AR-22,22,Santiago del Estero,16,MORENO,139B,GRANADERO GATICA,339,True,True,0139B,Moreno,396,False
AR-22-016-140,AR-22-016,AR-22,22,Santiago del Estero,16,MORENO,140,QUIMILI,13888,True,True,00140,Moreno,15902,False
AR-22-016-141,AR-22-016,AR-22,22,Santiago del Estero,16,MORENO,141,VILLA BRANA,516,True,True,00141,Moreno,556,False
AR-22-016-142,AR-22-016,AR-22,22,Santiago del Estero,16,MORENO,142,LAS TINAJAS,873,True,True,00142,Moreno,1021,False
AR-22-016-143,AR-22-016,AR-22,22,Santiago del Estero,16,MORENO,143,OTUMPA,499,True,True,00143,Moreno,588,False
AR-22-016-144,AR-22-016,AR-22,22,Santiago del Estero,16,MORENO,144,AMAMA,922,True,True,00144,Moreno,999,False
AR-22-016-144A,AR-22-016,AR-22,22,Santiago del Estero,16,MORENO,144A,LIBERTAD,675,True,True,0144A,Moreno,788,False
AR-22-017-145,AR-22-017,AR-22,22,Santiago del Estero,17,OJO DE AGUA,145,VILLA OJO DE AGUA,8875,True,True,00145,Ojo de Agua,9449,False
AR-22-017-145A,AR-22-017,AR-22,22,Santiago del Estero,17,OJO DE AGUA,145A,LAS CHACRAS,100,True,True,0145A,Ojo de Agua,107,False
AR-22-017-146,AR-22-017,AR-22,22,Santiago del Estero,17,OJO DE AGUA,146,SANTO DOMINGO,328,True,True,00146,Ojo de Agua,313,False
AR-22-017-147,AR-22-017,AR-22,22,Santiago del Estero,17,OJO DE AGUA,147,LA ISLA,109,True,True,00147,Ojo de Agua,103,False
AR-22-017-147A,AR-22-017,AR-22,22,Santiago del Estero,17,OJO DE AGUA,147A,EL 49,384,True,True,0147A,Ojo de Agua,381,False
AR-22-017-148,AR-22-017,AR-22,22,Santiago del Estero,17,OJO DE AGUA,148,CACHI,133,True,True,00148,Ojo de Agua,121,False
AR-22-017-148A,AR-22-017,AR-22,22,Santiago del Estero,17,OJO DE AGUA,148A,AMIMAN,77,True,True,0148A,Ojo de Agua,75,False
AR-22-017-149,AR-22-017,AR-22,22,Santiago del Estero,17,OJO DE AGUA,149,BAEZ,265,True,True,00149,Ojo de Agua,232,False
AR-22-017-150,AR-22-017,AR-22,22,Santiago del Estero,17,OJO DE AGUA,150,SOL DE JULIO,2403,True,True,00150,Ojo de Agua,2508,False
AR-22-018-151,AR-22-018,AR-22,22,Santiago del Estero,18,PELLEGRINI,151,VILLA MERCEDES,343,True,True,00151,Pellegrini,389,False
AR-22-018-152,AR-22-018,AR-22,22,Santiago del Estero,18,PELLEGRINI,152,CAMPO GRANDE,432,True,True,00152,Pellegrini,500,False
AR-22-018-153,AR-22-018,AR-22,22,Santiago del Estero,18,PELLEGRINI,153,LAS DELICIAS,827,True,True,00153,Pellegrini,944,False
AR-22-018-154,AR-22-018,AR-22,22,Santiago del Estero,18,PELLEGRINI,154,NUEVA ESPERANZA,8195,True,True,00154,Pellegrini,9228,False
AR-22-018-154A,AR-22-018,AR-22,22,Santiago del Estero,18,PELLEGRINI,154A,PUESTO NUEVO,269,True,True,0154A,Pellegrini,258,False
AR-22-018-155,AR-22-018,AR-22,22,Santiago del Estero,18,PELLEGRINI,155,EL BALDE,496,True,True,00155,Pellegrini,501,False
AR-22-018-156,AR-22-018,AR-22,22,Santiago del Estero,18,PELLEGRINI,156,QUEBRACHO COTO,630,True,True,00156,Pellegrini,628,False
AR-22-018-157,AR-22-018,AR-22,22,Santiago del Estero,18,PELLEGRINI,157,EL MOJON,2732,True,True,00157,Pellegrini,3225,False
AR-22-018-158,AR-22-018,AR-22,22,Santiago del Estero,18,PELLEGRINI,158,RAPELLI,822,True,True,00158,Pellegrini,856,False
AR-22-018-158A,AR-22-018,AR-22,22,Santiago del Estero,18,PELLEGRINI,158A,POZO BETBEDER,465,True,True,0158A,Pellegrini,514,False
AR-22-018-159,AR-22-018,AR-22,22,Santiago del Estero,18,PELLEGRINI,159,AHI VEREMOS,728,True,True,00159,Pellegrini,830,False
AR-22-018-160,AR-22-018,AR-22,22,Santiago del Estero,18,PELLEGRINI,160,SANTO DOMINGO,1015,True,True,00160,Pellegrini,1070,False
AR-22-019-161,AR-22-019,AR-22,22,Santiago del Estero,19,QUEBRACHOS,161,VILLA QUEBRACHOS,210,True,True,00161,Quebrachos,167,False
AR-22-019-162,AR-22-019,AR-22,22,Santiago del Estero,19,QUEBRACHOS,162,SALINAS,59,True,True,00162,Quebrachos,51,False
AR-22-019-163,AR-22-019,AR-22,22,Santiago del Estero,19,QUEBRACHOS,163,SANTA ANA,128,True,True,00163,Quebrachos,125,False
AR-22-019-164,AR-22-019,AR-22,22,Santiago del Estero,19,QUEBRACHOS,164,CUCHI CORRAL,219,True,True,00164,Quebrachos,171,False
AR-22-019-165,AR-22-019,AR-22,22,Santiago del Estero,19,QUEBRACHOS,165,TACO POZO,278,True,True,00165,Quebrachos,224,False
AR-22-019-166,AR-22-019,AR-22,22,Santiago del Estero,19,QUEBRACHOS,166,SAN FRANCISCO,418,True,True,00166,Quebrachos,355,False
AR-22-019-167,AR-22-019,AR-22,22,Santiago del Estero,19,QUEBRACHOS,167,SUMAMPA,6062,True,True,00167,Quebrachos,6835,False
AR-22-019-168,AR-22-019,AR-22,22,Santiago del Estero,19,QUEBRACHOS,168,RAMA PASO,203,True,True,00168,Quebrachos,189,False
AR-22-019-168A,AR-22-019,AR-22,22,Santiago del Estero,19,QUEBRACHOS,168A,RIO VIEJO,105,True,True,0168A,Quebrachos,100,False
AR-22-019-169,AR-22-019,AR-22,22,Santiago del Estero,19,QUEBRACHOS,169,RAMIREZ DE VELAZCO,360,True,True,00169,Quebrachos,474,False
AR-22-020-170,AR-22-020,AR-22,22,Santiago del Estero,20,RIVADAVIA,170,SELVA,3102,True,True,00170,Rivadavia,3075,False
AR-22-020-171,AR-22-020,AR-22,22,Santiago del Estero,20,RIVADAVIA,171,COLONIA ALPINA,580,True,True,00171,Rivadavia,505,False
AR-22-020-171A,AR-22-020,AR-22,22,Santiago del Estero,20,RIVADAVIA,171A,NUEVA CERES,7,True,True,0171A,Rivadavia,10,False
AR-22-020-172,AR-22-020,AR-22,22,Santiago del Estero,20,RIVADAVIA,172,PALO NEGRO,139,True,True,00172,Rivadavia,168,False
AR-22-020-173,AR-22-020,AR-22,22,Santiago del Estero,20,RIVADAVIA,173,LOS PORONGOS,43,True,True,00173,Rivadavia,39,False
AR-22-021-174,AR-22-021,AR-22,22,Santiago del Estero,21,ROBLES,174,LA FLORIDA,566,True,True,00174,Robles,610,False
AR-22-021-175,AR-22-021,AR-22,22,Santiago del Estero,21,ROBLES,175,ROMANOS,704,True,True,00175,Robles,851,False
AR-22-021-176,AR-22-021,AR-22,22,Santiago del Estero,21,ROBLES,176,VILMER,1820,True,True,00176,Robles,2149,False
AR-22-021-177,AR-22-021,AR-22,22,Santiago del Estero,21,ROBLES,177,BELTRAN,6149,True,True,00177,Robles,6986,False
AR-22-021-178,AR-22-021,AR-22,22,Santiago del Estero,21,ROBLES,178,FORRES,5956,True,True,00178,Robles,6476,False
AR-22-021-179,AR-22-021,AR-22,22,Santiago del Estero,21,ROBLES,179,VILLA HIPOLITA,1549,True,True,00179,Robles,1673,False
AR-22-021-180,AR-22-021,AR-22,22,Santiago del Estero,21,ROBLES,180,FERNANDEZ,14392,True,True,00180,Robles,15975,False
AR-22-021-181,AR-22-021,AR-22,22,Santiago del Estero,21,ROBLES,181,COLONIA EL SIMBOLAR,3426,True,True,00181,Robles,3984,False
AR-22-021-182,AR-22-021,AR-22,22,Santiago del Estero,21,ROBLES,182,VILLA ROBLES,2490,True,True,00182,Robles,2857,False
AR-22-022-183,AR-22-022,AR-22,22,Santiago del Estero,22,RIO HONDO,183,VILLA RIO HONDO,1537,True,True,00183,Río Hondo,1723,False
AR-22-022-183A,AR-22-022,AR-22,22,Santiago del Estero,22,RIO HONDO,183A,POZO DEL ARBOLITO,347,True,True,0183A,Río Hondo,387,False
AR-22-022-184,AR-22-022,AR-22,22,Santiago del Estero,22,RIO HONDO,184,LESCANO,981,True,True,00184,Río Hondo,1179,False
AR-22-022-185,AR-22-022,AR-22,22,Santiago del Estero,22,RIO HONDO,185,AMICHA,1199,True,True,00185,Río Hondo,1251,False
AR-22-022-186,AR-22-022,AR-22,22,Santiago del Estero,22,RIO HONDO,186,EL SAUZAL,562,True,True,00186,Río Hondo,578,False
AR-22-022-187,AR-22-022,AR-22,22,Santiago del Estero,22,RIO HONDO,187,OVEJEROS,425,True,True,00187,Río Hondo,482,False
AR-22-022-187A,AR-22-022,AR-22,22,Santiago del Estero,22,RIO HONDO,187A,CHAÑAR POZO DE ABAJO,547,True,True,0187A,Río Hondo,585,False
AR-22-022-188,AR-22-022,AR-22,22,Santiago del Estero,22,RIO HONDO,188,VILLA JIMENEZ,678,True,True,00188,Río Hondo,690,False
AR-22-022-189,AR-22-022,AR-22,22,Santiago del Estero,22,RIO HONDO,189,LOS NUÑEZ,1358,True,True,00189,Río Hondo,1420,False
AR-22-022-190,AR-22-022,AR-22,22,Santiago del Estero,22,RIO HONDO,190,VINARA,2166,True,True,00190,Río Hondo,2485,False
AR-22-022-190A,AR-22-022,AR-22,22,Santiago del Estero,22,RIO HONDO,190A,LAS CEJAS,125,True,True,0190A,Río Hondo,101,False
AR-22-022-191,AR-22-022,AR-22,22,Santiago del Estero,22,RIO HONDO,191,POZUELOS,1638,True,True,00191,Río Hondo,1739,False
AR-22-022-192,AR-22-022,AR-22,22,Santiago del Estero,22,RIO HONDO,192,SOTELOS,1192,True,True,00192,Río Hondo,1252,False
AR-22-022-193,AR-22-022,AR-22,22,Santiago del Estero,22,RIO HONDO,193,LAS TERMAS,32709,True,True,00193,Río Hondo,35992,False
AR-22-022-193A,AR-22-022,AR-22,22,Santiago del Estero,22,RIO HONDO,193A,COLONIA TINCO,1591,True,True,0193A,Río Hondo,1886,False
AR-22-023-194,AR-22-023,AR-22,22,Santiago del Estero,23,SILIPICA,194,VILLA SILIPICA,865,True,True,00194,Silípica,979,False
AR-22-023-195,AR-22-023,AR-22,22,Santiago del Estero,23,SILIPICA,195,ARRAGA,2543,True,True,00195,Silípica,2917,False
AR-22-023-195A,AR-22-023,AR-22,22,Santiago del Estero,23,SILIPICA,195A,MANOGASTA,1018,True,True,0195A,Silípica,1148,False
AR-22-023-196,AR-22-023,AR-22,22,Santiago del Estero,23,SILIPICA,196,NUEVA FRANCIA,2111,True,True,00196,Silípica,2272,False
AR-22-023-197,AR-22-023,AR-22,22,Santiago del Estero,23,SILIPICA,197,SUMAMAO,547,True,True,00197,Silípica,610,False
AR-22-024-198,AR-22-024,AR-22,22,Santiago del Estero,24,SAN MARTIN,198,TABOADA,1539,True,True,00198,San Martín,1717,False
AR-22-024-199,AR-22-024,AR-22,22,Santiago del Estero,24,SAN MARTIN,199,PERCHIL BAJO,355,True,True,00199,San Martín,372,False
AR-22-024-200,AR-22-024,AR-22,22,Santiago del Estero,24,SAN MARTIN,200,ATOJ POZO,1303,True,True,00200,San Martín,1428,False
AR-22-024-201,AR-22-024,AR-22,22,Santiago del Estero,24,SAN MARTIN,201,REMEDIOS DE ESCALADA,2471,True,True,00201,San Martín,2872,False
AR-22-024-202,AR-22-024,AR-22,22,Santiago del Estero,24,SAN MARTIN,202,DIASPA,162,True,True,00202,San Martín,174,False
AR-22-024-203,AR-22-024,AR-22,22,Santiago del Estero,24,SAN MARTIN,203,SAN JOSE,97,True,True,00203,San Martín,98,False
AR-22-024-204,AR-22-024,AR-22,22,Santiago del Estero,24,SAN MARTIN,204,PUESTITO,333,True,True,00204,San Martín,289,False
AR-22-024-205,AR-22-024,AR-22,22,Santiago del Estero,24,SAN MARTIN,205,ESTACION ROBLES,672,True,True,00205,San Martín,855,False
AR-22-024-206,AR-22-024,AR-22,22,Santiago del Estero,24,SAN MARTIN,206,HIGUERA,241,True,True,00206,San Martín,235,False
AR-22-025-207,AR-22-025,AR-22,22,Santiago del Estero,25,SALAVINA,207,VILLA SALAVINA,1484,True,True,00207,Salavina,1744,False
AR-22-025-208,AR-22-025,AR-22,22,Santiago del Estero,25,SALAVINA,208,VACA HUMAN,321,True,True,00208,Salavina,438,False
AR-22-025-209,AR-22-025,AR-22,22,Santiago del Estero,25,SALAVINA,209,LA PALIZA,433,True,True,00209,Salavina,517,False
AR-22-025-210,AR-22-025,AR-22,22,Santiago del Estero,25,SALAVINA,210,NAVARRO,678,True,True,00210,Salavina,638,False
AR-22-025-211,AR-22-025,AR-22,22,Santiago del Estero,25,SALAVINA,211,LOMA BLANCA,105,True,True,00211,Salavina,99,False
AR-22-025-212,AR-22-025,AR-22,22,Santiago del Estero,25,SALAVINA,212,MALOTA,483,True,True,00212,Salavina,407,False
AR-22-025-213,AR-22-025,AR-22,22,Santiago del Estero,25,SALAVINA,213,LOS TELARES,3406,True,True,00213,Salavina,4291,False
AR-22-025-214,AR-22-025,AR-22,22,Santiago del Estero,25,SALAVINA,214,SABAGASTA,530,True,True,00214,Salavina,584,False
AR-22-025-215,AR-22-025,AR-22,22,Santiago del Estero,25,SALAVINA,215,CHILCA JULIANA,785,True,True,00215,Salavina,923,False
AR-22-025-215A,AR-22-025,AR-22,22,Santiago del Estero,25,SALAVINA,215A,BARRANCA,202,True,True,0215A,Salavina,156,False
AR-22-026-216,AR-22-026,AR-22,22,Santiago del Estero,26,SARMIENTO,216,GUAYPE,128,True,True,00216,Sarmiento,95,False
AR-22-026-217,AR-22-026,AR-22,22,Santiago del Estero,26,SARMIENTO,217,VILLA MATARA,107,True,True,00217,Sarmiento,90,False
AR-22-026-218,AR-22-026,AR-22,22,Santiago del Estero,26,SARMIENTO,218,COLONIA SIEJEL,146,True,True,00218,Sarmiento,156,False
AR-22-026-219,AR-22-026,AR-22,22,Santiago del Estero,26,SARMIENTO,219,GARZA,2734,True,True,00219,Sarmiento,3006,False
AR-22-027-221,AR-22-027,AR-22,22,Santiago del Estero,27,TABOADA,221,LOS JURIES,6498,True,True,00221,General Taboada,7348,False
AR-22-027-222,AR-22-027,AR-22,22,Santiago del Estero,27,TABOADA,222,TOMAS YOUNG,973,True,True,00222,General Taboada,1099,False
AR-22-027-223,AR-22-027,AR-22,22,Santiago del Estero,27,TABOADA,223,LA SIMONA,835,True,True,00223,General Taboada,963,False
AR-22-027-224,AR-22-027,AR-22,22,Santiago del Estero,27,TABOADA,224,AÑATUYA,22538,True,True,00224,General Taboada,24757,False
AR-22-027-224A,AR-22-027,AR-22,22,Santiago del Estero,27,TABOADA,224A,LOS LINARES,206,True,True,0224A,General Taboada,209,False
AR-22-027-225,AR-22-027,AR-22,22,Santiago del Estero,27,TABOADA,225,AVERIAS,608,True,True,00225,General Taboada,664,False
AR-22-027-226,AR-22-027,AR-22,22,Santiago del Estero,27,TABOADA,226,TACAÑITAS,1695,True,True,00226,General Taboada,1872,False
AR-23-001-1,AR-23-001,AR-23,23,Tucumán,1,CAPITAL,1,SAN MIGUEL DE TUCUMAN,6304,True,True,00001,Capital,6018,False
AR-23-001-10,AR-23-001,AR-23,23,Tucumán,1,CAPITAL,10,SAN MIGUEL DE TUCUMAN,11696,True,True,00010,Capital,11641,False
AR-23-001-10A,AR-23-001,AR-23,23,Tucumán,1,CAPITAL,10A,SAN MIGUEL DE TUCUMAN,19964,True,True,0010A,Capital,21287,False
AR-23-001-11,AR-23-001,AR-23,23,Tucumán,1,CAPITAL,11,SAN MIGUEL DE TUCUMAN,2116,True,True,00011,Capital,2034,False
AR-23-001-11A,AR-23-001,AR-23,23,Tucumán,1,CAPITAL,11A,SAN MIGUEL DE TUCUMAN,8823,True,True,0011A,Capital,8985,False
AR-23-001-12,AR-23-001,AR-23,23,Tucumán,1,CAPITAL,12,SAN MIGUEL DE TUCUMAN,11819,True,True,00012,Capital,11376,False
AR-23-001-12A,AR-23-001,AR-23,23,Tucumán,1,CAPITAL,12A,SAN MIGUEL DE TUCUMAN,9114,True,True,0012A,Capital,8925,False
AR-23-001-13,AR-23-001,AR-23,23,Tucumán,1,CAPITAL,13,SAN MIGUEL DE TUCUMAN,11012,True,True,00013,Capital,10881,False
AR-23-001-13A,AR-23-001,AR-23,23,Tucumán,1,CAPITAL,13A,SAN MIGUEL DE TUCUMAN,4483,True,True,0013A,Capital,4431,False
AR-23-001-14,AR-23-001,AR-23,23,Tucumán,1,CAPITAL,14,SAN MIGUEL DE TUCUMAN,19150,True,True,00014,Capital,18929,False
AR-23-001-14A,AR-23-001,AR-23,23,Tucumán,1,CAPITAL,14A,SAN MIGUEL DE TUCUMAN,2720,True,True,0014A,Capital,2871,False
AR-23-001-14B,AR-23-001,AR-23,23,Tucumán,1,CAPITAL,14B,SAN MIGUEL DE TUCUMAN,2944,True,True,0014B,Capital,3538,False
AR-23-001-14C,AR-23-001,AR-23,23,Tucumán,1,CAPITAL,14C,SAN MIGUEL DE TUCUMAN,5837,True,True,0014C,Capital,6427,False
AR-23-001-14D,AR-23-001,AR-23,23,Tucumán,1,CAPITAL,14D,SAN MIGUEL DE TUCUMAN,4395,True,True,0014D,Capital,4715,False
AR-23-001-15,AR-23-001,AR-23,23,Tucumán,1,CAPITAL,15,SAN MIGUEL DE TUCUMAN,13260,True,True,00015,Capital,13625,False
AR-23-001-15A,AR-23-001,AR-23,23,Tucumán,1,CAPITAL,15A,SAN MIGUEL DE TUCUMAN,11760,True,True,0015A,Capital,11653,False
AR-23-001-15B,AR-23-001,AR-23,23,Tucumán,1,CAPITAL,15B,SAN MIGUEL DE TUCUMAN,20939,True,True,0015B,Capital,22320,False
AR-23-001-16,AR-23-001,AR-23,23,Tucumán,1,CAPITAL,16,SAN MIGUEL DE TUCUMAN,14029,True,True,00016,Capital,13653,False
AR-23-001-16A,AR-23-001,AR-23,23,Tucumán,1,CAPITAL,16A,SAN MIGUEL DE TUCUMAN,12290,True,True,0016A,Capital,12504,False
AR-23-001-17,AR-23-001,AR-23,23,Tucumán,1,CAPITAL,17,SAN MIGUEL DE TUCUMAN,16029,True,True,00017,Capital,15784,False
AR-23-001-17A,AR-23-001,AR-23,23,Tucumán,1,CAPITAL,17A,SAN MIGUEL DE TUCUMAN,11550,True,True,0017A,Capital,11915,False
AR-23-001-18,AR-23-001,AR-23,23,Tucumán,1,CAPITAL,18,SAN MIGUEL DE TUCUMAN,16816,True,True,00018,Capital,16717,False
AR-23-001-18A,AR-23-001,AR-23,23,Tucumán,1,CAPITAL,18A,SAN MIGUEL DE TUCUMAN,3668,True,True,0018A,Capital,3877,False
AR-23-001-18B,AR-23-001,AR-23,23,Tucumán,1,CAPITAL,18B,SAN MIGUEL DE TUCUMAN,9348,True,True,0018B,Capital,10137,False
AR-23-001-18C,AR-23-001,AR-23,23,Tucumán,1,CAPITAL,18C,SAN MIGUEL DE TUCUMAN,9650,True,True,0018C,Capital,9951,False
AR-23-001-18D,AR-23-001,AR-23,23,Tucumán,1,CAPITAL,18D,SAN MIGUEL DE TUCUMAN,5660,True,True,0018D,Capital,5550,False
AR-23-001-18E,AR-23-001,AR-23,23,Tucumán,1,CAPITAL,18E,SAN MIGUEL DE TUCUMAN,9955,True,True,0018E,Capital,10206,False
AR-23-001-18F,AR-23-001,AR-23,23,Tucumán,1,CAPITAL,18F,SAN MIGUEL DE TUCUMAN,4129,True,True,0018F,Capital,5472,False
AR-23-001-18G,AR-23-001,AR-23,23,Tucumán,1,CAPITAL,18G,SAN MIGUEL DE TUCUMAN,3996,True,True,0018G,Capital,7299,False
AR-23-001-19,AR-23-001,AR-23,23,Tucumán,1,CAPITAL,19,SAN MIGUEL DE TUCUMAN,14979,True,True,00019,Capital,15168,False
AR-23-001-19A,AR-23-001,AR-23,23,Tucumán,1,CAPITAL,19A,SAN MIGUEL DE TUCUMAN,10306,True,True,0019A,Capital,10794,False
AR-23-001-1A,AR-23-001,AR-23,23,Tucumán,1,CAPITAL,1A,SAN MIGUEL DE TUCUMAN,5275,True,True,0001A,Capital,5251,False
AR-23-001-2,AR-23-001,AR-23,23,Tucumán,1,CAPITAL,2,SAN MIGUEL DE TUCUMAN,3706,True,True,00002,Capital,3665,False
AR-23-001-20,AR-23-001,AR-23,23,Tucumán,1,CAPITAL,20,SAN MIGUEL DE TUCUMAN,24243,True,True,00020,Capital,25205,False
AR-23-001-21,AR-23-001,AR-23,23,Tucumán,1,CAPITAL,21,SAN MIGUEL DE TUCUMAN,18491,True,True,00021,Capital,21784,False
AR-23-001-22,AR-23-001,AR-23,23,Tucumán,1,CAPITAL,22,SAN MIGUEL DE TUCUMAN,6634,True,True,00022,Capital,7731,False
AR-23-001-2A,AR-23-001,AR-23,23,Tucumán,1,CAPITAL,2A,SAN MIGUEL DE TUCUMAN,4241,True,True,0002A,Capital,4211,False
AR-23-001-3,AR-23-001,AR-23,23,Tucumán,1,CAPITAL,3,SAN MIGUEL DE TUCUMAN,6920,True,True,00003,Capital,6991,False
AR-23-001-4,AR-23-001,AR-23,23,Tucumán,1,CAPITAL,4,SAN MIGUEL DE TUCUMAN,6296,True,True,00004,Capital,6320,False
AR-23-001-5,AR-23-001,AR-23,23,Tucumán,1,CAPITAL,5,SAN MIGUEL DE TUCUMAN,10843,True,True,00005,Capital,11000,False
AR-23-001-6,AR-23-001,AR-23,23,Tucumán,1,CAPITAL,6,SAN MIGUEL DE TUCUMAN,4807,True,True,00006,Capital,5075,False
AR-23-001-7,AR-23-001,AR-23,23,Tucumán,1,CAPITAL,7,SAN MIGUEL DE TUCUMAN,4759,True,True,00007,Capital,4679,False
AR-23-001-7A,AR-23-001,AR-23,23,Tucumán,1,CAPITAL,7A,SAN MIGUEL DE TUCUMAN,6271,True,True,0007A,Capital,6088,False
AR-23-001-8,AR-23-001,AR-23,23,Tucumán,1,CAPITAL,8,SAN MIGUEL DE TUCUMAN,4702,True,True,00008,Capital,4433,False
AR-23-001-8A,AR-23-001,AR-23,23,Tucumán,1,CAPITAL,8A,SAN MIGUEL DE TUCUMAN,7519,True,True,0008A,Capital,7357,False
AR-23-001-9,AR-23-001,AR-23,23,Tucumán,1,CAPITAL,9,SAN MIGUEL DE TUCUMAN,11482,True,True,00009,Capital,11287,False
AR-23-001-9A,AR-23-001,AR-23,23,Tucumán,1,CAPITAL,9A,SAN MIGUEL DE TUCUMAN,10567,True,True,0009A,Capital,10533,False
AR-23-002-23,AR-23-002,AR-23,23,Tucumán,2,LULES,23,LOS AGUIRRE,2187,True,True,00023,Lules,2684,False
AR-23-002-24,AR-23-002,AR-23,23,Tucumán,2,LULES,24,EL MANANTIAL,12235,True,True,00024,Lules,13863,False
AR-23-002-25,AR-23-002,AR-23,23,Tucumán,2,LULES,25,SAN PABLO,10301,True,True,00025,Lules,11670,False
AR-23-002-26,AR-23-002,AR-23,23,Tucumán,2,LULES,26,CIUDAD S ISIDRO DE LULES,1187,True,True,00026,Lules,1251,False
AR-23-002-27,AR-23-002,AR-23,23,Tucumán,2,LULES,27,CIUDAD S ISIDRO DE LULES,15927,True,True,00027,Lules,18332,False
AR-23-002-28,AR-23-002,AR-23,23,Tucumán,2,LULES,28,CIUDAD S ISIDRO DE LULES,3223,True,True,00028,Lules,3358,False
AR-23-002-29,AR-23-002,AR-23,23,Tucumán,2,LULES,29,CIUDAD S ISIDRO DE LULES,5824,True,True,00029,Lules,6371,False
AR-23-002-30,AR-23-002,AR-23,23,Tucumán,2,LULES,30,POTRERO DE LAS TABLAS,296,True,True,00030,Lules,301,False
AR-23-003-31,AR-23-003,AR-23,23,Tucumán,3,FAMAILLA,31,CIUDAD DE FAMAILLA,58,True,True,00031,Famaillá,48,False
AR-23-003-32,AR-23-003,AR-23,23,Tucumán,3,FAMAILLA,32,CIUDAD DE FAMAILLA,682,True,True,00032,Famaillá,704,False
AR-23-003-33,AR-23-003,AR-23,23,Tucumán,3,FAMAILLA,33,CIUDAD DE FAMAILLA,745,True,True,00033,Famaillá,782,False
AR-23-003-34,AR-23-003,AR-23,23,Tucumán,3,FAMAILLA,34,CIUDAD DE FAMAILLA,23022,True,True,00034,Famaillá,26127,False
AR-23-003-35,AR-23-003,AR-23,23,Tucumán,3,FAMAILLA,35,CIUDAD DE FAMAILLA,1897,True,True,00035,Famaillá,1967,False
AR-23-003-36,AR-23-003,AR-23,23,Tucumán,3,FAMAILLA,36,CIUDAD DE FAMAILLA,675,True,True,00036,Famaillá,681,False
AR-23-003-37,AR-23-003,AR-23,23,Tucumán,3,FAMAILLA,37,CIUDAD DE FAMAILLA,206,True,True,00037,Famaillá,201,False
AR-23-003-38,AR-23-003,AR-23,23,Tucumán,3,FAMAILLA,38,CIUDAD DE FAMAILLA,348,True,True,00038,Famaillá,360,False
AR-23-003-39,AR-23-003,AR-23,23,Tucumán,3,FAMAILLA,39,CIUDAD DE FAMAILLA,1397,True,True,00039,Famaillá,1346,False
AR-23-003-40,AR-23-003,AR-23,23,Tucumán,3,FAMAILLA,40,CIUDAD DE FAMAILLA,539,True,True,00040,Famaillá,565,False
AR-23-004-41,AR-23-004,AR-23,23,Tucumán,4,MONTEROS,41,CIUDAD DE MONTEROS,21901,True,True,00041,Monteros,24365,False
AR-23-004-42,AR-23-004,AR-23,23,Tucumán,4,MONTEROS,42,SAN JOSE DE FLORES,399,True,True,00042,Monteros,361,False
AR-23-004-43,AR-23-004,AR-23,23,Tucumán,4,MONTEROS,43,ACHERAL,3216,True,True,00043,Monteros,3447,False
AR-23-004-44,AR-23-004,AR-23,23,Tucumán,4,MONTEROS,44,TENIENTE BERDINA,882,True,True,00044,Monteros,936,False
AR-23-004-45,AR-23-004,AR-23,23,Tucumán,4,MONTEROS,45,SANTA LUCIA,4892,True,True,00045,Monteros,5341,False
AR-23-004-46,AR-23-004,AR-23,23,Tucumán,4,MONTEROS,46,LAS MESADAS,90,True,True,00046,Monteros,95,False
AR-23-004-47,AR-23-004,AR-23,23,Tucumán,4,MONTEROS,47,SOLDADO MALDONADO,814,True,True,00047,Monteros,819,False
AR-23-004-48,AR-23-004,AR-23,23,Tucumán,4,MONTEROS,48,CAPITAN CACERES,892,True,True,00048,Monteros,974,False
AR-23-004-49,AR-23-004,AR-23,23,Tucumán,4,MONTEROS,49,LOS SOSA,942,True,True,00049,Monteros,1122,False
AR-23-004-50,AR-23-004,AR-23,23,Tucumán,4,MONTEROS,50,EL CERCADO,1643,True,True,00050,Monteros,1617,False
AR-23-004-51,AR-23-004,AR-23,23,Tucumán,4,MONTEROS,51,SANTA ROSA Y LEON ROUGUES,3914,True,True,00051,Monteros,4159,False
AR-23-004-52,AR-23-004,AR-23,23,Tucumán,4,MONTEROS,52,VILLA QUINTEROS,4887,True,True,00052,Monteros,5424,False
AR-23-004-53,AR-23-004,AR-23,23,Tucumán,4,MONTEROS,53,SARGENTO MOYA,580,True,True,00053,Monteros,603,False
AR-23-004-54,AR-23-004,AR-23,23,Tucumán,4,MONTEROS,54,RIO SECO,4789,True,True,00054,Monteros,5208,False
AR-23-004-55,AR-23-004,AR-23,23,Tucumán,4,MONTEROS,55,ISLA SAN JOSE,341,True,True,00055,Monteros,366,False
AR-23-004-56,AR-23-004,AR-23,23,Tucumán,4,MONTEROS,56,YONOPONGO,987,True,True,00056,Monteros,906,False
AR-23-004-56A,AR-23-004,AR-23,23,Tucumán,4,MONTEROS,56A,LOS COSTILLA,420,True,True,0056A,Monteros,423,False
AR-23-004-57,AR-23-004,AR-23,23,Tucumán,4,MONTEROS,57,HUASA PAMPA,919,True,True,00057,Monteros,898,False
AR-23-004-58,AR-23-004,AR-23,23,Tucumán,4,MONTEROS,58,AMBERES,1103,True,True,00058,Monteros,1133,False
AR-23-005-59,AR-23-005,AR-23,23,Tucumán,5,CHICLIGASTA,59,CIUDAD DE CONCEPCION,670,True,True,00059,Chicligasta,684,False
AR-23-005-60,AR-23-005,AR-23,23,Tucumán,5,CHICLIGASTA,60,CIUDAD DE CONCEPCION,17999,True,True,00060,Chicligasta,18311,False
AR-23-005-60A,AR-23-005,AR-23,23,Tucumán,5,CHICLIGASTA,60A,CIUDAD DE CONCEPCION,10927,True,True,0060A,Chicligasta,11017,False
AR-23-005-60B,AR-23-005,AR-23,23,Tucumán,5,CHICLIGASTA,60B,CIUDAD DE CONCEPCION,7596,True,True,0060B,Chicligasta,8230,False
AR-23-005-61,AR-23-005,AR-23,23,Tucumán,5,CHICLIGASTA,61,CIUDAD DE CONCEPCION,5001,True,True,00061,Chicligasta,5750,False
AR-23-005-61A,AR-23-005,AR-23,23,Tucumán,5,CHICLIGASTA,61A,CIUDAD DE CONCEPCION,1733,True,True,0061A,Chicligasta,2248,False
AR-23-005-62,AR-23-005,AR-23,23,Tucumán,5,CHICLIGASTA,62,ARCADIA,3803,True,True,00062,Chicligasta,4303,False
AR-23-005-63,AR-23-005,AR-23,23,Tucumán,5,CHICLIGASTA,63,COCHA MOLLE,831,True,True,00063,Chicligasta,866,False
AR-23-005-64,AR-23-005,AR-23,23,Tucumán,5,CHICLIGASTA,64,EL MOLINO,1013,True,True,00064,Chicligasta,1150,False
AR-23-005-65,AR-23-005,AR-23,23,Tucumán,5,CHICLIGASTA,65,ALPACHIRI,1907,True,True,00065,Chicligasta,2110,False
AR-23-005-66,AR-23-005,AR-23,23,Tucumán,5,CHICLIGASTA,66,LA CALERA,880,True,True,00066,Chicligasta,870,False
AR-23-005-67,AR-23-005,AR-23,23,Tucumán,5,CHICLIGASTA,67,ALTO VERDE,3587,True,True,00067,Chicligasta,4059,False
AR-23-005-68,AR-23-005,AR-23,23,Tucumán,5,CHICLIGASTA,68,LOS GUCHEA,673,True,True,00068,Chicligasta,724,False
AR-23-005-69,AR-23-005,AR-23,23,Tucumán,5,CHICLIGASTA,69,MEDINAS,2148,True,True,00069,Chicligasta,2366,False
AR-23-005-70,AR-23-005,AR-23,23,Tucumán,5,CHICLIGASTA,70,LA TRINIDAD,4693,True,True,00070,Chicligasta,4869,False
AR-23-005-71,AR-23-005,AR-23,23,Tucumán,5,CHICLIGASTA,71,GASTONA Y BELICHA,2653,True,True,00071,Chicligasta,2977,False
AR-23-006-72,AR-23-006,AR-23,23,Tucumán,6,RIO CHICO,72,CIUDAD DE AGUILARES,27768,True,True,00072,Río Chico,29978,False
AR-23-006-73,AR-23-006,AR-23,23,Tucumán,6,RIO CHICO,73,CIUDAD DE AGUILARES,1649,True,True,00073,Río Chico,1566,False
AR-23-006-74,AR-23-006,AR-23,23,Tucumán,6,RIO CHICO,74,CIUDAD DE AGUILARES,1200,True,True,00074,Río Chico,1248,False
AR-23-006-75,AR-23-006,AR-23,23,Tucumán,6,RIO CHICO,75,LOS SARMIENTO,4448,True,True,00075,Río Chico,4672,False
AR-23-006-76,AR-23-006,AR-23,23,Tucumán,6,RIO CHICO,76,MONTE BELLO,796,True,True,00076,Río Chico,887,False
AR-23-006-77,AR-23-006,AR-23,23,Tucumán,6,RIO CHICO,77,SANTA ANA,9082,True,True,00077,Río Chico,10048,False
AR-23-006-78,AR-23-006,AR-23,23,Tucumán,6,RIO CHICO,78,VILLA CLODOMIRO HILERET,1804,True,True,00078,Río Chico,1783,False
AR-23-006-79,AR-23-006,AR-23,23,Tucumán,6,RIO CHICO,79,LOS CORDOBA,1085,True,True,00079,Río Chico,1170,False
AR-23-007-80,AR-23-007,AR-23,23,Tucumán,7,ALBERDI,80,CIUDAD ALBERDI,20675,True,True,00080,Juan Bautista Alberdi,22243,False
AR-23-007-81,AR-23-007,AR-23,23,Tucumán,7,ALBERDI,81,CIUDAD ALBERDI,700,True,True,00081,Juan Bautista Alberdi,760,False
AR-23-007-82,AR-23-007,AR-23,23,Tucumán,7,ALBERDI,82,VILLA BELGRANO,2513,True,True,00082,Juan Bautista Alberdi,2869,False
AR-23-007-83,AR-23-007,AR-23,23,Tucumán,7,ALBERDI,83,LA CALERA,571,True,True,00083,Juan Bautista Alberdi,746,False
AR-23-007-84,AR-23-007,AR-23,23,Tucumán,7,ALBERDI,84,ESCABA,417,True,True,00084,Juan Bautista Alberdi,575,False
AR-23-008-85,AR-23-008,AR-23,23,Tucumán,8,LA COCHA,85,EL CORRALITO,646,True,True,00085,La Cocha,580,False
AR-23-008-86,AR-23-008,AR-23,23,Tucumán,8,LA COCHA,86,YANIMA,777,True,True,00086,La Cocha,733,False
AR-23-008-87,AR-23-008,AR-23,23,Tucumán,8,LA COCHA,87,EL SACRIFICIO,1122,True,True,00087,La Cocha,1182,False
AR-23-008-88,AR-23-008,AR-23,23,Tucumán,8,LA COCHA,88,LA INVERNADA,1585,True,True,00088,La Cocha,1574,False
AR-23-008-89,AR-23-008,AR-23,23,Tucumán,8,LA COCHA,89,SAN IGNACIO,1174,True,True,00089,La Cocha,1165,False
AR-23-008-90,AR-23-008,AR-23,23,Tucumán,8,LA COCHA,90,HUASA PAMPA NORTE,1425,True,True,00090,La Cocha,1466,False
AR-23-008-91,AR-23-008,AR-23,23,Tucumán,8,LA COCHA,91,CIUDAD DE LA COCHA,7525,True,True,00091,La Cocha,8617,False
AR-23-008-92,AR-23-008,AR-23,23,Tucumán,8,LA COCHA,92,HUASA PAMPA SUD,753,True,True,00092,La Cocha,764,False
AR-23-008-93,AR-23-008,AR-23,23,Tucumán,8,LA COCHA,93,RUMI PUNCO,815,True,True,00093,La Cocha,973,False
AR-23-009-100,AR-23-009,AR-23,23,Tucumán,9,GRANEROS,100,TACO RALO,1834,True,True,00100,Graneros,2304,False
AR-23-009-101,AR-23-009,AR-23,23,Tucumán,9,GRANEROS,101,LA PALOMA,175,True,True,00101,Graneros,179,False
AR-23-009-94,AR-23-009,AR-23,23,Tucumán,9,GRANEROS,94,CIUDAD DE GRANEROS,1516,True,True,00094,Graneros,1580,False
AR-23-009-95,AR-23-009,AR-23,23,Tucumán,9,GRANEROS,95,CIUDAD DE GRANEROS,132,True,True,00095,Graneros,126,False
AR-23-009-96,AR-23-009,AR-23,23,Tucumán,9,GRANEROS,96,LAMADRID,3225,True,True,00096,Graneros,3090,False
AR-23-009-97,AR-23-009,AR-23,23,Tucumán,9,GRANEROS,97,ARBOLES GRANDES,640,True,True,00097,Graneros,563,False
AR-23-009-98,AR-23-009,AR-23,23,Tucumán,9,GRANEROS,98,CIUDAD DE GRANEROS,3549,True,True,00098,Graneros,4390,False
AR-23-009-99,AR-23-009,AR-23,23,Tucumán,9,GRANEROS,99,PUESTO LOS PEREZ,419,True,True,00099,Graneros,375,False
AR-23-010-102,AR-23-010,AR-23,23,Tucumán,10,SIMOCA,102,BALDERRAMA,673,True,True,00102,Simoca,613,False
AR-23-010-103,AR-23-010,AR-23,23,Tucumán,10,SIMOCA,103,YERBA BUENA,667,True,True,00103,Simoca,667,False
AR-23-010-104,AR-23-010,AR-23,23,Tucumán,10,SIMOCA,104,EL JARDIN,270,True,True,00104,Simoca,230,False
AR-23-010-105,AR-23-010,AR-23,23,Tucumán,10,SIMOCA,105,MACIO,434,True,True,00105,Simoca,380,False
AR-23-010-106,AR-23-010,AR-23,23,Tucumán,10,SIMOCA,106,MANUELA PEDRAZA,1067,True,True,00106,Simoca,1053,False
AR-23-010-107,AR-23-010,AR-23,23,Tucumán,10,SIMOCA,107,CIUDAD DE SIMOCA,9063,True,True,00107,Simoca,10655,False
AR-23-010-108,AR-23-010,AR-23,23,Tucumán,10,SIMOCA,108,BUENA VISTA,1698,True,True,00108,Simoca,1680,False
AR-23-010-109,AR-23-010,AR-23,23,Tucumán,10,SIMOCA,109,PAMPA MAYO,1833,True,True,00109,Simoca,1789,False
AR-23-010-110,AR-23-010,AR-23,23,Tucumán,10,SIMOCA,110,LA TUNA,891,True,True,00110,Simoca,873,False
AR-23-010-110A,AR-23-010,AR-23,23,Tucumán,10,SIMOCA,110A,SANTA CRUZ,1025,True,True,0110A,Simoca,1002,False
AR-23-010-111,AR-23-010,AR-23,23,Tucumán,10,SIMOCA,111,PUESTO LOS VALDEZ,1444,True,True,00111,Simoca,1593,False
AR-23-010-112,AR-23-010,AR-23,23,Tucumán,10,SIMOCA,112,LOS SANDOVALES,520,True,True,00112,Simoca,500,False
AR-23-010-113,AR-23-010,AR-23,23,Tucumán,10,SIMOCA,113,ATAHONA,917,True,True,00113,Simoca,1047,False
AR-23-010-114,AR-23-010,AR-23,23,Tucumán,10,SIMOCA,114,VILLA CHICLIGASTA,1857,True,True,00114,Simoca,2043,False
AR-23-010-115,AR-23-010,AR-23,23,Tucumán,10,SIMOCA,115,CIUDACITA,1058,True,True,00115,Simoca,1319,False
AR-23-010-116,AR-23-010,AR-23,23,Tucumán,10,SIMOCA,116,MONTEAGUDO,1678,True,True,00116,Simoca,1783,False
AR-23-010-117,AR-23-010,AR-23,23,Tucumán,10,SIMOCA,117,PALOMINOS,379,True,True,00117,Simoca,394,False
AR-23-010-118,AR-23-010,AR-23,23,Tucumán,10,SIMOCA,118,LOS AMAYA,96,True,True,00118,Simoca,78,False
AR-23-010-119,AR-23-010,AR-23,23,Tucumán,10,SIMOCA,119,LOS AGUDO,767,True,True,00119,Simoca,688,False
AR-23-010-120,AR-23-010,AR-23,23,Tucumán,10,SIMOCA,120,NUEVA TRINIDAD,383,True,True,00120,Simoca,348,False
AR-23-010-121,AR-23-010,AR-23,23,Tucumán,10,SIMOCA,121,LAZARTE SUD,656,True,True,00121,Simoca,597,False
AR-23-011-122,AR-23-011,AR-23,23,Tucumán,11,LEALES,122,MANUEL GARCIA FERNANDEZ,1179,True,True,00122,Leales,1278,False
AR-23-011-123,AR-23-011,AR-23,23,Tucumán,11,LEALES,123,LAS TALAS,598,True,True,00123,Leales,669,False
AR-23-011-124,AR-23-011,AR-23,23,Tucumán,11,LEALES,124,CIUDAD DE BELLA VISTA,15062,True,True,00124,Leales,16655,False
AR-23-011-125,AR-23-011,AR-23,23,Tucumán,11,LEALES,125,RIO COLORADO,2410,True,True,00125,Leales,2475,False
AR-23-011-126,AR-23-011,AR-23,23,Tucumán,11,LEALES,126,ESQUINA,1006,True,True,00126,Leales,978,False
AR-23-011-126A,AR-23-011,AR-23,23,Tucumán,11,LEALES,126A,MANCOPA,1315,True,True,0126A,Leales,1536,False
AR-23-011-127,AR-23-011,AR-23,23,Tucumán,11,LEALES,127,INGENIO LEALES,4184,True,True,00127,Leales,4342,False
AR-23-011-128,AR-23-011,AR-23,23,Tucumán,11,LEALES,128,LOS SUELDOS,1286,True,True,00128,Leales,1601,False
AR-23-011-129,AR-23-011,AR-23,23,Tucumán,11,LEALES,129,STA. ROSA DE LEALES,3158,True,True,00129,Leales,3296,False
AR-23-011-130,AR-23-011,AR-23,23,Tucumán,11,LEALES,130,VILLA DE LEALES,2989,True,True,00130,Leales,3269,False
AR-23-011-131,AR-23-011,AR-23,23,Tucumán,11,LEALES,131,ROMERA POZO,1572,True,True,00131,Leales,1641,False
AR-23-011-132,AR-23-011,AR-23,23,Tucumán,11,LEALES,132,PUMA POZO,415,True,True,00132,Leales,397,False
AR-23-011-133,AR-23-011,AR-23,23,Tucumán,11,LEALES,133,LOS GOMEZ,2078,True,True,00133,Leales,2209,False
AR-23-011-134,AR-23-011,AR-23,23,Tucumán,11,LEALES,134,ORAN,2178,True,True,00134,Leales,2388,False
AR-23-011-135,AR-23-011,AR-23,23,Tucumán,11,LEALES,135,LOS PUESTOS,2094,True,True,00135,Leales,2285,False
AR-23-011-136,AR-23-011,AR-23,23,Tucumán,11,LEALES,136,ESTACION EL GUARDAMONTE,594,True,True,00136,Leales,623,False
AR-23-011-137,AR-23-011,AR-23,23,Tucumán,11,LEALES,137,ESTACION ARAOZ,2194,True,True,00137,Leales,2234,False
AR-23-011-137A,AR-23-011,AR-23,23,Tucumán,11,LEALES,137A,TACANAS,933,True,True,0137A,Leales,1414,False
AR-23-011-138,AR-23-011,AR-23,23,Tucumán,11,LEALES,138,CAÑADA DE VICLOS,919,True,True,00138,Leales,1044,False
AR-23-011-139,AR-23-011,AR-23,23,Tucumán,11,LEALES,139,EL MOJON,839,True,True,00139,Leales,895,False
AR-23-012-140,AR-23-012,AR-23,23,Tucumán,12,CRUZ ALTA,140,CIUDAD DE ALDERETES,778,True,True,00140,Cruz Alta,820,False
AR-23-012-141,AR-23-012,AR-23,23,Tucumán,12,CRUZ ALTA,141,CIUDAD DE ALDERETES,6757,True,True,00141,Cruz Alta,6489,False
AR-23-012-142,AR-23-012,AR-23,23,Tucumán,12,CRUZ ALTA,142,CIUDAD DE ALDERETES,32098,True,True,00142,Cruz Alta,13166,False
AR-23-012-143,AR-23-012,AR-23,23,Tucumán,12,CRUZ ALTA,143,CIUDAD DE BANDA RIO SALI,10057,True,True,00143,Cruz Alta,10779,False
AR-23-012-144,AR-23-012,AR-23,23,Tucumán,12,CRUZ ALTA,144,CIUDAD DE BANDA RIO SALI,13011,True,True,00144,Cruz Alta,13843,False
AR-23-012-145,AR-23-012,AR-23,23,Tucumán,12,CRUZ ALTA,145,CIUDAD DE BANDA RIO SALI,14541,True,True,00145,Cruz Alta,16249,False
AR-23-012-146,AR-23-012,AR-23,23,Tucumán,12,CRUZ ALTA,146,CIUDAD DE BANDA RIO SALI,19498,True,True,00146,Cruz Alta,21633,False
AR-23-012-147,AR-23-012,AR-23,23,Tucumán,12,CRUZ ALTA,147,CIUDAD DE BANDA RIO SALI,196,True,True,00147,Cruz Alta,712,False
AR-23-012-148,AR-23-012,AR-23,23,Tucumán,12,CRUZ ALTA,148,SAN ANDRES,6224,True,True,00148,Cruz Alta,7262,False
AR-23-012-149,AR-23-012,AR-23,23,Tucumán,12,CRUZ ALTA,149,LOS PORCELES,194,True,True,00149,Cruz Alta,220,False
AR-23-012-150,AR-23-012,AR-23,23,Tucumán,12,CRUZ ALTA,150,BAJO GRANDE,1308,True,True,00150,Cruz Alta,1572,False
AR-23-012-151,AR-23-012,AR-23,23,Tucumán,12,CRUZ ALTA,151,LOS VILLAGRA,509,True,True,00151,Cruz Alta,546,False
AR-23-012-152,AR-23-012,AR-23,23,Tucumán,12,CRUZ ALTA,152,EL CEVILAR,1448,True,True,00152,Cruz Alta,1544,False
AR-23-012-153,AR-23-012,AR-23,23,Tucumán,12,CRUZ ALTA,153,LOS BULACIO,986,True,True,00153,Cruz Alta,1181,False
AR-23-012-154,AR-23-012,AR-23,23,Tucumán,12,CRUZ ALTA,154,EL BRACHO,771,True,True,00154,Cruz Alta,861,False
AR-23-012-155,AR-23-012,AR-23,23,Tucumán,12,CRUZ ALTA,155,LUISIANA,698,True,True,00155,Cruz Alta,678,False
AR-23-012-156,AR-23-012,AR-23,23,Tucumán,12,CRUZ ALTA,156,LA FLORIDA,6287,True,True,00156,Cruz Alta,7029,False
AR-23-012-157,AR-23-012,AR-23,23,Tucumán,12,CRUZ ALTA,157,DELFIN GALLO,7415,True,True,00157,Cruz Alta,8347,False
AR-23-012-158,AR-23-012,AR-23,23,Tucumán,12,CRUZ ALTA,158,COLOMBRES,6108,True,True,00158,Cruz Alta,6588,False
AR-23-012-159,AR-23-012,AR-23,23,Tucumán,12,CRUZ ALTA,159,COLONIA 4,791,True,True,00159,Cruz Alta,722,False
AR-23-012-160,AR-23-012,AR-23,23,Tucumán,12,CRUZ ALTA,160,SAN MIGUELITO,1404,True,True,00160,Cruz Alta,1481,False
AR-23-012-161,AR-23-012,AR-23,23,Tucumán,12,CRUZ ALTA,161,RANCHILLOS,7142,True,True,00161,Cruz Alta,8103,False
AR-23-012-162,AR-23-012,AR-23,23,Tucumán,12,CRUZ ALTA,162,ARBOL SOLO,1097,True,True,00162,Cruz Alta,1039,False
AR-23-012-163,AR-23-012,AR-23,23,Tucumán,12,CRUZ ALTA,163,FAVORINA,757,True,True,00163,Cruz Alta,756,False
AR-23-012-164,AR-23-012,AR-23,23,Tucumán,12,CRUZ ALTA,164,EL NARANJITO,1039,True,True,00164,Cruz Alta,1076,False
AR-23-012-165,AR-23-012,AR-23,23,Tucumán,12,CRUZ ALTA,165,LOS PEREZ,334,True,True,00165,Cruz Alta,492,False
AR-23-012-166,AR-23-012,AR-23,23,Tucumán,12,CRUZ ALTA,166,COLONIA MAYO,960,True,True,00166,Cruz Alta,1023,False
AR-23-012-167,AR-23-012,AR-23,23,Tucumán,12,CRUZ ALTA,167,LOS LAPACHITOS,297,True,True,00167,Cruz Alta,323,False
AR-23-012-168,AR-23-012,AR-23,23,Tucumán,12,CRUZ ALTA,168,LOS RALOS,8151,True,True,00168,Cruz Alta,9224,False
AR-23-012-169,AR-23-012,AR-23,23,Tucumán,12,CRUZ ALTA,169,LOLITA NORTE,233,True,True,00169,Cruz Alta,219,False
AR-23-012-170,AR-23-012,AR-23,23,Tucumán,12,CRUZ ALTA,170,LOS PEREYRA,1474,True,True,00170,Cruz Alta,1570,False
AR-23-012-170A,AR-23-012,AR-23,23,Tucumán,12,CRUZ ALTA,170A,BLANCO POZO,136,True,True,0170A,Cruz Alta,134,False
AR-23-012-171,AR-23-012,AR-23,23,Tucumán,12,CRUZ ALTA,171,LAS CEJAS,2431,True,True,00171,Cruz Alta,2681,False
AR-23-013-172,AR-23-013,AR-23,23,Tucumán,13,BURRUYACU,172,RIO NIO,507,True,True,00172,Burruyacú,558,False
AR-23-013-173,AR-23-013,AR-23,23,Tucumán,13,BURRUYACU,173,VILLA PADRE MONTI,372,True,True,00173,Burruyacú,427,False
AR-23-013-174,AR-23-013,AR-23,23,Tucumán,13,BURRUYACU,174,EL SUNCHAL,352,True,True,00174,Burruyacú,363,False
AR-23-013-175,AR-23-013,AR-23,23,Tucumán,13,BURRUYACU,175,EL TIMBO VIEJO,1225,True,True,00175,Burruyacú,1245,False
AR-23-013-176,AR-23-013,AR-23,23,Tucumán,13,BURRUYACU,176,EL TIMBO NUEVO,797,True,True,00176,Burruyacú,794,False
AR-23-013-177,AR-23-013,AR-23,23,Tucumán,13,BURRUYACU,177,EL TIMBO,1537,True,True,00177,Burruyacú,1691,False
AR-23-013-178,AR-23-013,AR-23,23,Tucumán,13,BURRUYACU,178,EL NARANJO,1770,True,True,00178,Burruyacú,2019,False
AR-23-013-179,AR-23-013,AR-23,23,Tucumán,13,BURRUYACU,179,CAÑADA DE ALZOGARAY,310,True,True,00179,Burruyacú,335,False
AR-23-013-180,AR-23-013,AR-23,23,Tucumán,13,BURRUYACU,180,EL CHAÑAR,3677,True,True,00180,Burruyacú,4369,False
AR-23-013-181,AR-23-013,AR-23,23,Tucumán,13,BURRUYACU,181,MARIÑO,1884,True,True,00181,Burruyacú,2043,False
AR-23-013-182,AR-23-013,AR-23,23,Tucumán,13,BURRUYACU,182,REQUELME,71,True,True,00182,Burruyacú,86,False
AR-23-013-183,AR-23-013,AR-23,23,Tucumán,13,BURRUYACU,183,EL PUESTITO,949,True,True,00183,Burruyacú,1184,False
AR-23-013-184,AR-23-013,AR-23,23,Tucumán,13,BURRUYACU,184,CIUDAD DE BURRUYACU,4169,True,True,00184,Burruyacú,5518,False
AR-23-013-185,AR-23-013,AR-23,23,Tucumán,13,BURRUYACU,185,EL TAJAMAR,126,True,True,00185,Burruyacú,89,False
AR-23-013-186,AR-23-013,AR-23,23,Tucumán,13,BURRUYACU,186,EL CAJON,565,True,True,00186,Burruyacú,549,False
AR-23-013-187,AR-23-013,AR-23,23,Tucumán,13,BURRUYACU,187,CAÑADA DE LA CRUZ,1275,True,True,00187,Burruyacú,1360,False
AR-23-013-188,AR-23-013,AR-23,23,Tucumán,13,BURRUYACU,188,LA RAMADA,2796,True,True,00188,Burruyacú,3021,False
AR-23-013-189,AR-23-013,AR-23,23,Tucumán,13,BURRUYACU,189,LA RAMADA DE ABAJO,534,True,True,00189,Burruyacú,550,False
AR-23-013-190,AR-23-013,AR-23,23,Tucumán,13,BURRUYACU,190,7 DE ABRIL,1153,True,True,00190,Burruyacú,1433,False
AR-23-013-191,AR-23-013,AR-23,23,Tucumán,13,BURRUYACU,191,CHILCA,49,True,True,00191,Burruyacú,50,False
AR-23-013-192,AR-23-013,AR-23,23,Tucumán,13,BURRUYACU,192,PUESTO DE UNCOS,71,True,True,00192,Burruyacú,71,False
AR-23-013-193,AR-23-013,AR-23,23,Tucumán,13,BURRUYACU,193,GARMENDIA,3876,True,True,00193,Burruyacú,4274,False
AR-23-013-194,AR-23-013,AR-23,23,Tucumán,13,BURRUYACU,194,VILLA BENJAMIN ARAOZ,2248,True,True,00194,Burruyacú,2536,False
AR-23-013-195,AR-23-013,AR-23,23,Tucumán,13,BURRUYACU,195,TALA POZO,485,True,True,00195,Burruyacú,495,False
AR-23-013-196,AR-23-013,AR-23,23,Tucumán,13,BURRUYACU,196,PIEDRABUENA,2051,True,True,00196,Burruyacú,2633,False
AR-23-013-197,AR-23-013,AR-23,23,Tucumán,13,BURRUYACU,197,EL RETIRO,661,True,True,00197,Burruyacú,728,False
AR-23-014-198,AR-23-014,AR-23,23,Tucumán,14,TRANCAS,198,SAN PEDRO DE COLALAO,3343,True,True,00198,Trancas,4054,False
AR-23-014-199,AR-23-014,AR-23,23,Tucumán,14,TRANCAS,199,TACANAS,333,True,True,00199,Trancas,332,False
AR-23-014-200,AR-23-014,AR-23,23,Tucumán,14,TRANCAS,200,GONZALO,239,True,True,00200,Trancas,232,False
AR-23-014-201,AR-23-014,AR-23,23,Tucumán,14,TRANCAS,201,CIUDAD DE TRANCAS,171,True,True,00201,Trancas,224,False
AR-23-014-202,AR-23-014,AR-23,23,Tucumán,14,TRANCAS,202,ZARATE SUR,222,True,True,00202,Trancas,223,False
AR-23-014-203,AR-23-014,AR-23,23,Tucumán,14,TRANCAS,203,CHUSCHA,829,True,True,00203,Trancas,929,False
AR-23-014-204,AR-23-014,AR-23,23,Tucumán,14,TRANCAS,204,EL POTRERO,465,True,True,00204,Trancas,469,False
AR-23-014-204A,AR-23-014,AR-23,23,Tucumán,14,TRANCAS,204A,ÑORCO,82,True,True,0204A,Trancas,93,False
AR-23-014-205,AR-23-014,AR-23,23,Tucumán,14,TRANCAS,205,VIPOS,282,True,True,00205,Trancas,396,False
AR-23-014-206,AR-23-014,AR-23,23,Tucumán,14,TRANCAS,206,TAPIA,971,True,True,00206,Trancas,1362,False
AR-23-014-207,AR-23-014,AR-23,23,Tucumán,14,TRANCAS,207,CIUDAD DE TRANCAS,5373,True,True,00207,Trancas,6121,False
AR-23-014-208,AR-23-014,AR-23,23,Tucumán,14,TRANCAS,208,CIUDAD DE TRANCAS,1168,True,True,00208,Trancas,1426,False
AR-23-014-209,AR-23-014,AR-23,23,Tucumán,14,TRANCAS,209,CHOROMORO,961,True,True,00209,Trancas,990,False
AR-23-014-210,AR-23-014,AR-23,23,Tucumán,14,TRANCAS,210,CIUDAD DE TRANCAS,93,True,True,00210,Trancas,118,False
AR-23-014-211,AR-23-014,AR-23,23,Tucumán,14,TRANCAS,211,SAN VICENTE,45,True,True,00211,Trancas,50,False
AR-23-015-212,AR-23-015,AR-23,23,Tucumán,15,YERBA BUENA,212,SAN JAVIER,862,True,True,00212,Yerba Buena,797,False
AR-23-015-213,AR-23-015,AR-23,23,Tucumán,15,YERBA BUENA,213,CURVA DE LOS VEGA,12312,True,True,00213,Yerba Buena,14360,False
AR-23-015-214,AR-23-015,AR-23,23,Tucumán,15,YERBA BUENA,214,CIUDAD DE YERBA BUENA,11275,True,True,00214,Yerba Buena,12206,False
AR-23-015-215,AR-23-015,AR-23,23,Tucumán,15,YERBA BUENA,215,CIUDAD DE YERBA BUENA,7035,True,True,00215,Yerba Buena,7558,False
AR-23-015-215A,AR-23-015,AR-23,23,Tucumán,15,YERBA BUENA,215A,CIUDAD DE YERBA BUENA,12893,True,True,0215A,Yerba Buena,14793,False
AR-23-015-216,AR-23-015,AR-23,23,Tucumán,15,YERBA BUENA,216,CIUDAD DE YERBA BUENA,11354,True,True,00216,Yerba Buena,11976,False
AR-23-015-216A,AR-23-015,AR-23,23,Tucumán,15,YERBA BUENA,216A,CIUDAD DE YERBA BUENA,14944,True,True,0216A,Yerba Buena,7675,False
AR-23-016-217,AR-23-016,AR-23,23,Tucumán,16,TAFI VIEJO,217,ANCA JULI,193,True,True,00217,Tafí Viejo,216,False
AR-23-016-218,AR-23-016,AR-23,23,Tucumán,16,TAFI VIEJO,218,SAN JOSE DE CHASQUIVIL,121,True,True,00218,Tafí Viejo,122,False
AR-23-016-219,AR-23-016,AR-23,23,Tucumán,16,TAFI VIEJO,219,RACO,1531,True,True,00219,Tafí Viejo,1477,False
AR-23-016-220,AR-23-016,AR-23,23,Tucumán,16,TAFI VIEJO,220,ANFAMA,130,True,True,00220,Tafí Viejo,135,False
AR-23-016-221,AR-23-016,AR-23,23,Tucumán,16,TAFI VIEJO,221,EL SIAMBON,835,True,True,00221,Tafí Viejo,852,False
AR-23-016-222,AR-23-016,AR-23,23,Tucumán,16,TAFI VIEJO,222,LA ESPERANZA,609,True,True,00222,Tafí Viejo,953,False
AR-23-016-223,AR-23-016,AR-23,23,Tucumán,16,TAFI VIEJO,223,CIUDAD DE TAFI VIEJO,9280,True,True,00223,Tafí Viejo,9910,False
AR-23-016-223A,AR-23-016,AR-23,23,Tucumán,16,TAFI VIEJO,223A,CIUDAD DE TAFI VIEJO,8416,True,True,0223A,Tafí Viejo,8769,False
AR-23-016-223B,AR-23-016,AR-23,23,Tucumán,16,TAFI VIEJO,223B,CIUDAD DE TAFI VIEJO,6976,True,True,0223B,Tafí Viejo,7475,False
AR-23-016-224,AR-23-016,AR-23,23,Tucumán,16,TAFI VIEJO,224,CIUDAD DE TAFI VIEJO,9604,True,True,00224,Tafí Viejo,10876,False
AR-23-016-225,AR-23-016,AR-23,23,Tucumán,16,TAFI VIEJO,225,EL CADILLAL,1348,True,True,00225,Tafí Viejo,2032,False
AR-23-016-226,AR-23-016,AR-23,23,Tucumán,16,TAFI VIEJO,226,LOS NOGALES,4250,True,True,00226,Tafí Viejo,4824,False
AR-23-016-227,AR-23-016,AR-23,23,Tucumán,16,TAFI VIEJO,227,CIUDAD DE TAFI VIEJO,7661,True,True,00227,Tafí Viejo,9283,False
AR-23-016-227A,AR-23-016,AR-23,23,Tucumán,16,TAFI VIEJO,227A,CIUDAD DE TAFI VIEJO,10369,True,True,0227A,Tafí Viejo,13503,False
AR-23-016-228,AR-23-016,AR-23,23,Tucumán,16,TAFI VIEJO,228,CIUDAD DE LAS TALITAS,23584,True,True,00228,Tafí Viejo,20849,False
AR-23-016-228A,AR-23-016,AR-23,23,Tucumán,16,TAFI VIEJO,228A,CIUDAD DE LAS TALITAS,14941,True,True,0228A,Tafí Viejo,11801,False
AR-23-016-229,AR-23-016,AR-23,23,Tucumán,16,TAFI VIEJO,229,CIUDAD DE LAS TALITAS,9661,True,True,00229,Tafí Viejo,10889,False
AR-23-017-230,AR-23-017,AR-23,23,Tucumán,17,TAFI DEL VALLE,230,COLALAO DEL VALLE,866,True,True,00230,Tafí del Valle,972,False
AR-23-017-231,AR-23-017,AR-23,23,Tucumán,17,TAFI DEL VALLE,231,QUILMES,419,True,True,00231,Tafí del Valle,400,False
AR-23-017-232,AR-23-017,AR-23,23,Tucumán,17,TAFI DEL VALLE,232,AMAICHA DEL VALLE,2652,True,True,00232,Tafí del Valle,3096,False
AR-23-017-233,AR-23-017,AR-23,23,Tucumán,17,TAFI DEL VALLE,233,CIUDAD DE TAFI DEL VALLE,6230,True,True,00233,Tafí del Valle,8276,False
AR-23-017-234,AR-23-017,AR-23,23,Tucumán,17,TAFI DEL VALLE,234,EL MOLLAR,3269,True,True,00234,Tafí del Valle,3622,False
AR-24-001-U1,AR-24-001,AR-24,24,Tierra del Fuego,1,USHUAIA,U1,U1,3326,True,,,,,
AR-24-001-U10,AR-24-001,AR-24,24,Tierra del Fuego,1,USHUAIA,U10,U10,2444,True,,,,,
AR-24-001-U11,AR-24-001,AR-24,24,Tierra del Fuego,1,USHUAIA,U11,U11,6072,True,,,,,
AR-24-001-U12,AR-24-001,AR-24,24,Tierra del Fuego,1,USHUAIA,U12,U12,2090,True,,,,,
AR-24-001-U13,AR-24-001,AR-24,24,Tierra del Fuego,1,USHUAIA,U13,U13,3595,True,,,,,
AR-24-001-U14,AR-24-001,AR-24,24,Tierra del Fuego,1,USHUAIA,U14,U14,90,True,,,,,
AR-24-001-U15,AR-24-001,AR-24,24,Tierra del Fuego,1,USHUAIA,U15,U15,16,True,,,,,
AR-24-001-U16,AR-24-001,AR-24,24,Tierra del Fuego,1,USHUAIA,U16,U16,40,True,,,,,
AR-24-001-U2,AR-24-001,AR-24,24,Tierra del Fuego,1,USHUAIA,U2,U2,4277,True,,,,,
AR-24-001-U3,AR-24-001,AR-24,24,Tierra del Fuego,1,USHUAIA,U3,U3,5909,True,,,,,
AR-24-001-U4,AR-24-001,AR-24,24,Tierra del Fuego,1,USHUAIA,U4,U4,7863,True,,,,,
AR-24-001-U5,AR-24-001,AR-24,24,Tierra del Fuego,1,USHUAIA,U5,U5,7136,True,,,,,
AR-24-001-U6,AR-24-001,AR-24,24,Tierra del Fuego,1,USHUAIA,U6,U6,5934,True,,,,,
AR-24-001-U7,AR-24-001,AR-24,24,Tierra del Fuego,1,USHUAIA,U7,U7,3207,True,,,,,
AR-24-001-U8,AR-24-001,AR-24,24,Tierra del Fuego,1,USHUAIA,U8,U8,3365,True,,,,,
AR-24-001-U9,AR-24-001,AR-24,24,Tierra del Fuego,1,USHUAIA,U9,U9,2697,True,,,,,
AR-24-002-10,AR-24-002,AR-24,24,Tierra del Fuego,2,RIO GRANDE,10,10,18937,True,,,,,
AR-24-002-11,AR-24-002,AR-24,24,Tierra del Fuego,2,RIO GRANDE,11,11,2812,True,,,,,
AR-24-002-12,AR-24-002,AR-24,24,Tierra del Fuego,2,RIO GRANDE,12,12,4334,True,,,,,
AR-24-002-13,AR-24-002,AR-24,24,Tierra del Fuego,2,RIO GRANDE,13,13,7199,True,,,,,
AR-24-002-14,AR-24-002,AR-24,24,Tierra del Fuego,2,RIO GRANDE,14,14,11810,True,,,,,
AR-24-002-15,AR-24-002,AR-24,24,Tierra del Fuego,2,RIO GRANDE,15,15,391,True,,,,,
AR-24-002-16,AR-24-002,AR-24,24,Tierra del Fuego,2,RIO GRANDE,16,16,43,True,,,,,
AR-24-002-17,AR-24-002,AR-24,24,Tierra del Fuego,2,RIO GRANDE,17,17,25,True,,,,,
AR-24-002-18,AR-24-002,AR-24,24,Tierra del Fuego,2,RIO GRANDE,18,18,21,True,,,,,
AR-24-002-19,AR-24-002,AR-24,24,Tierra del Fuego,2,RIO GRANDE,19,19,12,True,,,,,
AR-24-002-20,AR-24-002,AR-24,24,Tierra del Fuego,2,RIO GRANDE,20,20,11,True,,,,,
AR-24-002-21,AR-24-002,AR-24,24,Tierra del Fuego,2,RIO GRANDE,21,21,4191,True,,,,,
AR-24-002-8,AR-24-002,AR-24,24,Tierra del Fuego,2,RIO GRANDE,8,8,17551,True,,,,,
AR-24-002-9,AR-24-002,AR-24,24,Tierra del Fuego,2,RIO GRANDE,9,9,7258,True,,,,,
AR-24-003-22,AR-24-003,AR-24,24,Tierra del Fuego,3,ANTARTIDA,22,22,30,True,,,,,
AR-24-003-23,AR-24-003,AR-24,24,Tierra del Fuego,3,ANTARTIDA,23,23,69,True,,,,,
AR-24-003-24,AR-24-003,AR-24,24,Tierra del Fuego,3,ANTARTIDA,24,24,76,True,,,,,
AR-24-003-25,AR-24-003,AR-24,24,Tierra del Fuego,3,ANTARTIDA,25,25,31,True,,,,,
AR-24-003-27,AR-24-003,AR-24,24,Tierra del Fuego,3,ANTARTIDA,27,27,37,True,,,,,
AR-24-003-28,AR-24-003,AR-24,24,Tierra del Fuego,3,ANTARTIDA,28,28,20,True,,,,,
AR-24-003-29,AR-24-003,AR-24,24,Tierra del Fuego,3,ANTARTIDA,29,29,1,True,,,,,
AR-24-003-32,AR-24-003,AR-24,24,Tierra del Fuego,3,ANTARTIDA,32,32,4,True,,,,,
